run_id,panel,task,method,seed,family,b,r,u,scale,scale_source,status,mode,gp_anchor_used
29f0590d55d69e9026fe,tools,bbob_f02_d10,GP,2,BBOB,-1912593.479422281,-8344.8101420032,87.89,,,valid,bounded_gp_piecewise,True
1e330d87bf442146874a,tools,bbob_f02_d10,T0,2,BBOB,-1912593.479422281,-8344.8101420032,87.89,,,valid,bounded_gp_piecewise,True
23b6d80a0bdd53fa4e66,tools,bbob_f02_d10,T1,2,BBOB,-1912593.479422281,-8344.8101420032,87.89,,,valid,bounded_gp_piecewise,True
10d0ee5735fa12c9d495,tools,bbob_f02_d10,T4,2,BBOB,-1912593.479422281,-8344.8101420032,87.89,,,valid,bounded_gp_piecewise,True
a54d7a65f5a7fc9d3392,tools,bbob_f02_d10,GP,3,BBOB,-1980297.3222938296,-6673.451121820796,209.88,,,valid,bounded_gp_piecewise,True
9754becc8bba62b83561,tools,bbob_f02_d10,T0,3,BBOB,-1980297.3222938296,-6673.451121820796,209.88,,,valid,bounded_gp_piecewise,True
eedd84caae84c7f9409b,tools,bbob_f02_d10,T1,3,BBOB,-1980297.3222938296,-6673.451121820796,209.88,,,valid,bounded_gp_piecewise,True
975a8d30f97c7aa831af,tools,bbob_f02_d10,T4,3,BBOB,-1980297.3222938296,-6673.451121820796,209.88,,,valid,bounded_gp_piecewise,True
fac46bb52f5ed63f9447,tools,bbob_f02_d10,GP,4,BBOB,-624877.3112992622,-13392.348208936086,92.09,,,valid,bounded_gp_piecewise,True
cdf37340cbfd05ab4362,tools,bbob_f02_d10,T0,4,BBOB,-624877.3112992622,-13392.348208936086,92.09,,,valid,bounded_gp_piecewise,True
4f4443d560e13d710844,tools,bbob_f02_d10,T1,4,BBOB,-624877.3112992622,-13392.348208936086,92.09,,,valid,bounded_gp_piecewise,True
b50c2e7c5fb7a77bfaef,tools,bbob_f02_d10,T4,4,BBOB,-624877.3112992622,-13392.348208936086,92.09,,,valid,bounded_gp_piecewise,True
f280bd037808a3401797,tools,bbob_f02_d10,GP,5,BBOB,-1214391.7933118527,-13976.024333793624,87.89,,,valid,bounded_gp_piecewise,True
a663b3f300a862a0dd38,tools,bbob_f02_d10,T0,5,BBOB,-1214391.7933118527,-13976.024333793624,87.89,,,valid,bounded_gp_piecewise,True
12461c3d40f6e972db6e,tools,bbob_f02_d10,T1,5,BBOB,-1214391.7933118527,-13976.024333793624,87.89,,,valid,bounded_gp_piecewise,True
a57df60b8dab56d62600,tools,bbob_f02_d10,T4,5,BBOB,-1214391.7933118527,-13976.024333793624,87.89,,,valid,bounded_gp_piecewise,True
90a7ad9a490fd5ed771a,tools,bbob_f15_d10,GP,2,BBOB,-443.37238541667534,-69.94332087559135,48.22,,,valid,bounded_gp_piecewise,True
76c1acc4dddffdb37ab9,tools,bbob_f15_d10,T0,2,BBOB,-443.37238541667534,-69.94332087559135,48.22,,,valid,bounded_gp_piecewise,True
899521cf232ea0b5d3f0,tools,bbob_f15_d10,T1,2,BBOB,-443.37238541667534,-69.94332087559135,48.22,,,valid,bounded_gp_piecewise,True
6dbc47a3577f14f82f03,tools,bbob_f15_d10,T4,2,BBOB,-443.37238541667534,-69.94332087559135,48.22,,,valid,bounded_gp_piecewise,True
3b0a880c8fc5db85bc82,tools,bbob_f15_d10,GP,3,BBOB,-1450.1047224323365,-1095.0741815341255,-1000.0,,,valid,bounded_gp_piecewise,True
72f42e83488aa1861868,tools,bbob_f15_d10,T0,3,BBOB,-1450.1047224323365,-1095.0741815341255,-1000.0,,,valid,bounded_gp_piecewise,True
79aff332330ef8109633,tools,bbob_f15_d10,T1,3,BBOB,-1450.1047224323365,-1095.0741815341255,-1000.0,,,valid,bounded_gp_piecewise,True
5226dce6d063f4114595,tools,bbob_f15_d10,T4,3,BBOB,-1450.1047224323365,-1095.0741815341255,-1000.0,,,valid,bounded_gp_piecewise,True
a64c1782ba7590774acd,tools,bbob_f15_d10,GP,4,BBOB,-296.4525291900849,-178.14897236116622,-70.03,,,valid,bounded_gp_piecewise,True
347e4dd059c4ab47090b,tools,bbob_f15_d10,T0,4,BBOB,-296.4525291900849,-178.14897236116622,-70.03,,,valid,bounded_gp_piecewise,True
16dfb26f32fce9db22ce,tools,bbob_f15_d10,T1,4,BBOB,-296.4525291900849,-178.14897236116622,-70.03,,,valid,bounded_gp_piecewise,True
076cab9c658324173fde,tools,bbob_f15_d10,T4,4,BBOB,-296.4525291900849,-178.14897236116622,-70.03,,,valid,bounded_gp_piecewise,True
c2fea0dab0a35df68916,tools,bbob_f15_d10,GP,5,BBOB,-284.14995024125915,-44.216929090681575,48.22,,,valid,bounded_gp_piecewise,True
261cca97a228c8c9f437,tools,bbob_f15_d10,T0,5,BBOB,-284.14995024125915,-44.216929090681575,48.22,,,valid,bounded_gp_piecewise,True
aa300f4d75b1ec7f431c,tools,bbob_f15_d10,T1,5,BBOB,-284.14995024125915,-44.216929090681575,48.22,,,valid,bounded_gp_piecewise,True
6c06011588a1ab306793,tools,bbob_f15_d10,T4,5,BBOB,-284.14995024125915,-44.216929090681575,48.22,,,valid,bounded_gp_piecewise,True
9ce421fe4959418a582f,tools,hpo_bayesmark_breast_svm,GP,2,HPO,-0.05934065934065935,-0.05934065934065935,,0.00219780219780219,shared_initialization_IQR,valid,no_gp_gain_initialization_exponential,False
a99722f397a826470c5b,tools,hpo_bayesmark_breast_svm,T0,2,HPO,-0.05934065934065935,-0.05934065934065935,,0.00219780219780219,shared_initialization_IQR,valid,no_gp_gain_initialization_exponential,False
5a825d82ca3f620ef0eb,tools,hpo_bayesmark_breast_svm,T1,2,HPO,-0.05934065934065935,-0.05934065934065935,,0.00219780219780219,shared_initialization_IQR,valid,no_gp_gain_initialization_exponential,False
15a422b426068f924c88,tools,hpo_bayesmark_breast_svm,T4,2,HPO,-0.05934065934065935,-0.05934065934065935,,0.00219780219780219,shared_initialization_IQR,valid,no_gp_gain_initialization_exponential,False
ea44ed5b3c3acf5bb5e5,tools,hpo_bayesmark_breast_svm,GP,3,HPO,-0.05714285714285716,-0.05714285714285716,,0.01098901098901095,shared_initialization_IQR,valid,no_gp_gain_initialization_exponential,False
3932189441ac6a07839c,tools,hpo_bayesmark_breast_svm,T0,3,HPO,-0.05714285714285716,-0.05714285714285716,,0.01098901098901095,shared_initialization_IQR,valid,no_gp_gain_initialization_exponential,False
8f12f8623fc9b1efb337,tools,hpo_bayesmark_breast_svm,T1,3,HPO,-0.05714285714285716,-0.05714285714285716,,0.01098901098901095,shared_initialization_IQR,valid,no_gp_gain_initialization_exponential,False
1b7d9a907090474746cd,tools,hpo_bayesmark_breast_svm,T4,3,HPO,-0.05714285714285716,-0.05714285714285716,,0.01098901098901095,shared_initialization_IQR,valid,no_gp_gain_initialization_exponential,False
62cddcd380060624d93c,tools,hpo_bayesmark_breast_svm,GP,4,HPO,-0.06813186813186811,-0.05934065934065935,,0.00879120879120876,matched_gp_improvement,valid,gp_linear_smooth_exponential_tail,True
d9dc1f751c81c6addf8a,tools,hpo_bayesmark_breast_svm,T0,4,HPO,-0.06813186813186811,-0.05934065934065935,,0.00879120879120876,matched_gp_improvement,valid,gp_linear_smooth_exponential_tail,True
58ac5907f64bc3792c35,tools,hpo_bayesmark_breast_svm,T1,4,HPO,-0.06813186813186811,-0.05934065934065935,,0.00879120879120876,matched_gp_improvement,valid,gp_linear_smooth_exponential_tail,True
b8e3fe56ad11cf5f9b55,tools,hpo_bayesmark_breast_svm,T4,4,HPO,-0.06813186813186811,-0.05934065934065935,,0.00879120879120876,matched_gp_improvement,valid,gp_linear_smooth_exponential_tail,True
6ede16ac3c93e77d1005,tools,hpo_bayesmark_breast_svm,GP,5,HPO,-0.05934065934065935,-0.05494505494505497,,0.00439560439560438,matched_gp_improvement,valid,gp_linear_smooth_exponential_tail,True
8d59524a25324c47f162,tools,hpo_bayesmark_breast_svm,T0,5,HPO,-0.05934065934065935,-0.05494505494505497,,0.00439560439560438,matched_gp_improvement,valid,gp_linear_smooth_exponential_tail,True
773c86ebdb9469a3523b,tools,hpo_bayesmark_breast_svm,T1,5,HPO,-0.05934065934065935,-0.05494505494505497,,0.00439560439560438,matched_gp_improvement,valid,gp_linear_smooth_exponential_tail,True
640ea7887c55ace34a3e,tools,hpo_bayesmark_breast_svm,T4,5,HPO,-0.05934065934065935,-0.05494505494505497,,0.00439560439560438,matched_gp_improvement,valid,gp_linear_smooth_exponential_tail,True
b3626131261ce21968c2,tools,hpo_bayesmark_diabetes_random_forest,GP,2,HPO,-0.844515286074131,-0.5169804310135063,,0.32753485506062463,matched_gp_improvement,valid,gp_linear_smooth_exponential_tail,True
16146c2aa8d720c4b454,tools,hpo_bayesmark_diabetes_random_forest,T0,2,HPO,-0.844515286074131,-0.5169804310135063,,0.32753485506062463,matched_gp_improvement,valid,gp_linear_smooth_exponential_tail,True
1c5e35dcbca95db3ee83,tools,hpo_bayesmark_diabetes_random_forest,T1,2,HPO,-0.844515286074131,-0.5169804310135063,,0.32753485506062463,matched_gp_improvement,valid,gp_linear_smooth_exponential_tail,True
fb0a6985eb9668e0f1cd,tools,hpo_bayesmark_diabetes_random_forest,T4,2,HPO,-0.844515286074131,-0.5169804310135063,,0.32753485506062463,matched_gp_improvement,valid,gp_linear_smooth_exponential_tail,True
2a988b08668e8d150590,tools,hpo_bayesmark_diabetes_random_forest,GP,3,HPO,-0.7484068766924775,-0.5169804310135063,,0.2314264456789712,matched_gp_improvement,valid,gp_linear_smooth_exponential_tail,True
1e7ab177188cb0f90a12,tools,hpo_bayesmark_diabetes_random_forest,T0,3,HPO,-0.7484068766924775,-0.5169804310135063,,0.2314264456789712,matched_gp_improvement,valid,gp_linear_smooth_exponential_tail,True
867683dd43bfb49303c2,tools,hpo_bayesmark_diabetes_random_forest,T1,3,HPO,-0.7484068766924775,-0.5169804310135063,,0.2314264456789712,matched_gp_improvement,valid,gp_linear_smooth_exponential_tail,True
01aa3da957027a13d6d6,tools,hpo_bayesmark_diabetes_random_forest,T4,3,HPO,-0.7484068766924775,-0.5169804310135063,,0.2314264456789712,matched_gp_improvement,valid,gp_linear_smooth_exponential_tail,True
36ec67dde72425df2e76,tools,hpo_bayesmark_diabetes_random_forest,GP,4,HPO,-0.5898489758774736,-0.5164917214982737,,0.07335725437919993,matched_gp_improvement,valid,gp_linear_smooth_exponential_tail,True
5e5724198420d530ca05,tools,hpo_bayesmark_diabetes_random_forest,T0,4,HPO,-0.5898489758774736,-0.5164917214982737,,0.07335725437919993,matched_gp_improvement,valid,gp_linear_smooth_exponential_tail,True
f31e3930a1ebc00a2448,tools,hpo_bayesmark_diabetes_random_forest,T1,4,HPO,-0.5898489758774736,-0.5164917214982737,,0.07335725437919993,matched_gp_improvement,valid,gp_linear_smooth_exponential_tail,True
774d2f90534e6b8c1492,tools,hpo_bayesmark_diabetes_random_forest,T4,4,HPO,-0.5898489758774736,-0.5164917214982737,,0.07335725437919993,matched_gp_improvement,valid,gp_linear_smooth_exponential_tail,True
5726347db48e78d8c022,tools,hpo_bayesmark_diabetes_random_forest,GP,5,HPO,-0.8802797649611508,-0.5416109561112767,,0.33866880884987405,matched_gp_improvement,valid,gp_linear_smooth_exponential_tail,True
0c66dd9ef0d12a09ab5a,tools,hpo_bayesmark_diabetes_random_forest,T0,5,HPO,-0.8802797649611508,-0.5416109561112767,,0.33866880884987405,matched_gp_improvement,valid,gp_linear_smooth_exponential_tail,True
4eb0a401804e7d189b8e,tools,hpo_bayesmark_diabetes_random_forest,T1,5,HPO,-0.8802797649611508,-0.5416109561112767,,0.33866880884987405,matched_gp_improvement,valid,gp_linear_smooth_exponential_tail,True
572197362e1467627ab1,tools,hpo_bayesmark_diabetes_random_forest,T4,5,HPO,-0.8802797649611508,-0.5416109561112767,,0.33866880884987405,matched_gp_improvement,valid,gp_linear_smooth_exponential_tail,True
2294c8c717d233a65fbd,tools,knob_http_surrogate_pg_5,GP,2,DBTune,-30.85887350000002,-30.001452166666674,,0.8574213333333454,matched_gp_improvement,valid,gp_linear_smooth_exponential_tail,True
34bc294adb2abb6e68ef,tools,knob_http_surrogate_pg_5,T0,2,DBTune,-30.85887350000002,-30.001452166666674,,0.8574213333333454,matched_gp_improvement,valid,gp_linear_smooth_exponential_tail,True
9b4f0bbff63a8e0e0340,tools,knob_http_surrogate_pg_5,T1,2,DBTune,-30.85887350000002,-30.001452166666674,,0.8574213333333454,matched_gp_improvement,valid,gp_linear_smooth_exponential_tail,True
e5a7459dd7b17acc1605,tools,knob_http_surrogate_pg_5,T4,2,DBTune,-30.85887350000002,-30.001452166666674,,0.8574213333333454,matched_gp_improvement,valid,gp_linear_smooth_exponential_tail,True
9d5ee29b3f5249ba523c,tools,knob_http_surrogate_pg_5,GP,3,DBTune,-36.85804599999999,-29.83624349999999,,7.021802499999996,matched_gp_improvement,valid,gp_linear_smooth_exponential_tail,True
f39483a0b09f8faba525,tools,knob_http_surrogate_pg_5,T0,3,DBTune,-36.85804599999999,-29.83624349999999,,7.021802499999996,matched_gp_improvement,valid,gp_linear_smooth_exponential_tail,True
d6345c959c178196c493,tools,knob_http_surrogate_pg_5,T1,3,DBTune,-36.85804599999999,-29.83624349999999,,7.021802499999996,matched_gp_improvement,valid,gp_linear_smooth_exponential_tail,True
4e462e5742636a00db24,tools,knob_http_surrogate_pg_5,T4,3,DBTune,-36.85804599999999,-29.83624349999999,,7.021802499999996,matched_gp_improvement,valid,gp_linear_smooth_exponential_tail,True
17de1b6c5629d5e4df27,tools,knob_http_surrogate_pg_5,GP,4,DBTune,-32.40261499999999,-30.51815500000003,,1.8844599999999616,matched_gp_improvement,valid,gp_linear_smooth_exponential_tail,True
30040c194b73e204c14f,tools,knob_http_surrogate_pg_5,T0,4,DBTune,-32.40261499999999,-30.51815500000003,,1.8844599999999616,matched_gp_improvement,valid,gp_linear_smooth_exponential_tail,True
884bfbe0a713b9c23a48,tools,knob_http_surrogate_pg_5,T1,4,DBTune,-32.40261499999999,-30.51815500000003,,1.8844599999999616,matched_gp_improvement,valid,gp_linear_smooth_exponential_tail,True
6beb293d025fa06d1795,tools,knob_http_surrogate_pg_5,T4,4,DBTune,-32.40261499999999,-30.51815500000003,,1.8844599999999616,matched_gp_improvement,valid,gp_linear_smooth_exponential_tail,True
b42ff52b5c585724b5a4,tools,knob_http_surrogate_pg_5,GP,5,DBTune,-31.504816,-29.571791500000014,,1.9330244999999877,matched_gp_improvement,valid,gp_linear_smooth_exponential_tail,True
fdf69ad66c19763726a3,tools,knob_http_surrogate_pg_5,T0,5,DBTune,-31.504816,-29.571791500000014,,1.9330244999999877,matched_gp_improvement,valid,gp_linear_smooth_exponential_tail,True
72761d3dddf50eb73d6a,tools,knob_http_surrogate_pg_5,T1,5,DBTune,-31.504816,-29.571791500000014,,1.9330244999999877,matched_gp_improvement,valid,gp_linear_smooth_exponential_tail,True
3b829e3a4665157341d6,tools,knob_http_surrogate_pg_5,T4,5,DBTune,-31.504816,-29.571791500000014,,1.9330244999999877,matched_gp_improvement,valid,gp_linear_smooth_exponential_tail,True
6f01d599b97117342bf3,tools,knob_http_surrogate_sysbench_5,GP,2,DBTune,362.6538589226556,387.40303646184066,,24.74917753918504,matched_gp_improvement,valid,gp_linear_smooth_exponential_tail,True
9e9be159733a356b4a39,tools,knob_http_surrogate_sysbench_5,T0,2,DBTune,362.6538589226556,387.40303646184066,,24.74917753918504,matched_gp_improvement,valid,gp_linear_smooth_exponential_tail,True
2be6274dfb1a7369dd9a,tools,knob_http_surrogate_sysbench_5,T1,2,DBTune,362.6538589226556,387.40303646184066,,24.74917753918504,matched_gp_improvement,valid,gp_linear_smooth_exponential_tail,True
673038ad7bd7a39ce227,tools,knob_http_surrogate_sysbench_5,T4,2,DBTune,362.6538589226556,387.40303646184066,,24.74917753918504,matched_gp_improvement,valid,gp_linear_smooth_exponential_tail,True
58b1dd13cf789da69f01,tools,knob_http_surrogate_sysbench_5,GP,3,DBTune,352.4350924987192,377.1253772823432,,24.69028478362401,matched_gp_improvement,valid,gp_linear_smooth_exponential_tail,True
a2934f0d4376ba2f4158,tools,knob_http_surrogate_sysbench_5,T0,3,DBTune,352.4350924987192,377.1253772823432,,24.69028478362401,matched_gp_improvement,valid,gp_linear_smooth_exponential_tail,True
ad1e95b941188c57a609,tools,knob_http_surrogate_sysbench_5,T1,3,DBTune,352.4350924987192,377.1253772823432,,24.69028478362401,matched_gp_improvement,valid,gp_linear_smooth_exponential_tail,True
d12c11eb2c5072e9dfcd,tools,knob_http_surrogate_sysbench_5,T4,3,DBTune,352.4350924987192,377.1253772823432,,24.69028478362401,matched_gp_improvement,valid,gp_linear_smooth_exponential_tail,True
b05f523a1e8076336f9e,tools,knob_http_surrogate_sysbench_5,GP,4,DBTune,372.24886971189545,378.9629724327924,,6.71410272089696,matched_gp_improvement,valid,gp_linear_smooth_exponential_tail,True
9d59c40bb971e8c394e3,tools,knob_http_surrogate_sysbench_5,T0,4,DBTune,372.24886971189545,378.9629724327924,,6.71410272089696,matched_gp_improvement,valid,gp_linear_smooth_exponential_tail,True
3eb32aa6b8edc2d5f990,tools,knob_http_surrogate_sysbench_5,T1,4,DBTune,372.24886971189545,378.9629724327924,,6.71410272089696,matched_gp_improvement,valid,gp_linear_smooth_exponential_tail,True
2dbdbc459ab75ca201dd,tools,knob_http_surrogate_sysbench_5,T4,4,DBTune,372.24886971189545,378.9629724327924,,6.71410272089696,matched_gp_improvement,valid,gp_linear_smooth_exponential_tail,True
4ea1a33a54e3bee04071,tools,knob_http_surrogate_sysbench_5,GP,5,DBTune,372.00970827302496,378.13332541899234,,6.123617145967387,matched_gp_improvement,valid,gp_linear_smooth_exponential_tail,True
708b72deb62f4c24450d,tools,knob_http_surrogate_sysbench_5,T0,5,DBTune,372.00970827302496,378.13332541899234,,6.123617145967387,matched_gp_improvement,valid,gp_linear_smooth_exponential_tail,True
4546fa6f39fd7ff6850e,tools,knob_http_surrogate_sysbench_5,T1,5,DBTune,372.00970827302496,378.13332541899234,,6.123617145967387,matched_gp_improvement,valid,gp_linear_smooth_exponential_tail,True
ed298f951b14a1a632d8,tools,knob_http_surrogate_sysbench_5,T4,5,DBTune,372.00970827302496,378.13332541899234,,6.123617145967387,matched_gp_improvement,valid,gp_linear_smooth_exponential_tail,True
bb769d18eb7bb61044dd,tools,bboplace_adaptec1_n32,GP,2,BBOPlace,-1777291.375,-1245040.732142856,,532250.6428571439,matched_gp_improvement,valid,gp_linear_smooth_exponential_tail,True
bee322ffc024ced4584d,tools,bboplace_adaptec1_n32,T0,2,BBOPlace,-1777291.375,-1245040.732142856,,532250.6428571439,matched_gp_improvement,valid,gp_linear_smooth_exponential_tail,True
90135adc708157b4cc32,tools,bboplace_adaptec1_n32,T1,2,BBOPlace,-1777291.375,-1245040.732142856,,532250.6428571439,matched_gp_improvement,valid,gp_linear_smooth_exponential_tail,True
8805a102cc85d9ad5377,tools,bboplace_adaptec1_n32,T4,2,BBOPlace,-1777291.375,-1245040.732142856,,532250.6428571439,matched_gp_improvement,valid,gp_linear_smooth_exponential_tail,True
3393dd3e6d26dc9bc2c3,tools,bboplace_adaptec1_n32,GP,3,BBOPlace,-1728078.125000003,-1176681.6785714286,,551396.4464285744,matched_gp_improvement,valid,gp_linear_smooth_exponential_tail,True
b2f74bc849cd5e8add57,tools,bboplace_adaptec1_n32,T0,3,BBOPlace,-1728078.125000003,-1176681.6785714286,,551396.4464285744,matched_gp_improvement,valid,gp_linear_smooth_exponential_tail,True
a2388f382e4fe5d941a0,tools,bboplace_adaptec1_n32,T1,3,BBOPlace,-1728078.125000003,-1176681.6785714286,,551396.4464285744,matched_gp_improvement,valid,gp_linear_smooth_exponential_tail,True
8cc4ef5c70d6c013dd2e,tools,bboplace_adaptec1_n32,T4,3,BBOPlace,-1728078.125000003,-1176681.6785714286,,551396.4464285744,matched_gp_improvement,valid,gp_linear_smooth_exponential_tail,True
1515b8baefc5e3e5b854,tools,bboplace_adaptec1_n32,GP,4,BBOPlace,-1981787.339285721,-1151065.6785714275,,830721.6607142936,matched_gp_improvement,valid,gp_linear_smooth_exponential_tail,True
d327acc9b5a0dde7989c,tools,bboplace_adaptec1_n32,T0,4,BBOPlace,-1981787.339285721,-1151065.6785714275,,830721.6607142936,matched_gp_improvement,valid,gp_linear_smooth_exponential_tail,True
79cea2dafb29cae58024,tools,bboplace_adaptec1_n32,T1,4,BBOPlace,-1981787.339285721,-1151065.6785714275,,830721.6607142936,matched_gp_improvement,valid,gp_linear_smooth_exponential_tail,True
45806577786f4baf6551,tools,bboplace_adaptec1_n32,T4,4,BBOPlace,-1981787.339285721,-1151065.6785714275,,830721.6607142936,matched_gp_improvement,valid,gp_linear_smooth_exponential_tail,True
30d7b54972437f1772a0,tools,bboplace_adaptec1_n32,GP,5,BBOPlace,-1792077.5535714293,-1084944.80357143,,707132.7499999993,matched_gp_improvement,valid,gp_linear_smooth_exponential_tail,True
d63a6f085dfad7b26831,tools,bboplace_adaptec1_n32,T0,5,BBOPlace,-1792077.5535714293,-1084944.80357143,,707132.7499999993,matched_gp_improvement,valid,gp_linear_smooth_exponential_tail,True
386cde21ce706b0af8e1,tools,bboplace_adaptec1_n32,T1,5,BBOPlace,-1792077.5535714293,-1084944.80357143,,707132.7499999993,matched_gp_improvement,valid,gp_linear_smooth_exponential_tail,True
6e4a7d089a7a02d9dae7,tools,bboplace_adaptec1_n32,T4,5,BBOPlace,-1792077.5535714293,-1084944.80357143,,707132.7499999993,matched_gp_improvement,valid,gp_linear_smooth_exponential_tail,True
53aa6ecc8d0e522fdc9b,tools,bboplace_bigblue1_n32,GP,2,BBOPlace,-1000212.4464285712,-437682.1428571442,,562530.303571427,matched_gp_improvement,valid,gp_linear_smooth_exponential_tail,True
5e7415598630152786fa,tools,bboplace_bigblue1_n32,T0,2,BBOPlace,-1000212.4464285712,-437682.1428571442,,562530.303571427,matched_gp_improvement,valid,gp_linear_smooth_exponential_tail,True
4ecda2d594f7e1ec8293,tools,bboplace_bigblue1_n32,T1,2,BBOPlace,-1000212.4464285712,-437682.1428571442,,562530.303571427,matched_gp_improvement,valid,gp_linear_smooth_exponential_tail,True
3736b5eede3d5e476d32,tools,bboplace_bigblue1_n32,T4,2,BBOPlace,-1000212.4464285712,-437682.1428571442,,562530.303571427,matched_gp_improvement,valid,gp_linear_smooth_exponential_tail,True
29cfc1126c6679f001b9,tools,bboplace_bigblue1_n32,GP,3,BBOPlace,-1275679.249999991,-382258.10714285815,,893421.1428571327,matched_gp_improvement,valid,gp_linear_smooth_exponential_tail,True
b1db410113e9fe844983,tools,bboplace_bigblue1_n32,T0,3,BBOPlace,-1275679.249999991,-382258.10714285815,,893421.1428571327,matched_gp_improvement,valid,gp_linear_smooth_exponential_tail,True
99f18c49117eb9e7b2ad,tools,bboplace_bigblue1_n32,T1,3,BBOPlace,-1275679.249999991,-382258.10714285815,,893421.1428571327,matched_gp_improvement,valid,gp_linear_smooth_exponential_tail,True
b655328bdb38f317817c,tools,bboplace_bigblue1_n32,T4,3,BBOPlace,-1275679.249999991,-382258.10714285815,,893421.1428571327,matched_gp_improvement,valid,gp_linear_smooth_exponential_tail,True
22dd5543bef77aa7802f,tools,bboplace_bigblue1_n32,GP,4,BBOPlace,-795829.9821428616,-473377.5178571426,,322452.464285719,matched_gp_improvement,valid,gp_linear_smooth_exponential_tail,True
94445ecbf1c0a83db4c4,tools,bboplace_bigblue1_n32,T0,4,BBOPlace,-795829.9821428616,-473377.5178571426,,322452.464285719,matched_gp_improvement,valid,gp_linear_smooth_exponential_tail,True
459c25bd7068abe6fbf1,tools,bboplace_bigblue1_n32,T1,4,BBOPlace,-795829.9821428616,-473377.5178571426,,322452.464285719,matched_gp_improvement,valid,gp_linear_smooth_exponential_tail,True
984ffb04ea9e1db7976b,tools,bboplace_bigblue1_n32,T4,4,BBOPlace,-795829.9821428616,-473377.5178571426,,322452.464285719,matched_gp_improvement,valid,gp_linear_smooth_exponential_tail,True
0d68680a02b11b8c0bb9,tools,bboplace_bigblue1_n32,GP,5,BBOPlace,-1076061.3571428582,-465463.55357142736,,610597.8035714308,matched_gp_improvement,valid,gp_linear_smooth_exponential_tail,True
8b37319bba115ecc1358,tools,bboplace_bigblue1_n32,T0,5,BBOPlace,-1076061.3571428582,-465463.55357142736,,610597.8035714308,matched_gp_improvement,valid,gp_linear_smooth_exponential_tail,True
74fe2e636ad0786ab9e8,tools,bboplace_bigblue1_n32,T1,5,BBOPlace,-1076061.3571428582,-465463.55357142736,,610597.8035714308,matched_gp_improvement,valid,gp_linear_smooth_exponential_tail,True
a365d479e29bb36148f1,tools,bboplace_bigblue1_n32,T4,5,BBOPlace,-1076061.3571428582,-465463.55357142736,,610597.8035714308,matched_gp_improvement,valid,gp_linear_smooth_exponential_tail,True
110256b610584fca069c,controlled_priors,coarse_geometry_task_001,no_prior,2,ControlledSynthetic,-164.79145727298396,-0.6293897253647585,-0.0,,,valid,bounded_gp_piecewise,True
2189b3f778b73adde626,controlled_priors,coarse_geometry_task_001,cardinality_only_prior,2,ControlledSynthetic,-164.79145727298396,-0.6293897253647585,-0.0,,,valid,bounded_gp_piecewise,True
a26b0fde51e6ca76b0c3,controlled_priors,coarse_geometry_task_001,geometry_only_prior,2,ControlledSynthetic,-164.79145727298396,-0.6293897253647585,-0.0,,,valid,bounded_gp_piecewise,True
4ef55029276825e0de23,controlled_priors,coarse_geometry_task_001,support_only_prior,2,ControlledSynthetic,-164.79145727298396,-0.6293897253647585,-0.0,,,valid,bounded_gp_piecewise,True
558fa7a99a9b0c205a47,controlled_priors,coarse_geometry_task_001,strong_prior,2,ControlledSynthetic,-164.79145727298396,-0.6293897253647585,-0.0,,,valid,bounded_gp_piecewise,True
95bbf13f400e17ce368d,controlled_priors,coarse_geometry_task_001,wrong_support_prior,2,ControlledSynthetic,-164.79145727298396,-0.6293897253647585,-0.0,,,valid,bounded_gp_piecewise,True
2ad73241c4ec361d9f37,controlled_priors,coarse_geometry_task_001,cardinality_only_prior,3,ControlledSynthetic,-39.017089216697286,-0.25450894777836,-0.0,,,valid,bounded_gp_piecewise,True
4d8380fd5ef7dc37e620,controlled_priors,coarse_geometry_task_001,geometry_only_prior,3,ControlledSynthetic,-39.017089216697286,-0.25450894777836,-0.0,,,valid,bounded_gp_piecewise,True
3d8c9ee2a4852d17c81f,controlled_priors,coarse_geometry_task_001,support_only_prior,3,ControlledSynthetic,-39.017089216697286,-0.25450894777836,-0.0,,,valid,bounded_gp_piecewise,True
85b409bf1f72492919a4,controlled_priors,coarse_geometry_task_001,strong_prior,3,ControlledSynthetic,-39.017089216697286,-0.25450894777836,-0.0,,,valid,bounded_gp_piecewise,True
e40a17d9d8c3a9db1e7d,controlled_priors,coarse_geometry_task_001,wrong_support_prior,3,ControlledSynthetic,-39.017089216697286,-0.25450894777836,-0.0,,,valid,bounded_gp_piecewise,True
54b161e89f85e0a99f1b,controlled_priors,coarse_geometry_task_001,no_prior,3,ControlledSynthetic,-39.017089216697286,-0.25450894777836,-0.0,,,valid,bounded_gp_piecewise,True
889737e2cf34485694cb,controlled_priors,coarse_geometry_task_001,geometry_only_prior,4,ControlledSynthetic,-77.18635564378626,-0.10253947011608401,-0.0,,,valid,bounded_gp_piecewise,True
d2c64816ef1b8119243e,controlled_priors,coarse_geometry_task_001,support_only_prior,4,ControlledSynthetic,-77.18635564378626,-0.10253947011608401,-0.0,,,valid,bounded_gp_piecewise,True
e1d96d08a4feecef894e,controlled_priors,coarse_geometry_task_001,strong_prior,4,ControlledSynthetic,-77.18635564378626,-0.10253947011608401,-0.0,,,valid,bounded_gp_piecewise,True
bcedc413de70eec819dc,controlled_priors,coarse_geometry_task_001,wrong_support_prior,4,ControlledSynthetic,-77.18635564378626,-0.10253947011608401,-0.0,,,valid,bounded_gp_piecewise,True
594331673564bda1983a,controlled_priors,coarse_geometry_task_001,no_prior,4,ControlledSynthetic,-77.18635564378626,-0.10253947011608401,-0.0,,,valid,bounded_gp_piecewise,True
130ea8ac738372e7635e,controlled_priors,coarse_geometry_task_001,cardinality_only_prior,4,ControlledSynthetic,-77.18635564378626,-0.10253947011608401,-0.0,,,valid,bounded_gp_piecewise,True
23a7ee2f6fad05864752,controlled_priors,coarse_geometry_task_001,support_only_prior,5,ControlledSynthetic,-75.71245469394712,-0.11564646480172455,-0.0,,,valid,bounded_gp_piecewise,True
89979b95ae3c05cc44e6,controlled_priors,coarse_geometry_task_001,strong_prior,5,ControlledSynthetic,-75.71245469394712,-0.11564646480172455,-0.0,,,valid,bounded_gp_piecewise,True
cdc476b0713778cb2f24,controlled_priors,coarse_geometry_task_001,wrong_support_prior,5,ControlledSynthetic,-75.71245469394712,-0.11564646480172455,-0.0,,,valid,bounded_gp_piecewise,True
394404ced2e4ff065d65,controlled_priors,coarse_geometry_task_001,no_prior,5,ControlledSynthetic,-75.71245469394712,-0.11564646480172455,-0.0,,,valid,bounded_gp_piecewise,True
1af8f0d0174609f7fd59,controlled_priors,coarse_geometry_task_001,cardinality_only_prior,5,ControlledSynthetic,-75.71245469394712,-0.11564646480172455,-0.0,,,valid,bounded_gp_piecewise,True
489e00e7591eb931ad9d,controlled_priors,coarse_geometry_task_001,geometry_only_prior,5,ControlledSynthetic,-75.71245469394712,-0.11564646480172455,-0.0,,,valid,bounded_gp_piecewise,True
f3c76139154ae29f11eb,controlled_priors,coarse_geometry_task_002,strong_prior,2,ControlledSynthetic,-238.75322055814456,-8.90915577040074,-0.0,,,valid,bounded_gp_piecewise,True
8d6ac82d43d52b95074a,controlled_priors,coarse_geometry_task_002,wrong_support_prior,2,ControlledSynthetic,-238.75322055814456,-8.90915577040074,-0.0,,,valid,bounded_gp_piecewise,True
10b57a6c5e4b639831e2,controlled_priors,coarse_geometry_task_002,no_prior,2,ControlledSynthetic,-238.75322055814456,-8.90915577040074,-0.0,,,valid,bounded_gp_piecewise,True
eb150600be70408c42d8,controlled_priors,coarse_geometry_task_002,cardinality_only_prior,2,ControlledSynthetic,-238.75322055814456,-8.90915577040074,-0.0,,,valid,bounded_gp_piecewise,True
91b201161faeb15f6d36,controlled_priors,coarse_geometry_task_002,geometry_only_prior,2,ControlledSynthetic,-238.75322055814456,-8.90915577040074,-0.0,,,valid,bounded_gp_piecewise,True
0e94b840c5ae075d75ef,controlled_priors,coarse_geometry_task_002,support_only_prior,2,ControlledSynthetic,-238.75322055814456,-8.90915577040074,-0.0,,,valid,bounded_gp_piecewise,True
3454ac6cf226d8a32ffd,controlled_priors,coarse_geometry_task_002,wrong_support_prior,3,ControlledSynthetic,-28.133198194123974,-2.2529842973321843,-0.0,,,valid,bounded_gp_piecewise,True
bb23bc53757a0436cadd,controlled_priors,coarse_geometry_task_002,no_prior,3,ControlledSynthetic,-28.133198194123974,-2.2529842973321843,-0.0,,,valid,bounded_gp_piecewise,True
54daddba4a068798727f,controlled_priors,coarse_geometry_task_002,cardinality_only_prior,3,ControlledSynthetic,-28.133198194123974,-2.2529842973321843,-0.0,,,valid,bounded_gp_piecewise,True
5a1df67b06688c93b721,controlled_priors,coarse_geometry_task_002,geometry_only_prior,3,ControlledSynthetic,-28.133198194123974,-2.2529842973321843,-0.0,,,valid,bounded_gp_piecewise,True
6c189a8ecc6392e6b8d4,controlled_priors,coarse_geometry_task_002,support_only_prior,3,ControlledSynthetic,-28.133198194123974,-2.2529842973321843,-0.0,,,valid,bounded_gp_piecewise,True
ab8c5d1840da5072ec65,controlled_priors,coarse_geometry_task_002,strong_prior,3,ControlledSynthetic,-28.133198194123974,-2.2529842973321843,-0.0,,,valid,bounded_gp_piecewise,True
3644118ffa8eb49d7309,controlled_priors,coarse_geometry_task_002,no_prior,4,ControlledSynthetic,-184.99227484623285,-4.993845925216715,-0.0,,,valid,bounded_gp_piecewise,True
f42b1ddc93baf576a575,controlled_priors,coarse_geometry_task_002,cardinality_only_prior,4,ControlledSynthetic,-184.99227484623285,-4.993845925216715,-0.0,,,valid,bounded_gp_piecewise,True
bccbd9c9c1ccd0b2a459,controlled_priors,coarse_geometry_task_002,geometry_only_prior,4,ControlledSynthetic,-184.99227484623285,-4.993845925216715,-0.0,,,valid,bounded_gp_piecewise,True
c443df342f0e2979f7f6,controlled_priors,coarse_geometry_task_002,support_only_prior,4,ControlledSynthetic,-184.99227484623285,-4.993845925216715,-0.0,,,valid,bounded_gp_piecewise,True
013272818188e51e53f1,controlled_priors,coarse_geometry_task_002,strong_prior,4,ControlledSynthetic,-184.99227484623285,-4.993845925216715,-0.0,,,valid,bounded_gp_piecewise,True
e649c2e1c76febd4a21b,controlled_priors,coarse_geometry_task_002,wrong_support_prior,4,ControlledSynthetic,-184.99227484623285,-4.993845925216715,-0.0,,,valid,bounded_gp_piecewise,True
8a95f9c73964a1132002,controlled_priors,coarse_geometry_task_002,cardinality_only_prior,5,ControlledSynthetic,-145.7741064779021,-7.054747450951347,-0.0,,,valid,bounded_gp_piecewise,True
a5e61f6fbdb46a8b8717,controlled_priors,coarse_geometry_task_002,geometry_only_prior,5,ControlledSynthetic,-145.7741064779021,-7.054747450951347,-0.0,,,valid,bounded_gp_piecewise,True
c76a3c3c89f12a5d7927,controlled_priors,coarse_geometry_task_002,support_only_prior,5,ControlledSynthetic,-145.7741064779021,-7.054747450951347,-0.0,,,valid,bounded_gp_piecewise,True
de11b6fa28748d636cf2,controlled_priors,coarse_geometry_task_002,strong_prior,5,ControlledSynthetic,-145.7741064779021,-7.054747450951347,-0.0,,,valid,bounded_gp_piecewise,True
e2fafe384fed772e4ea6,controlled_priors,coarse_geometry_task_002,wrong_support_prior,5,ControlledSynthetic,-145.7741064779021,-7.054747450951347,-0.0,,,valid,bounded_gp_piecewise,True
4625093ece835aa68838,controlled_priors,coarse_geometry_task_002,no_prior,5,ControlledSynthetic,-145.7741064779021,-7.054747450951347,-0.0,,,valid,bounded_gp_piecewise,True
f7814830c81bbfef2613,controlled_priors,coarse_geometry_task_003,geometry_only_prior,2,ControlledSynthetic,-12.624456312824517,-7.459353669783682,-0.0,,,valid,bounded_gp_piecewise,True
9f707afffb800579cf8f,controlled_priors,coarse_geometry_task_003,support_only_prior,2,ControlledSynthetic,-12.624456312824517,-7.459353669783682,-0.0,,,valid,bounded_gp_piecewise,True
8fdef7e671a04e882df3,controlled_priors,coarse_geometry_task_003,strong_prior,2,ControlledSynthetic,-12.624456312824517,-7.459353669783682,-0.0,,,valid,bounded_gp_piecewise,True
03569fce59dbb59be6c1,controlled_priors,coarse_geometry_task_003,wrong_support_prior,2,ControlledSynthetic,-12.624456312824517,-7.459353669783682,-0.0,,,valid,bounded_gp_piecewise,True
2dea901e06a5bb04f41d,controlled_priors,coarse_geometry_task_003,no_prior,2,ControlledSynthetic,-12.624456312824517,-7.459353669783682,-0.0,,,valid,bounded_gp_piecewise,True
986f010c77dc58b74414,controlled_priors,coarse_geometry_task_003,cardinality_only_prior,2,ControlledSynthetic,-12.624456312824517,-7.459353669783682,-0.0,,,valid,bounded_gp_piecewise,True
dfea05c2b3da09091b02,controlled_priors,coarse_geometry_task_003,support_only_prior,3,ControlledSynthetic,-13.048402073011603,-5.815489873771025,-0.0,,,valid,bounded_gp_piecewise,True
e9ead11a1764847c1536,controlled_priors,coarse_geometry_task_003,strong_prior,3,ControlledSynthetic,-13.048402073011603,-5.815489873771025,-0.0,,,valid,bounded_gp_piecewise,True
35166b2990b2d532dbfe,controlled_priors,coarse_geometry_task_003,wrong_support_prior,3,ControlledSynthetic,-13.048402073011603,-5.815489873771025,-0.0,,,valid,bounded_gp_piecewise,True
d0a851e14cb5348c3c36,controlled_priors,coarse_geometry_task_003,no_prior,3,ControlledSynthetic,-13.048402073011603,-5.815489873771025,-0.0,,,valid,bounded_gp_piecewise,True
55bebd621b2a6ce3b801,controlled_priors,coarse_geometry_task_003,cardinality_only_prior,3,ControlledSynthetic,-13.048402073011603,-5.815489873771025,-0.0,,,valid,bounded_gp_piecewise,True
399acc460275b3c483ce,controlled_priors,coarse_geometry_task_003,geometry_only_prior,3,ControlledSynthetic,-13.048402073011603,-5.815489873771025,-0.0,,,valid,bounded_gp_piecewise,True
eabc47ce3b85ef981496,controlled_priors,coarse_geometry_task_003,strong_prior,4,ControlledSynthetic,-10.881819121805423,-8.416242558099496,-0.0,,,valid,bounded_gp_piecewise,True
55a5a3c9927affb7d9f3,controlled_priors,coarse_geometry_task_003,wrong_support_prior,4,ControlledSynthetic,-10.881819121805423,-8.416242558099496,-0.0,,,valid,bounded_gp_piecewise,True
76a545560fb5801f1477,controlled_priors,coarse_geometry_task_003,no_prior,4,ControlledSynthetic,-10.881819121805423,-8.416242558099496,-0.0,,,valid,bounded_gp_piecewise,True
b64ed4b1b64da1079dce,controlled_priors,coarse_geometry_task_003,cardinality_only_prior,4,ControlledSynthetic,-10.881819121805423,-8.416242558099496,-0.0,,,valid,bounded_gp_piecewise,True
653bf22a781ed2658156,controlled_priors,coarse_geometry_task_003,geometry_only_prior,4,ControlledSynthetic,-10.881819121805423,-8.416242558099496,-0.0,,,valid,bounded_gp_piecewise,True
9b870f6f11b5080a0c67,controlled_priors,coarse_geometry_task_003,support_only_prior,4,ControlledSynthetic,-10.881819121805423,-8.416242558099496,-0.0,,,valid,bounded_gp_piecewise,True
5bddb0232e6118d2c884,controlled_priors,coarse_geometry_task_003,wrong_support_prior,5,ControlledSynthetic,-9.710367932746781,-5.620430328022281,-0.0,,,valid,bounded_gp_piecewise,True
f40d56e04aa488048efb,controlled_priors,coarse_geometry_task_003,no_prior,5,ControlledSynthetic,-9.710367932746781,-5.620430328022281,-0.0,,,valid,bounded_gp_piecewise,True
251d1ef37bff75c76768,controlled_priors,coarse_geometry_task_003,cardinality_only_prior,5,ControlledSynthetic,-9.710367932746781,-5.620430328022281,-0.0,,,valid,bounded_gp_piecewise,True
7918cdb8aa1ffda4bd7e,controlled_priors,coarse_geometry_task_003,geometry_only_prior,5,ControlledSynthetic,-9.710367932746781,-5.620430328022281,-0.0,,,valid,bounded_gp_piecewise,True
4439ca2d6a37b84332f0,controlled_priors,coarse_geometry_task_003,support_only_prior,5,ControlledSynthetic,-9.710367932746781,-5.620430328022281,-0.0,,,valid,bounded_gp_piecewise,True
4d9cac198df298c87140,controlled_priors,coarse_geometry_task_003,strong_prior,5,ControlledSynthetic,-9.710367932746781,-5.620430328022281,-0.0,,,valid,bounded_gp_piecewise,True
2c5156b7e9d4bc2c2c22,priors,hpo_bayesmark_breast_svm,GP,2,HPO,-0.05934065934065935,-0.05934065934065935,,0.00219780219780219,shared_initialization_IQR,valid,no_gp_gain_initialization_exponential,False
c288df75fdf372a4e84b,priors,hpo_bayesmark_breast_svm,I0,2,HPO,-0.05934065934065935,-0.05934065934065935,,0.00219780219780219,shared_initialization_IQR,valid,no_gp_gain_initialization_exponential,False
90bdb7b1a6413b211ad3,priors,hpo_bayesmark_breast_svm,I1,2,HPO,-0.05934065934065935,-0.05934065934065935,,0.00219780219780219,shared_initialization_IQR,valid,no_gp_gain_initialization_exponential,False
6b1474d5786a00e638b7,priors,hpo_bayesmark_breast_svm,I2,2,HPO,-0.05934065934065935,-0.05934065934065935,,0.00219780219780219,shared_initialization_IQR,valid,no_gp_gain_initialization_exponential,False
8931431b0ecbc1df23e0,priors,hpo_bayesmark_breast_svm,GP,3,HPO,-0.05714285714285716,-0.05714285714285716,,0.01098901098901095,shared_initialization_IQR,valid,no_gp_gain_initialization_exponential,False
3469977427a30c39545b,priors,hpo_bayesmark_breast_svm,I0,3,HPO,-0.05714285714285716,-0.05714285714285716,,0.01098901098901095,shared_initialization_IQR,valid,no_gp_gain_initialization_exponential,False
7b38056db7651be207a0,priors,hpo_bayesmark_breast_svm,I1,3,HPO,-0.05714285714285716,-0.05714285714285716,,0.01098901098901095,shared_initialization_IQR,valid,no_gp_gain_initialization_exponential,False
216cd92d937d8f50c87b,priors,hpo_bayesmark_breast_svm,I2,3,HPO,-0.05714285714285716,-0.05714285714285716,,0.01098901098901095,shared_initialization_IQR,valid,no_gp_gain_initialization_exponential,False
39f8a20830b0fdc42a81,priors,hpo_bayesmark_breast_svm,GP,4,HPO,-0.06813186813186811,-0.05934065934065935,,0.00879120879120876,matched_gp_improvement,valid,gp_linear_smooth_exponential_tail,True
1d5efadb005a8f0f1c13,priors,hpo_bayesmark_breast_svm,I0,4,HPO,-0.06813186813186811,-0.05934065934065935,,0.00879120879120876,matched_gp_improvement,valid,gp_linear_smooth_exponential_tail,True
72d736fd8c6334c2828c,priors,hpo_bayesmark_breast_svm,I1,4,HPO,-0.06813186813186811,-0.05934065934065935,,0.00879120879120876,matched_gp_improvement,valid,gp_linear_smooth_exponential_tail,True
325514946428bfcb8719,priors,hpo_bayesmark_breast_svm,I2,4,HPO,-0.06813186813186811,-0.05934065934065935,,0.00879120879120876,matched_gp_improvement,valid,gp_linear_smooth_exponential_tail,True
98ac006cfab101e6747b,priors,hpo_bayesmark_breast_svm,GP,5,HPO,-0.05934065934065935,-0.05494505494505497,,0.00439560439560438,matched_gp_improvement,valid,gp_linear_smooth_exponential_tail,True
43bcc9748eba78b390c9,priors,hpo_bayesmark_breast_svm,I0,5,HPO,-0.05934065934065935,-0.05494505494505497,,0.00439560439560438,matched_gp_improvement,valid,gp_linear_smooth_exponential_tail,True
88b1276840e23153c6d9,priors,hpo_bayesmark_breast_svm,I1,5,HPO,-0.05934065934065935,-0.05494505494505497,,0.00439560439560438,matched_gp_improvement,valid,gp_linear_smooth_exponential_tail,True
edd6d3d0d23608ba1501,priors,hpo_bayesmark_breast_svm,I2,5,HPO,-0.05934065934065935,-0.05494505494505497,,0.00439560439560438,matched_gp_improvement,valid,gp_linear_smooth_exponential_tail,True
7932ab7134e131ea7632,priors,hpo_bayesmark_diabetes_random_forest,GP,2,HPO,-0.844515286074131,-0.5169804310135063,,0.32753485506062463,matched_gp_improvement,valid,gp_linear_smooth_exponential_tail,True
f3793468d7629f2a97d8,priors,hpo_bayesmark_diabetes_random_forest,I0,2,HPO,-0.844515286074131,-0.5169804310135063,,0.32753485506062463,matched_gp_improvement,valid,gp_linear_smooth_exponential_tail,True
4ffbbbc7e66c42b2171a,priors,hpo_bayesmark_diabetes_random_forest,I1,2,HPO,-0.844515286074131,-0.5169804310135063,,0.32753485506062463,matched_gp_improvement,valid,gp_linear_smooth_exponential_tail,True
464c1a3bb50b548fcdfa,priors,hpo_bayesmark_diabetes_random_forest,I2,2,HPO,-0.844515286074131,-0.5169804310135063,,0.32753485506062463,matched_gp_improvement,valid,gp_linear_smooth_exponential_tail,True
a94551a05400d00b8916,priors,hpo_bayesmark_diabetes_random_forest,GP,3,HPO,-0.7484068766924775,-0.5169804310135063,,0.2314264456789712,matched_gp_improvement,valid,gp_linear_smooth_exponential_tail,True
f6f1c19eedf6b59bdfbc,priors,hpo_bayesmark_diabetes_random_forest,I0,3,HPO,-0.7484068766924775,-0.5169804310135063,,0.2314264456789712,matched_gp_improvement,valid,gp_linear_smooth_exponential_tail,True
1f9e60f49c826fefaa2e,priors,hpo_bayesmark_diabetes_random_forest,I1,3,HPO,-0.7484068766924775,-0.5169804310135063,,0.2314264456789712,matched_gp_improvement,valid,gp_linear_smooth_exponential_tail,True
e30df6fc1c9f61002254,priors,hpo_bayesmark_diabetes_random_forest,I2,3,HPO,-0.7484068766924775,-0.5169804310135063,,0.2314264456789712,matched_gp_improvement,valid,gp_linear_smooth_exponential_tail,True
2968684810049bd39f37,priors,hpo_bayesmark_diabetes_random_forest,GP,4,HPO,-0.5898489758774736,-0.5164917214982737,,0.07335725437919993,matched_gp_improvement,valid,gp_linear_smooth_exponential_tail,True
54e2f6ff877b10fa1f2c,priors,hpo_bayesmark_diabetes_random_forest,I0,4,HPO,-0.5898489758774736,-0.5164917214982737,,0.07335725437919993,matched_gp_improvement,valid,gp_linear_smooth_exponential_tail,True
baae43ddcc0571eaeb96,priors,hpo_bayesmark_diabetes_random_forest,I1,4,HPO,-0.5898489758774736,-0.5164917214982737,,0.07335725437919993,matched_gp_improvement,valid,gp_linear_smooth_exponential_tail,True
af24506f05c668e4f1fb,priors,hpo_bayesmark_diabetes_random_forest,I2,4,HPO,-0.5898489758774736,-0.5164917214982737,,0.07335725437919993,matched_gp_improvement,valid,gp_linear_smooth_exponential_tail,True
294cf3430d3db52e69b5,priors,hpo_bayesmark_diabetes_random_forest,GP,5,HPO,-0.8802797649611508,-0.5416109561112767,,0.33866880884987405,matched_gp_improvement,valid,gp_linear_smooth_exponential_tail,True
dde076558f342fde194b,priors,hpo_bayesmark_diabetes_random_forest,I0,5,HPO,-0.8802797649611508,-0.5416109561112767,,0.33866880884987405,matched_gp_improvement,valid,gp_linear_smooth_exponential_tail,True
f169aa999ee675a6381b,priors,hpo_bayesmark_diabetes_random_forest,I1,5,HPO,-0.8802797649611508,-0.5416109561112767,,0.33866880884987405,matched_gp_improvement,valid,gp_linear_smooth_exponential_tail,True
ab29ee49ff6bbb5c03e7,priors,hpo_bayesmark_diabetes_random_forest,I2,5,HPO,-0.8802797649611508,-0.5416109561112767,,0.33866880884987405,matched_gp_improvement,valid,gp_linear_smooth_exponential_tail,True
7bce32fb8b3fc026d739,priors,knob_http_surrogate_pg_5,GP,2,DBTune,-30.85887350000002,-30.001452166666674,,0.8574213333333454,matched_gp_improvement,valid,gp_linear_smooth_exponential_tail,True
e8fb191bbe8fc326ecfb,priors,knob_http_surrogate_pg_5,I0,2,DBTune,-30.85887350000002,-30.001452166666674,,0.8574213333333454,matched_gp_improvement,valid,gp_linear_smooth_exponential_tail,True
16e030b7bcc45c7856d4,priors,knob_http_surrogate_pg_5,I1,2,DBTune,-30.85887350000002,-30.001452166666674,,0.8574213333333454,matched_gp_improvement,valid,gp_linear_smooth_exponential_tail,True
4499bbfe8d681a106c8b,priors,knob_http_surrogate_pg_5,I2,2,DBTune,-30.85887350000002,-30.001452166666674,,0.8574213333333454,matched_gp_improvement,valid,gp_linear_smooth_exponential_tail,True
1793c1992f0529d46f53,priors,knob_http_surrogate_pg_5,GP,3,DBTune,-36.85804599999999,-29.83624349999999,,7.021802499999996,matched_gp_improvement,valid,gp_linear_smooth_exponential_tail,True
39524c1f161e4dce285d,priors,knob_http_surrogate_pg_5,I0,3,DBTune,-36.85804599999999,-29.83624349999999,,7.021802499999996,matched_gp_improvement,valid,gp_linear_smooth_exponential_tail,True
156d3222fcdd70fe83c1,priors,knob_http_surrogate_pg_5,I1,3,DBTune,-36.85804599999999,-29.83624349999999,,7.021802499999996,matched_gp_improvement,valid,gp_linear_smooth_exponential_tail,True
0b8cd397c07f8db9144a,priors,knob_http_surrogate_pg_5,I2,3,DBTune,-36.85804599999999,-29.83624349999999,,7.021802499999996,matched_gp_improvement,valid,gp_linear_smooth_exponential_tail,True
a76043452a1135c3555b,priors,knob_http_surrogate_pg_5,GP,4,DBTune,-32.40261499999999,-30.51815500000003,,1.8844599999999616,matched_gp_improvement,valid,gp_linear_smooth_exponential_tail,True
7a2fea2d74fe17f255a1,priors,knob_http_surrogate_pg_5,I0,4,DBTune,-32.40261499999999,-30.51815500000003,,1.8844599999999616,matched_gp_improvement,valid,gp_linear_smooth_exponential_tail,True
8e681ec9f1ab77ca9fc4,priors,knob_http_surrogate_pg_5,I1,4,DBTune,-32.40261499999999,-30.51815500000003,,1.8844599999999616,matched_gp_improvement,valid,gp_linear_smooth_exponential_tail,True
78c701359ee8a32dc383,priors,knob_http_surrogate_pg_5,I2,4,DBTune,-32.40261499999999,-30.51815500000003,,1.8844599999999616,matched_gp_improvement,valid,gp_linear_smooth_exponential_tail,True
d8a936d5bc18c702e4f8,priors,knob_http_surrogate_pg_5,GP,5,DBTune,-31.504816,-29.571791500000014,,1.9330244999999877,matched_gp_improvement,valid,gp_linear_smooth_exponential_tail,True
ad55724efc281a2622cd,priors,knob_http_surrogate_pg_5,I0,5,DBTune,-31.504816,-29.571791500000014,,1.9330244999999877,matched_gp_improvement,valid,gp_linear_smooth_exponential_tail,True
70857956f284d17d263b,priors,knob_http_surrogate_pg_5,I1,5,DBTune,-31.504816,-29.571791500000014,,1.9330244999999877,matched_gp_improvement,valid,gp_linear_smooth_exponential_tail,True
9c2ed46224c29ca23ccb,priors,knob_http_surrogate_pg_5,I2,5,DBTune,-31.504816,-29.571791500000014,,1.9330244999999877,matched_gp_improvement,valid,gp_linear_smooth_exponential_tail,True
8fa08f7d0fd1bdd7ce42,priors,knob_http_surrogate_sysbench_5,GP,2,DBTune,362.6538589226556,387.40303646184066,,24.74917753918504,matched_gp_improvement,valid,gp_linear_smooth_exponential_tail,True
b782d6f629b4fdf387f1,priors,knob_http_surrogate_sysbench_5,I0,2,DBTune,362.6538589226556,387.40303646184066,,24.74917753918504,matched_gp_improvement,valid,gp_linear_smooth_exponential_tail,True
9056a8c2f2cc132df55d,priors,knob_http_surrogate_sysbench_5,I1,2,DBTune,362.6538589226556,387.40303646184066,,24.74917753918504,matched_gp_improvement,valid,gp_linear_smooth_exponential_tail,True
ab2632c023958fd92d68,priors,knob_http_surrogate_sysbench_5,I2,2,DBTune,362.6538589226556,387.40303646184066,,24.74917753918504,matched_gp_improvement,valid,gp_linear_smooth_exponential_tail,True
7d1c94849593fc1cc4dd,priors,knob_http_surrogate_sysbench_5,GP,3,DBTune,352.4350924987192,377.1253772823432,,24.69028478362401,matched_gp_improvement,valid,gp_linear_smooth_exponential_tail,True
0936606a11e3e1f1c3e9,priors,knob_http_surrogate_sysbench_5,I0,3,DBTune,352.4350924987192,377.1253772823432,,24.69028478362401,matched_gp_improvement,valid,gp_linear_smooth_exponential_tail,True
2a0c057b35a1bff1dbfe,priors,knob_http_surrogate_sysbench_5,I1,3,DBTune,352.4350924987192,377.1253772823432,,24.69028478362401,matched_gp_improvement,valid,gp_linear_smooth_exponential_tail,True
2b5e88268c92079c272e,priors,knob_http_surrogate_sysbench_5,I2,3,DBTune,352.4350924987192,377.1253772823432,,24.69028478362401,matched_gp_improvement,valid,gp_linear_smooth_exponential_tail,True
9d63faee470784e1ea25,priors,knob_http_surrogate_sysbench_5,GP,4,DBTune,372.24886971189545,378.9629724327924,,6.71410272089696,matched_gp_improvement,valid,gp_linear_smooth_exponential_tail,True
db13c539cd87759eddf2,priors,knob_http_surrogate_sysbench_5,I0,4,DBTune,372.24886971189545,378.9629724327924,,6.71410272089696,matched_gp_improvement,valid,gp_linear_smooth_exponential_tail,True
ab44b8f8473699e6a718,priors,knob_http_surrogate_sysbench_5,I1,4,DBTune,372.24886971189545,378.9629724327924,,6.71410272089696,matched_gp_improvement,valid,gp_linear_smooth_exponential_tail,True
0a1af294b973813830d5,priors,knob_http_surrogate_sysbench_5,I2,4,DBTune,372.24886971189545,378.9629724327924,,6.71410272089696,matched_gp_improvement,valid,gp_linear_smooth_exponential_tail,True
b54ac05ead97cff1efd0,priors,knob_http_surrogate_sysbench_5,GP,5,DBTune,372.00970827302496,378.13332541899234,,6.123617145967387,matched_gp_improvement,valid,gp_linear_smooth_exponential_tail,True
e7973d81d7d827d26b3d,priors,knob_http_surrogate_sysbench_5,I0,5,DBTune,372.00970827302496,378.13332541899234,,6.123617145967387,matched_gp_improvement,valid,gp_linear_smooth_exponential_tail,True
a6fa1e64122e3dcec46a,priors,knob_http_surrogate_sysbench_5,I1,5,DBTune,372.00970827302496,378.13332541899234,,6.123617145967387,matched_gp_improvement,valid,gp_linear_smooth_exponential_tail,True
dcccc1f5d9cf9b70f91e,priors,knob_http_surrogate_sysbench_5,I2,5,DBTune,372.00970827302496,378.13332541899234,,6.123617145967387,matched_gp_improvement,valid,gp_linear_smooth_exponential_tail,True
effaa4f9f349e3fd7cf9,priors,bboplace_adaptec1_n32,GP,2,BBOPlace,-1777291.375,-1245040.732142856,,532250.6428571439,matched_gp_improvement,valid,gp_linear_smooth_exponential_tail,True
5bc106ffcf510fa43a4e,priors,bboplace_adaptec1_n32,I0,2,BBOPlace,-1777291.375,-1245040.732142856,,532250.6428571439,matched_gp_improvement,valid,gp_linear_smooth_exponential_tail,True
5e280bafd81b97f746f8,priors,bboplace_adaptec1_n32,I1,2,BBOPlace,-1777291.375,-1245040.732142856,,532250.6428571439,matched_gp_improvement,valid,gp_linear_smooth_exponential_tail,True
8115593d16fb5adb03bd,priors,bboplace_adaptec1_n32,I2,2,BBOPlace,-1777291.375,-1245040.732142856,,532250.6428571439,matched_gp_improvement,valid,gp_linear_smooth_exponential_tail,True
7bd5f7cfba2f55f49db2,priors,bboplace_adaptec1_n32,GP,3,BBOPlace,-1728078.125000003,-1176681.6785714286,,551396.4464285744,matched_gp_improvement,valid,gp_linear_smooth_exponential_tail,True
11f5bd68f683a096116c,priors,bboplace_adaptec1_n32,I0,3,BBOPlace,-1728078.125000003,-1176681.6785714286,,551396.4464285744,matched_gp_improvement,valid,gp_linear_smooth_exponential_tail,True
4094ec3fb4cf6de9fb62,priors,bboplace_adaptec1_n32,I1,3,BBOPlace,-1728078.125000003,-1176681.6785714286,,551396.4464285744,matched_gp_improvement,valid,gp_linear_smooth_exponential_tail,True
646053caafa419265735,priors,bboplace_adaptec1_n32,I2,3,BBOPlace,-1728078.125000003,-1176681.6785714286,,551396.4464285744,matched_gp_improvement,valid,gp_linear_smooth_exponential_tail,True
d55efa08928220cdaf7d,priors,bboplace_adaptec1_n32,GP,4,BBOPlace,-1981787.339285721,-1151065.6785714275,,830721.6607142936,matched_gp_improvement,valid,gp_linear_smooth_exponential_tail,True
19c5e868797810a589b9,priors,bboplace_adaptec1_n32,I0,4,BBOPlace,-1981787.339285721,-1151065.6785714275,,830721.6607142936,matched_gp_improvement,valid,gp_linear_smooth_exponential_tail,True
16ad689a9c92e389f134,priors,bboplace_adaptec1_n32,I1,4,BBOPlace,-1981787.339285721,-1151065.6785714275,,830721.6607142936,matched_gp_improvement,valid,gp_linear_smooth_exponential_tail,True
8d0fdf14f18fa63e0048,priors,bboplace_adaptec1_n32,I2,4,BBOPlace,-1981787.339285721,-1151065.6785714275,,830721.6607142936,matched_gp_improvement,valid,gp_linear_smooth_exponential_tail,True
e656920743f853ba25fe,priors,bboplace_adaptec1_n32,GP,5,BBOPlace,-1792077.5535714293,-1084944.80357143,,707132.7499999993,matched_gp_improvement,valid,gp_linear_smooth_exponential_tail,True
f5e1d3535c3a21b80c00,priors,bboplace_adaptec1_n32,I0,5,BBOPlace,-1792077.5535714293,-1084944.80357143,,707132.7499999993,matched_gp_improvement,valid,gp_linear_smooth_exponential_tail,True
d201c10e6bf0c2a977e7,priors,bboplace_adaptec1_n32,I1,5,BBOPlace,-1792077.5535714293,-1084944.80357143,,707132.7499999993,matched_gp_improvement,valid,gp_linear_smooth_exponential_tail,True
a5288f1c3ffc36e23308,priors,bboplace_adaptec1_n32,I2,5,BBOPlace,-1792077.5535714293,-1084944.80357143,,707132.7499999993,matched_gp_improvement,valid,gp_linear_smooth_exponential_tail,True
819148e5dbe8490d5c74,priors,bboplace_bigblue1_n32,GP,2,BBOPlace,-1000212.4464285712,-437682.1428571442,,562530.303571427,matched_gp_improvement,valid,gp_linear_smooth_exponential_tail,True
941877dc65a494814ad1,priors,bboplace_bigblue1_n32,I0,2,BBOPlace,-1000212.4464285712,-437682.1428571442,,562530.303571427,matched_gp_improvement,valid,gp_linear_smooth_exponential_tail,True
79606f876738d6dcf247,priors,bboplace_bigblue1_n32,I1,2,BBOPlace,-1000212.4464285712,-437682.1428571442,,562530.303571427,matched_gp_improvement,valid,gp_linear_smooth_exponential_tail,True
d61f41cc8b80527d0a95,priors,bboplace_bigblue1_n32,I2,2,BBOPlace,-1000212.4464285712,-437682.1428571442,,562530.303571427,matched_gp_improvement,valid,gp_linear_smooth_exponential_tail,True
91b28fa61ff656844ba2,priors,bboplace_bigblue1_n32,GP,3,BBOPlace,-1275679.249999991,-382258.10714285815,,893421.1428571327,matched_gp_improvement,valid,gp_linear_smooth_exponential_tail,True
152f7c62be851ea5a162,priors,bboplace_bigblue1_n32,I0,3,BBOPlace,-1275679.249999991,-382258.10714285815,,893421.1428571327,matched_gp_improvement,valid,gp_linear_smooth_exponential_tail,True
295c5ed7ba353339dd6e,priors,bboplace_bigblue1_n32,I1,3,BBOPlace,-1275679.249999991,-382258.10714285815,,893421.1428571327,matched_gp_improvement,valid,gp_linear_smooth_exponential_tail,True
e623c1d74fd37c97d00a,priors,bboplace_bigblue1_n32,I2,3,BBOPlace,-1275679.249999991,-382258.10714285815,,893421.1428571327,matched_gp_improvement,valid,gp_linear_smooth_exponential_tail,True
6667daf423d72ee2c0cb,priors,bboplace_bigblue1_n32,GP,4,BBOPlace,-795829.9821428616,-473377.5178571426,,322452.464285719,matched_gp_improvement,valid,gp_linear_smooth_exponential_tail,True
8b60188d8a3a5a86b72c,priors,bboplace_bigblue1_n32,I0,4,BBOPlace,-795829.9821428616,-473377.5178571426,,322452.464285719,matched_gp_improvement,valid,gp_linear_smooth_exponential_tail,True
273aa4ca3692529e6289,priors,bboplace_bigblue1_n32,I1,4,BBOPlace,-795829.9821428616,-473377.5178571426,,322452.464285719,matched_gp_improvement,valid,gp_linear_smooth_exponential_tail,True
bb4bc092a8a5da870365,priors,bboplace_bigblue1_n32,I2,4,BBOPlace,-795829.9821428616,-473377.5178571426,,322452.464285719,matched_gp_improvement,valid,gp_linear_smooth_exponential_tail,True
be07e631d05420ed8996,priors,bboplace_bigblue1_n32,GP,5,BBOPlace,-1076061.3571428582,-465463.55357142736,,610597.8035714308,matched_gp_improvement,valid,gp_linear_smooth_exponential_tail,True
05afa5c00a0ebe6341ce,priors,bboplace_bigblue1_n32,I0,5,BBOPlace,-1076061.3571428582,-465463.55357142736,,610597.8035714308,matched_gp_improvement,valid,gp_linear_smooth_exponential_tail,True
04b4714d9c9878f786bb,priors,bboplace_bigblue1_n32,I1,5,BBOPlace,-1076061.3571428582,-465463.55357142736,,610597.8035714308,matched_gp_improvement,valid,gp_linear_smooth_exponential_tail,True
4f7bea72508ed0d9cfc9,priors,bboplace_bigblue1_n32,I2,5,BBOPlace,-1076061.3571428582,-465463.55357142736,,610597.8035714308,matched_gp_improvement,valid,gp_linear_smooth_exponential_tail,True
05d691ebb0a39acbae24,control,bbob_f02_d10,GP,2,BBOB,-1912593.479422281,-8344.8101420032,87.89,,,valid,bounded_gp_piecewise,True
3cb4f7817ef9e81dacff,control,bbob_f02_d10,T0,2,BBOB,-1912593.479422281,-8344.8101420032,87.89,,,valid,bounded_gp_piecewise,True
1514bc079926027ac3a6,control,bbob_f02_d10,T4,2,BBOB,-1912593.479422281,-8344.8101420032,87.89,,,valid,bounded_gp_piecewise,True
4e0c33689480b10edffd,control,bbob_f02_d10,GP_control,2,BBOB,-1912593.479422281,-8344.8101420032,87.89,,,valid,bounded_gp_piecewise,True
f6328fc3f6350e373422,control,bbob_f02_d10,GP,3,BBOB,-1980297.3222938296,-6673.451121820796,209.88,,,valid,bounded_gp_piecewise,True
9390247f149d463e96b3,control,bbob_f02_d10,T0,3,BBOB,-1980297.3222938296,-6673.451121820796,209.88,,,valid,bounded_gp_piecewise,True
9b4a74f115b5e7b5695a,control,bbob_f02_d10,T4,3,BBOB,-1980297.3222938296,-6673.451121820796,209.88,,,valid,bounded_gp_piecewise,True
9cbcc0cc3ef677f5f72f,control,bbob_f02_d10,GP_control,3,BBOB,-1980297.3222938296,-6673.451121820796,209.88,,,valid,bounded_gp_piecewise,True
b2b7d68f41f757e47394,control,bbob_f02_d10,GP,4,BBOB,-624877.3112992622,-13392.348208936086,92.09,,,valid,bounded_gp_piecewise,True
34edc39ae30684f33ff7,control,bbob_f02_d10,T0,4,BBOB,-624877.3112992622,-13392.348208936086,92.09,,,valid,bounded_gp_piecewise,True
2a79b4202383e2990fe9,control,bbob_f02_d10,T4,4,BBOB,-624877.3112992622,-13392.348208936086,92.09,,,valid,bounded_gp_piecewise,True
ef7a3a9fc4dde69bfc7e,control,bbob_f02_d10,GP_control,4,BBOB,-624877.3112992622,-13392.348208936086,92.09,,,valid,bounded_gp_piecewise,True
d893340326bde45806e4,control,bbob_f02_d10,GP,5,BBOB,-1214391.7933118527,-13976.024333793624,87.89,,,valid,bounded_gp_piecewise,True
ec23c9883677d2415666,control,bbob_f02_d10,T0,5,BBOB,-1214391.7933118527,-13976.024333793624,87.89,,,valid,bounded_gp_piecewise,True
1023a5eb4b70b0f3199e,control,bbob_f02_d10,T4,5,BBOB,-1214391.7933118527,-13976.024333793624,87.89,,,valid,bounded_gp_piecewise,True
683039185f3437c1684e,control,bbob_f02_d10,GP_control,5,BBOB,-1214391.7933118527,-13976.024333793624,87.89,,,valid,bounded_gp_piecewise,True
ecfbbf66e587c16c0c49,control,bbob_f15_d10,GP,2,BBOB,-443.37238541667534,-69.94332087559135,48.22,,,valid,bounded_gp_piecewise,True
92a9e92e1e50b063405d,control,bbob_f15_d10,T0,2,BBOB,-443.37238541667534,-69.94332087559135,48.22,,,valid,bounded_gp_piecewise,True
19be30aa0005f31d6764,control,bbob_f15_d10,T4,2,BBOB,-443.37238541667534,-69.94332087559135,48.22,,,valid,bounded_gp_piecewise,True
785c20a5145c44b21c66,control,bbob_f15_d10,GP_control,2,BBOB,-443.37238541667534,-69.94332087559135,48.22,,,valid,bounded_gp_piecewise,True
65e86cf9d1446ca3fc98,control,bbob_f15_d10,GP,3,BBOB,-1450.1047224323365,-1095.0741815341255,-1000.0,,,valid,bounded_gp_piecewise,True
e1a082c2b215d3ab9953,control,bbob_f15_d10,T0,3,BBOB,-1450.1047224323365,-1095.0741815341255,-1000.0,,,valid,bounded_gp_piecewise,True
030d02e03bebdce632f9,control,bbob_f15_d10,T4,3,BBOB,-1450.1047224323365,-1095.0741815341255,-1000.0,,,valid,bounded_gp_piecewise,True
18271825c24df6dfe052,control,bbob_f15_d10,GP_control,3,BBOB,-1450.1047224323365,-1095.0741815341255,-1000.0,,,valid,bounded_gp_piecewise,True
db3a28474bf441260a97,control,bbob_f15_d10,GP,4,BBOB,-296.4525291900849,-178.14897236116622,-70.03,,,valid,bounded_gp_piecewise,True
302426decdddf70997a3,control,bbob_f15_d10,T0,4,BBOB,-296.4525291900849,-178.14897236116622,-70.03,,,valid,bounded_gp_piecewise,True
39841daee8564fa0e07e,control,bbob_f15_d10,T4,4,BBOB,-296.4525291900849,-178.14897236116622,-70.03,,,valid,bounded_gp_piecewise,True
91d2093787a052e81755,control,bbob_f15_d10,GP_control,4,BBOB,-296.4525291900849,-178.14897236116622,-70.03,,,valid,bounded_gp_piecewise,True
4eaf95dcceaf01614122,control,bbob_f15_d10,GP,5,BBOB,-284.14995024125915,-44.216929090681575,48.22,,,valid,bounded_gp_piecewise,True
5fddea15869f974229ca,control,bbob_f15_d10,T0,5,BBOB,-284.14995024125915,-44.216929090681575,48.22,,,valid,bounded_gp_piecewise,True
7acb5415822ae21d6d56,control,bbob_f15_d10,T4,5,BBOB,-284.14995024125915,-44.216929090681575,48.22,,,valid,bounded_gp_piecewise,True
8a6d437b432f098d8c1b,control,bbob_f15_d10,GP_control,5,BBOB,-284.14995024125915,-44.216929090681575,48.22,,,valid,bounded_gp_piecewise,True
04d88aa428200c5a3d4c,control,hpo_bayesmark_breast_svm,GP,2,HPO,-0.05934065934065935,-0.05934065934065935,,0.00219780219780219,shared_initialization_IQR,valid,no_gp_gain_initialization_exponential,False
d9db62ba5e8c1a30fc2a,control,hpo_bayesmark_breast_svm,T0,2,HPO,-0.05934065934065935,-0.05934065934065935,,0.00219780219780219,shared_initialization_IQR,valid,no_gp_gain_initialization_exponential,False
5c2ad1e800dfe30fe479,control,hpo_bayesmark_breast_svm,T4,2,HPO,-0.05934065934065935,-0.05934065934065935,,0.00219780219780219,shared_initialization_IQR,valid,no_gp_gain_initialization_exponential,False
9c567782f2a9ad8f6f9a,control,hpo_bayesmark_breast_svm,GP_control,2,HPO,-0.05934065934065935,-0.05934065934065935,,0.00219780219780219,shared_initialization_IQR,valid,no_gp_gain_initialization_exponential,False
c3ef50f90905200cf2f7,control,hpo_bayesmark_breast_svm,GP,3,HPO,-0.05714285714285716,-0.05714285714285716,,0.01098901098901095,shared_initialization_IQR,valid,no_gp_gain_initialization_exponential,False
385f3227638574b3488d,control,hpo_bayesmark_breast_svm,T0,3,HPO,-0.05714285714285716,-0.05714285714285716,,0.01098901098901095,shared_initialization_IQR,valid,no_gp_gain_initialization_exponential,False
41f119a88bb3b7dc1c99,control,hpo_bayesmark_breast_svm,T4,3,HPO,-0.05714285714285716,-0.05714285714285716,,0.01098901098901095,shared_initialization_IQR,valid,no_gp_gain_initialization_exponential,False
f706d82033d0114b43b5,control,hpo_bayesmark_breast_svm,GP_control,3,HPO,-0.05714285714285716,-0.05714285714285716,,0.01098901098901095,shared_initialization_IQR,valid,no_gp_gain_initialization_exponential,False
5ca0c47919abf95d0b52,control,hpo_bayesmark_breast_svm,GP,4,HPO,-0.06813186813186811,-0.05934065934065935,,0.00879120879120876,matched_gp_improvement,valid,gp_linear_smooth_exponential_tail,True
9731e74b27317edca7f7,control,hpo_bayesmark_breast_svm,T0,4,HPO,-0.06813186813186811,-0.05934065934065935,,0.00879120879120876,matched_gp_improvement,valid,gp_linear_smooth_exponential_tail,True
9b1c68dd8efbbbdced1a,control,hpo_bayesmark_breast_svm,T4,4,HPO,-0.06813186813186811,-0.05934065934065935,,0.00879120879120876,matched_gp_improvement,valid,gp_linear_smooth_exponential_tail,True
d0ac498d08309687cf63,control,hpo_bayesmark_breast_svm,GP_control,4,HPO,-0.06813186813186811,-0.05934065934065935,,0.00879120879120876,matched_gp_improvement,valid,gp_linear_smooth_exponential_tail,True
2e02feaec2f42e598fc6,control,hpo_bayesmark_breast_svm,GP,5,HPO,-0.05934065934065935,-0.05494505494505497,,0.00439560439560438,matched_gp_improvement,valid,gp_linear_smooth_exponential_tail,True
f24a0863963c076bba38,control,hpo_bayesmark_breast_svm,T0,5,HPO,-0.05934065934065935,-0.05494505494505497,,0.00439560439560438,matched_gp_improvement,valid,gp_linear_smooth_exponential_tail,True
854a1f2513751ba51b23,control,hpo_bayesmark_breast_svm,T4,5,HPO,-0.05934065934065935,-0.05494505494505497,,0.00439560439560438,matched_gp_improvement,valid,gp_linear_smooth_exponential_tail,True
028c7c45895c3d14e106,control,hpo_bayesmark_breast_svm,GP_control,5,HPO,-0.05934065934065935,-0.05494505494505497,,0.00439560439560438,matched_gp_improvement,valid,gp_linear_smooth_exponential_tail,True
83a63a4aa2e1f9c3a2a3,control,hpo_bayesmark_diabetes_random_forest,GP,2,HPO,-0.844515286074131,-0.5169804310135063,,0.32753485506062463,matched_gp_improvement,valid,gp_linear_smooth_exponential_tail,True
71fdb19549da487d11e9,control,hpo_bayesmark_diabetes_random_forest,T0,2,HPO,-0.844515286074131,-0.5169804310135063,,0.32753485506062463,matched_gp_improvement,valid,gp_linear_smooth_exponential_tail,True
7dee253fef1f89750a2c,control,hpo_bayesmark_diabetes_random_forest,T4,2,HPO,-0.844515286074131,-0.5169804310135063,,0.32753485506062463,matched_gp_improvement,valid,gp_linear_smooth_exponential_tail,True
53749eb002670dc445bd,control,hpo_bayesmark_diabetes_random_forest,GP_control,2,HPO,-0.844515286074131,-0.5169804310135063,,0.32753485506062463,matched_gp_improvement,valid,gp_linear_smooth_exponential_tail,True
94f3a9e4d905630cbd62,control,hpo_bayesmark_diabetes_random_forest,GP,3,HPO,-0.7484068766924775,-0.5169804310135063,,0.2314264456789712,matched_gp_improvement,valid,gp_linear_smooth_exponential_tail,True
a59fcabfa064c8c1d6ab,control,hpo_bayesmark_diabetes_random_forest,T0,3,HPO,-0.7484068766924775,-0.5169804310135063,,0.2314264456789712,matched_gp_improvement,valid,gp_linear_smooth_exponential_tail,True
1334054239d0ce98b25f,control,hpo_bayesmark_diabetes_random_forest,T4,3,HPO,-0.7484068766924775,-0.5169804310135063,,0.2314264456789712,matched_gp_improvement,valid,gp_linear_smooth_exponential_tail,True
477a29afad972593c3a2,control,hpo_bayesmark_diabetes_random_forest,GP_control,3,HPO,-0.7484068766924775,-0.5169804310135063,,0.2314264456789712,matched_gp_improvement,valid,gp_linear_smooth_exponential_tail,True
7a8f9aed77e8b512ad6d,control,hpo_bayesmark_diabetes_random_forest,GP,4,HPO,-0.5898489758774736,-0.5164917214982737,,0.07335725437919993,matched_gp_improvement,valid,gp_linear_smooth_exponential_tail,True
aed80f199af03bffb156,control,hpo_bayesmark_diabetes_random_forest,T0,4,HPO,-0.5898489758774736,-0.5164917214982737,,0.07335725437919993,matched_gp_improvement,valid,gp_linear_smooth_exponential_tail,True
d316634df8032b48f7b1,control,hpo_bayesmark_diabetes_random_forest,T4,4,HPO,-0.5898489758774736,-0.5164917214982737,,0.07335725437919993,matched_gp_improvement,valid,gp_linear_smooth_exponential_tail,True
bdccb7ab60010d2c9327,control,hpo_bayesmark_diabetes_random_forest,GP_control,4,HPO,-0.5898489758774736,-0.5164917214982737,,0.07335725437919993,matched_gp_improvement,valid,gp_linear_smooth_exponential_tail,True
5bd50b87ebe3927e5a76,control,hpo_bayesmark_diabetes_random_forest,GP,5,HPO,-0.8802797649611508,-0.5416109561112767,,0.33866880884987405,matched_gp_improvement,valid,gp_linear_smooth_exponential_tail,True
09ff3257119caeeceeeb,control,hpo_bayesmark_diabetes_random_forest,T0,5,HPO,-0.8802797649611508,-0.5416109561112767,,0.33866880884987405,matched_gp_improvement,valid,gp_linear_smooth_exponential_tail,True
f748fa467cdc67f9f608,control,hpo_bayesmark_diabetes_random_forest,T4,5,HPO,-0.8802797649611508,-0.5416109561112767,,0.33866880884987405,matched_gp_improvement,valid,gp_linear_smooth_exponential_tail,True
c77c1d223a22fc9f84bf,control,hpo_bayesmark_diabetes_random_forest,GP_control,5,HPO,-0.8802797649611508,-0.5416109561112767,,0.33866880884987405,matched_gp_improvement,valid,gp_linear_smooth_exponential_tail,True
88d21868a1b8f66f4cf9,control,knob_http_surrogate_pg_5,GP,2,DBTune,-30.85887350000002,-30.001452166666674,,0.8574213333333454,matched_gp_improvement,valid,gp_linear_smooth_exponential_tail,True
67ff0c8c0a4230706352,control,knob_http_surrogate_pg_5,T0,2,DBTune,-30.85887350000002,-30.001452166666674,,0.8574213333333454,matched_gp_improvement,valid,gp_linear_smooth_exponential_tail,True
aff280228104552c6db1,control,knob_http_surrogate_pg_5,T4,2,DBTune,-30.85887350000002,-30.001452166666674,,0.8574213333333454,matched_gp_improvement,valid,gp_linear_smooth_exponential_tail,True
00f01e956e7eebb8a435,control,knob_http_surrogate_pg_5,GP_control,2,DBTune,-30.85887350000002,-30.001452166666674,,0.8574213333333454,matched_gp_improvement,valid,gp_linear_smooth_exponential_tail,True
c7dafa68e050a6ceac65,control,knob_http_surrogate_pg_5,GP,3,DBTune,-36.85804599999999,-29.83624349999999,,7.021802499999996,matched_gp_improvement,valid,gp_linear_smooth_exponential_tail,True
b49771b87b76b6debd55,control,knob_http_surrogate_pg_5,T0,3,DBTune,-36.85804599999999,-29.83624349999999,,7.021802499999996,matched_gp_improvement,valid,gp_linear_smooth_exponential_tail,True
d287d16eb3cad1a7171b,control,knob_http_surrogate_pg_5,T4,3,DBTune,-36.85804599999999,-29.83624349999999,,7.021802499999996,matched_gp_improvement,valid,gp_linear_smooth_exponential_tail,True
2bf5352191aed60c9bff,control,knob_http_surrogate_pg_5,GP_control,3,DBTune,-36.85804599999999,-29.83624349999999,,7.021802499999996,matched_gp_improvement,valid,gp_linear_smooth_exponential_tail,True
07698337a15b1d400417,control,knob_http_surrogate_pg_5,GP,4,DBTune,-32.40261499999999,-30.51815500000003,,1.8844599999999616,matched_gp_improvement,valid,gp_linear_smooth_exponential_tail,True
d2628d04b9665c48d392,control,knob_http_surrogate_pg_5,T0,4,DBTune,-32.40261499999999,-30.51815500000003,,1.8844599999999616,matched_gp_improvement,valid,gp_linear_smooth_exponential_tail,True
8b2214f2ab631747f5b5,control,knob_http_surrogate_pg_5,T4,4,DBTune,-32.40261499999999,-30.51815500000003,,1.8844599999999616,matched_gp_improvement,valid,gp_linear_smooth_exponential_tail,True
dae096ec2e64eb45927b,control,knob_http_surrogate_pg_5,GP_control,4,DBTune,-32.40261499999999,-30.51815500000003,,1.8844599999999616,matched_gp_improvement,valid,gp_linear_smooth_exponential_tail,True
23a7b9555b275c5c79a2,control,knob_http_surrogate_pg_5,GP,5,DBTune,-31.504816,-29.571791500000014,,1.9330244999999877,matched_gp_improvement,valid,gp_linear_smooth_exponential_tail,True
ad180e52d297878a630a,control,knob_http_surrogate_pg_5,T0,5,DBTune,-31.504816,-29.571791500000014,,1.9330244999999877,matched_gp_improvement,valid,gp_linear_smooth_exponential_tail,True
192bb572b9e48e7ef4ed,control,knob_http_surrogate_pg_5,T4,5,DBTune,-31.504816,-29.571791500000014,,1.9330244999999877,matched_gp_improvement,valid,gp_linear_smooth_exponential_tail,True
a0cbbeb4813158c1658e,control,knob_http_surrogate_pg_5,GP_control,5,DBTune,-31.504816,-29.571791500000014,,1.9330244999999877,matched_gp_improvement,valid,gp_linear_smooth_exponential_tail,True
55e195f64cbe5d74b4be,control,knob_http_surrogate_sysbench_5,GP,2,DBTune,362.6538589226556,387.40303646184066,,24.74917753918504,matched_gp_improvement,valid,gp_linear_smooth_exponential_tail,True
d373b0088d61d9dd51fe,control,knob_http_surrogate_sysbench_5,T0,2,DBTune,362.6538589226556,387.40303646184066,,24.74917753918504,matched_gp_improvement,valid,gp_linear_smooth_exponential_tail,True
a4279bb598f282d2c96b,control,knob_http_surrogate_sysbench_5,T4,2,DBTune,362.6538589226556,387.40303646184066,,24.74917753918504,matched_gp_improvement,valid,gp_linear_smooth_exponential_tail,True
be1d270c7968d0f52b66,control,knob_http_surrogate_sysbench_5,GP_control,2,DBTune,362.6538589226556,387.40303646184066,,24.74917753918504,matched_gp_improvement,valid,gp_linear_smooth_exponential_tail,True
628a233f9e82e8e9911e,control,knob_http_surrogate_sysbench_5,GP,3,DBTune,352.4350924987192,377.1253772823432,,24.69028478362401,matched_gp_improvement,valid,gp_linear_smooth_exponential_tail,True
f65937727f85ddc9d885,control,knob_http_surrogate_sysbench_5,T0,3,DBTune,352.4350924987192,377.1253772823432,,24.69028478362401,matched_gp_improvement,valid,gp_linear_smooth_exponential_tail,True
8f6a4e2225e6aa719579,control,knob_http_surrogate_sysbench_5,T4,3,DBTune,352.4350924987192,377.1253772823432,,24.69028478362401,matched_gp_improvement,valid,gp_linear_smooth_exponential_tail,True
4cd9372ba6137588a1ee,control,knob_http_surrogate_sysbench_5,GP_control,3,DBTune,352.4350924987192,377.1253772823432,,24.69028478362401,matched_gp_improvement,valid,gp_linear_smooth_exponential_tail,True
c22a599f0f62c24016f6,control,knob_http_surrogate_sysbench_5,GP,4,DBTune,372.24886971189545,378.9629724327924,,6.71410272089696,matched_gp_improvement,valid,gp_linear_smooth_exponential_tail,True
3575261d9b411efa0649,control,knob_http_surrogate_sysbench_5,T0,4,DBTune,372.24886971189545,378.9629724327924,,6.71410272089696,matched_gp_improvement,valid,gp_linear_smooth_exponential_tail,True
81f050e2bbcbee3040df,control,knob_http_surrogate_sysbench_5,T4,4,DBTune,372.24886971189545,378.9629724327924,,6.71410272089696,matched_gp_improvement,valid,gp_linear_smooth_exponential_tail,True
530cd0944057ac41d1a7,control,knob_http_surrogate_sysbench_5,GP_control,4,DBTune,372.24886971189545,378.9629724327924,,6.71410272089696,matched_gp_improvement,valid,gp_linear_smooth_exponential_tail,True
8e848bd0522a1ca5cfa6,control,knob_http_surrogate_sysbench_5,GP,5,DBTune,372.00970827302496,378.13332541899234,,6.123617145967387,matched_gp_improvement,valid,gp_linear_smooth_exponential_tail,True
fa58a46d72e913310026,control,knob_http_surrogate_sysbench_5,T0,5,DBTune,372.00970827302496,378.13332541899234,,6.123617145967387,matched_gp_improvement,valid,gp_linear_smooth_exponential_tail,True
2607bc645d36bb99e76f,control,knob_http_surrogate_sysbench_5,T4,5,DBTune,372.00970827302496,378.13332541899234,,6.123617145967387,matched_gp_improvement,valid,gp_linear_smooth_exponential_tail,True
151a81b33f21ee2fa778,control,knob_http_surrogate_sysbench_5,GP_control,5,DBTune,372.00970827302496,378.13332541899234,,6.123617145967387,matched_gp_improvement,valid,gp_linear_smooth_exponential_tail,True
c8075c1f5ed003d09c11,control,bboplace_adaptec1_n32,GP,2,BBOPlace,-1777291.375,-1245040.732142856,,532250.6428571439,matched_gp_improvement,valid,gp_linear_smooth_exponential_tail,True
1278536ece324698086c,control,bboplace_adaptec1_n32,T0,2,BBOPlace,-1777291.375,-1245040.732142856,,532250.6428571439,matched_gp_improvement,valid,gp_linear_smooth_exponential_tail,True
d069fa87fc639663dd21,control,bboplace_adaptec1_n32,T4,2,BBOPlace,-1777291.375,-1245040.732142856,,532250.6428571439,matched_gp_improvement,valid,gp_linear_smooth_exponential_tail,True
7539ff0cb4a9a5eb4590,control,bboplace_adaptec1_n32,GP_control,2,BBOPlace,-1777291.375,-1245040.732142856,,532250.6428571439,matched_gp_improvement,valid,gp_linear_smooth_exponential_tail,True
eb2838ffbfe5babc733f,control,bboplace_adaptec1_n32,GP,3,BBOPlace,-1728078.125000003,-1176681.6785714286,,551396.4464285744,matched_gp_improvement,valid,gp_linear_smooth_exponential_tail,True
8b1b19e164dfd04bafa0,control,bboplace_adaptec1_n32,T0,3,BBOPlace,-1728078.125000003,-1176681.6785714286,,551396.4464285744,matched_gp_improvement,valid,gp_linear_smooth_exponential_tail,True
32d40b7c05cba82ac5b6,control,bboplace_adaptec1_n32,T4,3,BBOPlace,-1728078.125000003,-1176681.6785714286,,551396.4464285744,matched_gp_improvement,valid,gp_linear_smooth_exponential_tail,True
fffdbc09f3e0dfd00535,control,bboplace_adaptec1_n32,GP_control,3,BBOPlace,-1728078.125000003,-1176681.6785714286,,551396.4464285744,matched_gp_improvement,valid,gp_linear_smooth_exponential_tail,True
e1d07ce3b687cd25e2c5,control,bboplace_adaptec1_n32,GP,4,BBOPlace,-1981787.339285721,-1151065.6785714275,,830721.6607142936,matched_gp_improvement,valid,gp_linear_smooth_exponential_tail,True
ddef047a54410c177dc2,control,bboplace_adaptec1_n32,T0,4,BBOPlace,-1981787.339285721,-1151065.6785714275,,830721.6607142936,matched_gp_improvement,valid,gp_linear_smooth_exponential_tail,True
2b2412f0a1553e1533cc,control,bboplace_adaptec1_n32,T4,4,BBOPlace,-1981787.339285721,-1151065.6785714275,,830721.6607142936,matched_gp_improvement,valid,gp_linear_smooth_exponential_tail,True
f0e12ac80c06a3ad7979,control,bboplace_adaptec1_n32,GP_control,4,BBOPlace,-1981787.339285721,-1151065.6785714275,,830721.6607142936,matched_gp_improvement,valid,gp_linear_smooth_exponential_tail,True
e6827f03fd6c8695037d,control,bboplace_adaptec1_n32,GP,5,BBOPlace,-1792077.5535714293,-1084944.80357143,,707132.7499999993,matched_gp_improvement,valid,gp_linear_smooth_exponential_tail,True
df81583832a2efa7838e,control,bboplace_adaptec1_n32,T0,5,BBOPlace,-1792077.5535714293,-1084944.80357143,,707132.7499999993,matched_gp_improvement,valid,gp_linear_smooth_exponential_tail,True
8c1c719cb94b0f25eaf5,control,bboplace_adaptec1_n32,T4,5,BBOPlace,-1792077.5535714293,-1084944.80357143,,707132.7499999993,matched_gp_improvement,valid,gp_linear_smooth_exponential_tail,True
4536b7eaa1cc07e43a66,control,bboplace_adaptec1_n32,GP_control,5,BBOPlace,-1792077.5535714293,-1084944.80357143,,707132.7499999993,matched_gp_improvement,valid,gp_linear_smooth_exponential_tail,True
ca42fee9cd6e0524f939,control,bboplace_bigblue1_n32,GP,2,BBOPlace,-1000212.4464285712,-437682.1428571442,,562530.303571427,matched_gp_improvement,valid,gp_linear_smooth_exponential_tail,True
07239568bfda7f8c871e,control,bboplace_bigblue1_n32,T0,2,BBOPlace,-1000212.4464285712,-437682.1428571442,,562530.303571427,matched_gp_improvement,valid,gp_linear_smooth_exponential_tail,True
9f5388252f2b6c09d124,control,bboplace_bigblue1_n32,T4,2,BBOPlace,-1000212.4464285712,-437682.1428571442,,562530.303571427,matched_gp_improvement,valid,gp_linear_smooth_exponential_tail,True
afde6cd7157155af8afc,control,bboplace_bigblue1_n32,GP_control,2,BBOPlace,-1000212.4464285712,-437682.1428571442,,562530.303571427,matched_gp_improvement,valid,gp_linear_smooth_exponential_tail,True
2ac1e1c57cb5614835c8,control,bboplace_bigblue1_n32,GP,3,BBOPlace,-1275679.249999991,-382258.10714285815,,893421.1428571327,matched_gp_improvement,valid,gp_linear_smooth_exponential_tail,True
25843501c98d4b674415,control,bboplace_bigblue1_n32,T0,3,BBOPlace,-1275679.249999991,-382258.10714285815,,893421.1428571327,matched_gp_improvement,valid,gp_linear_smooth_exponential_tail,True
064709435707812979ad,control,bboplace_bigblue1_n32,T4,3,BBOPlace,-1275679.249999991,-382258.10714285815,,893421.1428571327,matched_gp_improvement,valid,gp_linear_smooth_exponential_tail,True
bf857dfa98c514120e67,control,bboplace_bigblue1_n32,GP_control,3,BBOPlace,-1275679.249999991,-382258.10714285815,,893421.1428571327,matched_gp_improvement,valid,gp_linear_smooth_exponential_tail,True
f88c2164b3a6258da37c,control,bboplace_bigblue1_n32,GP,4,BBOPlace,-795829.9821428616,-473377.5178571426,,322452.464285719,matched_gp_improvement,valid,gp_linear_smooth_exponential_tail,True
e48ef73151f74a173dfb,control,bboplace_bigblue1_n32,T0,4,BBOPlace,-795829.9821428616,-473377.5178571426,,322452.464285719,matched_gp_improvement,valid,gp_linear_smooth_exponential_tail,True
b246af136739e5b40a24,control,bboplace_bigblue1_n32,T4,4,BBOPlace,-795829.9821428616,-473377.5178571426,,322452.464285719,matched_gp_improvement,valid,gp_linear_smooth_exponential_tail,True
e50efe208d23ee55c280,control,bboplace_bigblue1_n32,GP_control,4,BBOPlace,-795829.9821428616,-473377.5178571426,,322452.464285719,matched_gp_improvement,valid,gp_linear_smooth_exponential_tail,True
38513cf5a39c32aed981,control,bboplace_bigblue1_n32,GP,5,BBOPlace,-1076061.3571428582,-465463.55357142736,,610597.8035714308,matched_gp_improvement,valid,gp_linear_smooth_exponential_tail,True
57c64ffd0268c9b3f58b,control,bboplace_bigblue1_n32,T0,5,BBOPlace,-1076061.3571428582,-465463.55357142736,,610597.8035714308,matched_gp_improvement,valid,gp_linear_smooth_exponential_tail,True
efd6e4e02e2201e3c8d1,control,bboplace_bigblue1_n32,T4,5,BBOPlace,-1076061.3571428582,-465463.55357142736,,610597.8035714308,matched_gp_improvement,valid,gp_linear_smooth_exponential_tail,True
07a83882de738dac38fd,control,bboplace_bigblue1_n32,GP_control,5,BBOPlace,-1076061.3571428582,-465463.55357142736,,610597.8035714308,matched_gp_improvement,valid,gp_linear_smooth_exponential_tail,True
f272a567f1f400fb5ee0,role_four,bbob_f02_d10,T0,2,BBOB,-1912593.479422281,-8344.8101420032,87.89,,,valid,bounded_gp_piecewise,True
2e436976d7e0de9bf3dd,role_four,bbob_f02_d10,GP_handoff,2,BBOB,-1912593.479422281,-8344.8101420032,87.89,,,valid,bounded_gp_piecewise,True
817d713ee3209d89f05e,role_four,bbob_f02_d10,TuRBO_handoff,2,BBOB,-1912593.479422281,-8344.8101420032,87.89,,,valid,bounded_gp_piecewise,True
f1eff96aedcdfa4e7b4c,role_four,bbob_f02_d10,Local_handoff,2,BBOB,-1912593.479422281,-8344.8101420032,87.89,,,valid,bounded_gp_piecewise,True
eaba10836b107312aff8,role_four,bbob_f02_d10,GP_control,2,BBOB,-1912593.479422281,-8344.8101420032,87.89,,,valid,bounded_gp_piecewise,True
b269f2452450572849d8,role_four,bbob_f02_d10,T4,2,BBOB,-1912593.479422281,-8344.8101420032,87.89,,,valid,bounded_gp_piecewise,True
26389368942215c546af,role_four,bbob_f02_d10,Generated,2,BBOB,-1912593.479422281,-8344.8101420032,87.89,,,valid,bounded_gp_piecewise,True
28320fa8d7e219e6280b,role_four,bbob_f02_d10,Generated,2,BBOB,-1912593.479422281,-8344.8101420032,87.89,,,valid,bounded_gp_piecewise,True
00c8a2224ee7bae97370,role_four,bbob_f02_d10,Generated,2,BBOB,-1912593.479422281,-8344.8101420032,87.89,,,valid,bounded_gp_piecewise,True
9a19b9af7abca832903a,role_four,bbob_f02_d10,GP,2,BBOB,-1912593.479422281,-8344.8101420032,87.89,,,valid,bounded_gp_piecewise,True
36c279d54b9a80c0c937,role_four,bbob_f02_d10,T0,3,BBOB,-1980297.3222938296,-6673.451121820796,209.88,,,valid,bounded_gp_piecewise,True
ddd7bd7d9f895978e941,role_four,bbob_f02_d10,GP_handoff,3,BBOB,-1980297.3222938296,-6673.451121820796,209.88,,,valid,bounded_gp_piecewise,True
373f34eecd08b6f602a2,role_four,bbob_f02_d10,TuRBO_handoff,3,BBOB,-1980297.3222938296,-6673.451121820796,209.88,,,valid,bounded_gp_piecewise,True
715103704c58f749caae,role_four,bbob_f02_d10,Local_handoff,3,BBOB,-1980297.3222938296,-6673.451121820796,209.88,,,valid,bounded_gp_piecewise,True
d59fb3b7879f95e3fc09,role_four,bbob_f02_d10,GP_control,3,BBOB,-1980297.3222938296,-6673.451121820796,209.88,,,valid,bounded_gp_piecewise,True
d358a2aacdbb6fb90b76,role_four,bbob_f02_d10,T4,3,BBOB,-1980297.3222938296,-6673.451121820796,209.88,,,valid,bounded_gp_piecewise,True
4f8f05eef3eefea68323,role_four,bbob_f02_d10,Generated,3,BBOB,-1980297.3222938296,-6673.451121820796,209.88,,,valid,bounded_gp_piecewise,True
acd1f134debd75dffd20,role_four,bbob_f02_d10,Generated,3,BBOB,-1980297.3222938296,-6673.451121820796,209.88,,,valid,bounded_gp_piecewise,True
7fe6cc76e093d27520bc,role_four,bbob_f02_d10,Generated,3,BBOB,-1980297.3222938296,-6673.451121820796,209.88,,,valid,bounded_gp_piecewise,True
8ca7dda320a4112c1e89,role_four,bbob_f02_d10,GP,3,BBOB,-1980297.3222938296,-6673.451121820796,209.88,,,valid,bounded_gp_piecewise,True
90d5ddc3823cd6133db4,role_four,bbob_f02_d10,T0,4,BBOB,-624877.3112992622,-13392.348208936086,92.09,,,valid,bounded_gp_piecewise,True
e3870e07a0be9847d79d,role_four,bbob_f02_d10,GP_handoff,4,BBOB,-624877.3112992622,-13392.348208936086,92.09,,,valid,bounded_gp_piecewise,True
1d5daaac496c43b04ed9,role_four,bbob_f02_d10,TuRBO_handoff,4,BBOB,-624877.3112992622,-13392.348208936086,92.09,,,valid,bounded_gp_piecewise,True
88282ddfc0b9661d6fd6,role_four,bbob_f02_d10,Local_handoff,4,BBOB,-624877.3112992622,-13392.348208936086,92.09,,,valid,bounded_gp_piecewise,True
4343ff736221c33d0359,role_four,bbob_f02_d10,GP_control,4,BBOB,-624877.3112992622,-13392.348208936086,92.09,,,valid,bounded_gp_piecewise,True
518218ce55648d5ce630,role_four,bbob_f02_d10,T4,4,BBOB,-624877.3112992622,-13392.348208936086,92.09,,,valid,bounded_gp_piecewise,True
5c79d117e8a42d0618d4,role_four,bbob_f02_d10,Generated,4,BBOB,-624877.3112992622,-13392.348208936086,92.09,,,valid,bounded_gp_piecewise,True
7774da6055f6d3ca50ae,role_four,bbob_f02_d10,Generated,4,BBOB,-624877.3112992622,-13392.348208936086,92.09,,,valid,bounded_gp_piecewise,True
360bdbd90ec34b5e00b3,role_four,bbob_f02_d10,Generated,4,BBOB,-624877.3112992622,-13392.348208936086,92.09,,,valid,bounded_gp_piecewise,True
812a79042318a55fee68,role_four,bbob_f02_d10,GP,4,BBOB,-624877.3112992622,-13392.348208936086,92.09,,,valid,bounded_gp_piecewise,True
5d3100ac24596b9b4a61,role_four,bbob_f02_d10,T0,5,BBOB,-1214391.7933118527,-13976.024333793624,87.89,,,valid,bounded_gp_piecewise,True
a5cb8a9f2b1885ec6417,role_four,bbob_f02_d10,GP_handoff,5,BBOB,-1214391.7933118527,-13976.024333793624,87.89,,,valid,bounded_gp_piecewise,True
13bce25b9a4cbdfe0c90,role_four,bbob_f02_d10,TuRBO_handoff,5,BBOB,-1214391.7933118527,-13976.024333793624,87.89,,,valid,bounded_gp_piecewise,True
360ff184ed7ec7572199,role_four,bbob_f02_d10,Local_handoff,5,BBOB,-1214391.7933118527,-13976.024333793624,87.89,,,valid,bounded_gp_piecewise,True
1409c336923d596d25bb,role_four,bbob_f02_d10,GP_control,5,BBOB,-1214391.7933118527,-13976.024333793624,87.89,,,valid,bounded_gp_piecewise,True
c66c496701bca6c83344,role_four,bbob_f02_d10,T4,5,BBOB,-1214391.7933118527,-13976.024333793624,87.89,,,valid,bounded_gp_piecewise,True
53ae450d6e12bf2aa72f,role_four,bbob_f02_d10,Generated,5,BBOB,-1214391.7933118527,-13976.024333793624,87.89,,,valid,bounded_gp_piecewise,True
0d76e626e3373ad615f6,role_four,bbob_f02_d10,Generated,5,BBOB,-1214391.7933118527,-13976.024333793624,87.89,,,valid,bounded_gp_piecewise,True
3e6ddcbda0a92b06be6a,role_four,bbob_f02_d10,Generated,5,BBOB,-1214391.7933118527,-13976.024333793624,87.89,,,valid,bounded_gp_piecewise,True
2373920b3e6ce7d703f7,role_four,bbob_f02_d10,GP,5,BBOB,-1214391.7933118527,-13976.024333793624,87.89,,,valid,bounded_gp_piecewise,True
27562433f7792f079f77,role_four,bbob_f15_d10,T0,2,BBOB,-443.37238541667534,-69.94332087559135,48.22,,,valid,bounded_gp_piecewise,True
4f21ae248fa12e2fe762,role_four,bbob_f15_d10,GP_handoff,2,BBOB,-443.37238541667534,-69.94332087559135,48.22,,,valid,bounded_gp_piecewise,True
0649ffa9326a25dd30ab,role_four,bbob_f15_d10,TuRBO_handoff,2,BBOB,-443.37238541667534,-69.94332087559135,48.22,,,valid,bounded_gp_piecewise,True
7e7975c75a7961ad3594,role_four,bbob_f15_d10,Local_handoff,2,BBOB,-443.37238541667534,-69.94332087559135,48.22,,,valid,bounded_gp_piecewise,True
57dcb921cf3298b49093,role_four,bbob_f15_d10,GP_control,2,BBOB,-443.37238541667534,-69.94332087559135,48.22,,,valid,bounded_gp_piecewise,True
60d0617400ce47374937,role_four,bbob_f15_d10,T4,2,BBOB,-443.37238541667534,-69.94332087559135,48.22,,,valid,bounded_gp_piecewise,True
12527cc698ed53fe2abc,role_four,bbob_f15_d10,Generated,2,BBOB,-443.37238541667534,-69.94332087559135,48.22,,,valid,bounded_gp_piecewise,True
d42b4fb6f91cb1e85ce6,role_four,bbob_f15_d10,Generated,2,BBOB,-443.37238541667534,-69.94332087559135,48.22,,,valid,bounded_gp_piecewise,True
a45a53e8b7ee079a02a5,role_four,bbob_f15_d10,Generated,2,BBOB,-443.37238541667534,-69.94332087559135,48.22,,,valid,bounded_gp_piecewise,True
35ad6e31ffcecf3c788c,role_four,bbob_f15_d10,GP,2,BBOB,-443.37238541667534,-69.94332087559135,48.22,,,valid,bounded_gp_piecewise,True
69c60b3cedb95234debb,role_four,bbob_f15_d10,T0,3,BBOB,-1450.1047224323365,-1095.0741815341255,-1000.0,,,valid,bounded_gp_piecewise,True
2455fbde556ee48e28d4,role_four,bbob_f15_d10,GP_handoff,3,BBOB,-1450.1047224323365,-1095.0741815341255,-1000.0,,,valid,bounded_gp_piecewise,True
fef0b81f28b565e750c4,role_four,bbob_f15_d10,TuRBO_handoff,3,BBOB,-1450.1047224323365,-1095.0741815341255,-1000.0,,,valid,bounded_gp_piecewise,True
ea9a999bd1ef007313fa,role_four,bbob_f15_d10,Local_handoff,3,BBOB,-1450.1047224323365,-1095.0741815341255,-1000.0,,,valid,bounded_gp_piecewise,True
1bdc405ae0b7c7069e78,role_four,bbob_f15_d10,GP_control,3,BBOB,-1450.1047224323365,-1095.0741815341255,-1000.0,,,valid,bounded_gp_piecewise,True
d06de27bbc3ba1e6acf9,role_four,bbob_f15_d10,T4,3,BBOB,-1450.1047224323365,-1095.0741815341255,-1000.0,,,valid,bounded_gp_piecewise,True
8805af9a7bad2c869f7f,role_four,bbob_f15_d10,Generated,3,BBOB,-1450.1047224323365,-1095.0741815341255,-1000.0,,,valid,bounded_gp_piecewise,True
a5941b4cdc685c9a086f,role_four,bbob_f15_d10,Generated,3,BBOB,-1450.1047224323365,-1095.0741815341255,-1000.0,,,valid,bounded_gp_piecewise,True
5addb45d78571f284e4e,role_four,bbob_f15_d10,Generated,3,BBOB,-1450.1047224323365,-1095.0741815341255,-1000.0,,,valid,bounded_gp_piecewise,True
43808cb5431ca296f73d,role_four,bbob_f15_d10,GP,3,BBOB,-1450.1047224323365,-1095.0741815341255,-1000.0,,,valid,bounded_gp_piecewise,True
cf8ad2394c31fd5a4cab,role_four,bbob_f15_d10,T0,4,BBOB,-296.4525291900849,-178.14897236116622,-70.03,,,valid,bounded_gp_piecewise,True
afd63557014d05371713,role_four,bbob_f15_d10,GP_handoff,4,BBOB,-296.4525291900849,-178.14897236116622,-70.03,,,valid,bounded_gp_piecewise,True
612d00d7c460d2fd219b,role_four,bbob_f15_d10,TuRBO_handoff,4,BBOB,-296.4525291900849,-178.14897236116622,-70.03,,,valid,bounded_gp_piecewise,True
c5864dbeca8d950e99c4,role_four,bbob_f15_d10,Local_handoff,4,BBOB,-296.4525291900849,-178.14897236116622,-70.03,,,valid,bounded_gp_piecewise,True
7da44e1bffffe8844c8f,role_four,bbob_f15_d10,GP_control,4,BBOB,-296.4525291900849,-178.14897236116622,-70.03,,,valid,bounded_gp_piecewise,True
517165a5373c61f80a8f,role_four,bbob_f15_d10,T4,4,BBOB,-296.4525291900849,-178.14897236116622,-70.03,,,valid,bounded_gp_piecewise,True
7aa6f488a8ef5448c9bd,role_four,bbob_f15_d10,Generated,4,BBOB,-296.4525291900849,-178.14897236116622,-70.03,,,valid,bounded_gp_piecewise,True
8e02b1021f9a65650f61,role_four,bbob_f15_d10,Generated,4,BBOB,-296.4525291900849,-178.14897236116622,-70.03,,,valid,bounded_gp_piecewise,True
2d2227f60f9d16f75420,role_four,bbob_f15_d10,Generated,4,BBOB,-296.4525291900849,-178.14897236116622,-70.03,,,valid,bounded_gp_piecewise,True
7cee73b3c33856c08f14,role_four,bbob_f15_d10,GP,4,BBOB,-296.4525291900849,-178.14897236116622,-70.03,,,valid,bounded_gp_piecewise,True
a9a28ed6eb7f45902052,role_four,bbob_f15_d10,T0,5,BBOB,-284.14995024125915,-44.216929090681575,48.22,,,valid,bounded_gp_piecewise,True
03df72c7703ff00b70bf,role_four,bbob_f15_d10,GP_handoff,5,BBOB,-284.14995024125915,-44.216929090681575,48.22,,,valid,bounded_gp_piecewise,True
3ab671195f70aa420699,role_four,bbob_f15_d10,TuRBO_handoff,5,BBOB,-284.14995024125915,-44.216929090681575,48.22,,,valid,bounded_gp_piecewise,True
93489b3b714c1ea1f999,role_four,bbob_f15_d10,Local_handoff,5,BBOB,-284.14995024125915,-44.216929090681575,48.22,,,valid,bounded_gp_piecewise,True
a48149dcce8575bf0924,role_four,bbob_f15_d10,GP_control,5,BBOB,-284.14995024125915,-44.216929090681575,48.22,,,valid,bounded_gp_piecewise,True
c89509ba582e08990061,role_four,bbob_f15_d10,T4,5,BBOB,-284.14995024125915,-44.216929090681575,48.22,,,valid,bounded_gp_piecewise,True
480126d601e153b723dd,role_four,bbob_f15_d10,Generated,5,BBOB,-284.14995024125915,-44.216929090681575,48.22,,,valid,bounded_gp_piecewise,True
49eab35b0ffff2c0b170,role_four,bbob_f15_d10,Generated,5,BBOB,-284.14995024125915,-44.216929090681575,48.22,,,valid,bounded_gp_piecewise,True
aec515152f6aba3036ee,role_four,bbob_f15_d10,Generated,5,BBOB,-284.14995024125915,-44.216929090681575,48.22,,,valid,bounded_gp_piecewise,True
993666ad164ae0e1fe73,role_four,bbob_f15_d10,GP,5,BBOB,-284.14995024125915,-44.216929090681575,48.22,,,valid,bounded_gp_piecewise,True
7e42b5766579e3752d4c,role_four,hpo_bayesmark_breast_svm,T0,2,HPO,-0.05934065934065935,-0.05934065934065935,,0.00219780219780219,shared_initialization_IQR,valid,no_gp_gain_initialization_exponential,False
244ece20eef8be9c3ac8,role_four,hpo_bayesmark_breast_svm,GP_handoff,2,HPO,-0.05934065934065935,-0.05934065934065935,,0.00219780219780219,shared_initialization_IQR,valid,no_gp_gain_initialization_exponential,False
344a73003a5313a1efa0,role_four,hpo_bayesmark_breast_svm,TuRBO_handoff,2,HPO,-0.05934065934065935,-0.05934065934065935,,0.00219780219780219,shared_initialization_IQR,valid,no_gp_gain_initialization_exponential,False
7bd01fcd2c04fcf71be7,role_four,hpo_bayesmark_breast_svm,Local_handoff,2,HPO,-0.05934065934065935,-0.05934065934065935,,0.00219780219780219,shared_initialization_IQR,valid,no_gp_gain_initialization_exponential,False
76726cb6052e98907b38,role_four,hpo_bayesmark_breast_svm,GP_control,2,HPO,-0.05934065934065935,-0.05934065934065935,,0.00219780219780219,shared_initialization_IQR,valid,no_gp_gain_initialization_exponential,False
d5dbcaf90d3c92e58cda,role_four,hpo_bayesmark_breast_svm,T4,2,HPO,-0.05934065934065935,-0.05934065934065935,,0.00219780219780219,shared_initialization_IQR,valid,no_gp_gain_initialization_exponential,False
f5b5364451c17a66b1f8,role_four,hpo_bayesmark_breast_svm,Generated,2,HPO,-0.05934065934065935,-0.05934065934065935,,0.00219780219780219,shared_initialization_IQR,valid,no_gp_gain_initialization_exponential,False
9fcfef23015bee5c21ca,role_four,hpo_bayesmark_breast_svm,Generated,2,HPO,-0.05934065934065935,-0.05934065934065935,,0.00219780219780219,shared_initialization_IQR,valid,no_gp_gain_initialization_exponential,False
b555a93f4a28901cce56,role_four,hpo_bayesmark_breast_svm,Generated,2,HPO,-0.05934065934065935,-0.05934065934065935,,0.00219780219780219,shared_initialization_IQR,valid,no_gp_gain_initialization_exponential,False
0d7edfd7325ee69c6bd0,role_four,hpo_bayesmark_breast_svm,GP,2,HPO,-0.05934065934065935,-0.05934065934065935,,0.00219780219780219,shared_initialization_IQR,valid,no_gp_gain_initialization_exponential,False
7c8fbc683ea9de30435c,role_four,hpo_bayesmark_breast_svm,T0,3,HPO,-0.05714285714285716,-0.05714285714285716,,0.01098901098901095,shared_initialization_IQR,valid,no_gp_gain_initialization_exponential,False
ee0cfc890fe488386c11,role_four,hpo_bayesmark_breast_svm,GP_handoff,3,HPO,-0.05714285714285716,-0.05714285714285716,,0.01098901098901095,shared_initialization_IQR,valid,no_gp_gain_initialization_exponential,False
fb960ba8129db55848ef,role_four,hpo_bayesmark_breast_svm,TuRBO_handoff,3,HPO,-0.05714285714285716,-0.05714285714285716,,0.01098901098901095,shared_initialization_IQR,valid,no_gp_gain_initialization_exponential,False
1845bed9ff4f9d5ecd61,role_four,hpo_bayesmark_breast_svm,Local_handoff,3,HPO,-0.05714285714285716,-0.05714285714285716,,0.01098901098901095,shared_initialization_IQR,valid,no_gp_gain_initialization_exponential,False
57038f5163f3d67c9f81,role_four,hpo_bayesmark_breast_svm,GP_control,3,HPO,-0.05714285714285716,-0.05714285714285716,,0.01098901098901095,shared_initialization_IQR,valid,no_gp_gain_initialization_exponential,False
63cafb80630b196c5cf3,role_four,hpo_bayesmark_breast_svm,T4,3,HPO,-0.05714285714285716,-0.05714285714285716,,0.01098901098901095,shared_initialization_IQR,valid,no_gp_gain_initialization_exponential,False
5d76907fc671ce406f32,role_four,hpo_bayesmark_breast_svm,Generated,3,HPO,-0.05714285714285716,-0.05714285714285716,,0.01098901098901095,shared_initialization_IQR,valid,no_gp_gain_initialization_exponential,False
dec2357dc5eaab0e9ed8,role_four,hpo_bayesmark_breast_svm,Generated,3,HPO,-0.05714285714285716,-0.05714285714285716,,0.01098901098901095,shared_initialization_IQR,valid,no_gp_gain_initialization_exponential,False
629f2ec41d63b5cebefc,role_four,hpo_bayesmark_breast_svm,Generated,3,HPO,-0.05714285714285716,-0.05714285714285716,,0.01098901098901095,shared_initialization_IQR,valid,no_gp_gain_initialization_exponential,False
0f777fe918fdc26c7c94,role_four,hpo_bayesmark_breast_svm,GP,3,HPO,-0.05714285714285716,-0.05714285714285716,,0.01098901098901095,shared_initialization_IQR,valid,no_gp_gain_initialization_exponential,False
0f3ba03747e2c1383e9c,role_four,hpo_bayesmark_breast_svm,T0,4,HPO,-0.06813186813186811,-0.05934065934065935,,0.00879120879120876,matched_gp_improvement,valid,gp_linear_smooth_exponential_tail,True
1303ac37aa40fa906005,role_four,hpo_bayesmark_breast_svm,GP_handoff,4,HPO,-0.06813186813186811,-0.05934065934065935,,0.00879120879120876,matched_gp_improvement,valid,gp_linear_smooth_exponential_tail,True
78213cacee0efa5c6b10,role_four,hpo_bayesmark_breast_svm,TuRBO_handoff,4,HPO,-0.06813186813186811,-0.05934065934065935,,0.00879120879120876,matched_gp_improvement,valid,gp_linear_smooth_exponential_tail,True
91704e27f624081b4359,role_four,hpo_bayesmark_breast_svm,Local_handoff,4,HPO,-0.06813186813186811,-0.05934065934065935,,0.00879120879120876,matched_gp_improvement,valid,gp_linear_smooth_exponential_tail,True
e2db16ea4acb919a5e07,role_four,hpo_bayesmark_breast_svm,GP_control,4,HPO,-0.06813186813186811,-0.05934065934065935,,0.00879120879120876,matched_gp_improvement,valid,gp_linear_smooth_exponential_tail,True
1d7e8653598d030becd1,role_four,hpo_bayesmark_breast_svm,T4,4,HPO,-0.06813186813186811,-0.05934065934065935,,0.00879120879120876,matched_gp_improvement,valid,gp_linear_smooth_exponential_tail,True
ffeeaeeeb31388d0aba0,role_four,hpo_bayesmark_breast_svm,Generated,4,HPO,-0.06813186813186811,-0.05934065934065935,,0.00879120879120876,matched_gp_improvement,valid,gp_linear_smooth_exponential_tail,True
2fefdddcff41c435f061,role_four,hpo_bayesmark_breast_svm,Generated,4,HPO,-0.06813186813186811,-0.05934065934065935,,0.00879120879120876,matched_gp_improvement,valid,gp_linear_smooth_exponential_tail,True
7111d5a0c2ca2108f7e6,role_four,hpo_bayesmark_breast_svm,Generated,4,HPO,-0.06813186813186811,-0.05934065934065935,,0.00879120879120876,matched_gp_improvement,valid,gp_linear_smooth_exponential_tail,True
5e926a66b39be9948003,role_four,hpo_bayesmark_breast_svm,GP,4,HPO,-0.06813186813186811,-0.05934065934065935,,0.00879120879120876,matched_gp_improvement,valid,gp_linear_smooth_exponential_tail,True
9677152e358617478296,role_four,hpo_bayesmark_breast_svm,T0,5,HPO,-0.05934065934065935,-0.05494505494505497,,0.00439560439560438,matched_gp_improvement,valid,gp_linear_smooth_exponential_tail,True
6836f6478b88276678d3,role_four,hpo_bayesmark_breast_svm,GP_handoff,5,HPO,-0.05934065934065935,-0.05494505494505497,,0.00439560439560438,matched_gp_improvement,valid,gp_linear_smooth_exponential_tail,True
05be24a4ce636fc216a4,role_four,hpo_bayesmark_breast_svm,TuRBO_handoff,5,HPO,-0.05934065934065935,-0.05494505494505497,,0.00439560439560438,matched_gp_improvement,valid,gp_linear_smooth_exponential_tail,True
6308cef9964b7bcb22c3,role_four,hpo_bayesmark_breast_svm,Local_handoff,5,HPO,-0.05934065934065935,-0.05494505494505497,,0.00439560439560438,matched_gp_improvement,valid,gp_linear_smooth_exponential_tail,True
4e38c3b7db75ddcd2c90,role_four,hpo_bayesmark_breast_svm,GP_control,5,HPO,-0.05934065934065935,-0.05494505494505497,,0.00439560439560438,matched_gp_improvement,valid,gp_linear_smooth_exponential_tail,True
6202156bf962c90d073b,role_four,hpo_bayesmark_breast_svm,T4,5,HPO,-0.05934065934065935,-0.05494505494505497,,0.00439560439560438,matched_gp_improvement,valid,gp_linear_smooth_exponential_tail,True
560d2759a242e5c7b692,role_four,hpo_bayesmark_breast_svm,Generated,5,HPO,-0.05934065934065935,-0.05494505494505497,,0.00439560439560438,matched_gp_improvement,valid,gp_linear_smooth_exponential_tail,True
7f96cf653b61075ea8d2,role_four,hpo_bayesmark_breast_svm,Generated,5,HPO,-0.05934065934065935,-0.05494505494505497,,0.00439560439560438,matched_gp_improvement,valid,gp_linear_smooth_exponential_tail,True
54c95464a962a1e467dc,role_four,hpo_bayesmark_breast_svm,Generated,5,HPO,-0.05934065934065935,-0.05494505494505497,,0.00439560439560438,matched_gp_improvement,valid,gp_linear_smooth_exponential_tail,True
7f888d9b24975699b0d8,role_four,hpo_bayesmark_breast_svm,GP,5,HPO,-0.05934065934065935,-0.05494505494505497,,0.00439560439560438,matched_gp_improvement,valid,gp_linear_smooth_exponential_tail,True
5abc868a4428515330b2,role_four,hpo_bayesmark_diabetes_random_forest,T0,2,HPO,-0.844515286074131,-0.5169804310135063,,0.32753485506062463,matched_gp_improvement,valid,gp_linear_smooth_exponential_tail,True
645215c67a0307384893,role_four,hpo_bayesmark_diabetes_random_forest,GP_handoff,2,HPO,-0.844515286074131,-0.5169804310135063,,0.32753485506062463,matched_gp_improvement,valid,gp_linear_smooth_exponential_tail,True
3c32644fe9d3ecb332de,role_four,hpo_bayesmark_diabetes_random_forest,TuRBO_handoff,2,HPO,-0.844515286074131,-0.5169804310135063,,0.32753485506062463,matched_gp_improvement,valid,gp_linear_smooth_exponential_tail,True
d85302d3c981339c6f33,role_four,hpo_bayesmark_diabetes_random_forest,Local_handoff,2,HPO,-0.844515286074131,-0.5169804310135063,,0.32753485506062463,matched_gp_improvement,valid,gp_linear_smooth_exponential_tail,True
0e0470606968c6acda76,role_four,hpo_bayesmark_diabetes_random_forest,GP_control,2,HPO,-0.844515286074131,-0.5169804310135063,,0.32753485506062463,matched_gp_improvement,valid,gp_linear_smooth_exponential_tail,True
3083b2fabdc70b86282c,role_four,hpo_bayesmark_diabetes_random_forest,T4,2,HPO,-0.844515286074131,-0.5169804310135063,,0.32753485506062463,matched_gp_improvement,valid,gp_linear_smooth_exponential_tail,True
e462e9c7d5fdd6c926dd,role_four,hpo_bayesmark_diabetes_random_forest,Generated,2,HPO,-0.844515286074131,-0.5169804310135063,,0.32753485506062463,matched_gp_improvement,valid,gp_linear_smooth_exponential_tail,True
ff23da8f224aca01b556,role_four,hpo_bayesmark_diabetes_random_forest,Generated,2,HPO,-0.844515286074131,-0.5169804310135063,,0.32753485506062463,matched_gp_improvement,valid,gp_linear_smooth_exponential_tail,True
8ffaa8859b3927bca615,role_four,hpo_bayesmark_diabetes_random_forest,Generated,2,HPO,-0.844515286074131,-0.5169804310135063,,0.32753485506062463,matched_gp_improvement,valid,gp_linear_smooth_exponential_tail,True
b7e4e7898d415690ce87,role_four,hpo_bayesmark_diabetes_random_forest,GP,2,HPO,-0.844515286074131,-0.5169804310135063,,0.32753485506062463,matched_gp_improvement,valid,gp_linear_smooth_exponential_tail,True
88712d12c852a6d5ddaf,role_four,hpo_bayesmark_diabetes_random_forest,T0,3,HPO,-0.7484068766924775,-0.5169804310135063,,0.2314264456789712,matched_gp_improvement,valid,gp_linear_smooth_exponential_tail,True
04408cc7c9da746c21c2,role_four,hpo_bayesmark_diabetes_random_forest,GP_handoff,3,HPO,-0.7484068766924775,-0.5169804310135063,,0.2314264456789712,matched_gp_improvement,valid,gp_linear_smooth_exponential_tail,True
a22a3e001caf85466c56,role_four,hpo_bayesmark_diabetes_random_forest,TuRBO_handoff,3,HPO,-0.7484068766924775,-0.5169804310135063,,0.2314264456789712,matched_gp_improvement,valid,gp_linear_smooth_exponential_tail,True
050be630d86bbee0369b,role_four,hpo_bayesmark_diabetes_random_forest,Local_handoff,3,HPO,-0.7484068766924775,-0.5169804310135063,,0.2314264456789712,matched_gp_improvement,valid,gp_linear_smooth_exponential_tail,True
c95e01217552a9952e3c,role_four,hpo_bayesmark_diabetes_random_forest,GP_control,3,HPO,-0.7484068766924775,-0.5169804310135063,,0.2314264456789712,matched_gp_improvement,valid,gp_linear_smooth_exponential_tail,True
3e88e3c5063f9f16634c,role_four,hpo_bayesmark_diabetes_random_forest,T4,3,HPO,-0.7484068766924775,-0.5169804310135063,,0.2314264456789712,matched_gp_improvement,valid,gp_linear_smooth_exponential_tail,True
762665b4ba860bfa9399,role_four,hpo_bayesmark_diabetes_random_forest,Generated,3,HPO,-0.7484068766924775,-0.5169804310135063,,0.2314264456789712,matched_gp_improvement,valid,gp_linear_smooth_exponential_tail,True
4340a0607b03e51493c0,role_four,hpo_bayesmark_diabetes_random_forest,Generated,3,HPO,-0.7484068766924775,-0.5169804310135063,,0.2314264456789712,matched_gp_improvement,valid,gp_linear_smooth_exponential_tail,True
12fd9f0707dab6f978cd,role_four,hpo_bayesmark_diabetes_random_forest,Generated,3,HPO,-0.7484068766924775,-0.5169804310135063,,0.2314264456789712,matched_gp_improvement,valid,gp_linear_smooth_exponential_tail,True
8e58f89baf0f34d40e6c,role_four,hpo_bayesmark_diabetes_random_forest,GP,3,HPO,-0.7484068766924775,-0.5169804310135063,,0.2314264456789712,matched_gp_improvement,valid,gp_linear_smooth_exponential_tail,True
7a4c2dda556e2dab7a5c,role_four,hpo_bayesmark_diabetes_random_forest,T0,4,HPO,-0.5898489758774736,-0.5164917214982737,,0.07335725437919993,matched_gp_improvement,valid,gp_linear_smooth_exponential_tail,True
f572ed8e6090fd131e95,role_four,hpo_bayesmark_diabetes_random_forest,GP_handoff,4,HPO,-0.5898489758774736,-0.5164917214982737,,0.07335725437919993,matched_gp_improvement,valid,gp_linear_smooth_exponential_tail,True
e4e87c498683ddbd1427,role_four,hpo_bayesmark_diabetes_random_forest,TuRBO_handoff,4,HPO,-0.5898489758774736,-0.5164917214982737,,0.07335725437919993,matched_gp_improvement,valid,gp_linear_smooth_exponential_tail,True
9b9e6c8f645ebf0f4c48,role_four,hpo_bayesmark_diabetes_random_forest,Local_handoff,4,HPO,-0.5898489758774736,-0.5164917214982737,,0.07335725437919993,matched_gp_improvement,valid,gp_linear_smooth_exponential_tail,True
98f35a0e309f57e6e311,role_four,hpo_bayesmark_diabetes_random_forest,GP_control,4,HPO,-0.5898489758774736,-0.5164917214982737,,0.07335725437919993,matched_gp_improvement,valid,gp_linear_smooth_exponential_tail,True
9c840a55fad22bed32fc,role_four,hpo_bayesmark_diabetes_random_forest,T4,4,HPO,-0.5898489758774736,-0.5164917214982737,,0.07335725437919993,matched_gp_improvement,valid,gp_linear_smooth_exponential_tail,True
b58d47628cdf0a12d675,role_four,hpo_bayesmark_diabetes_random_forest,Generated,4,HPO,-0.5898489758774736,-0.5164917214982737,,0.07335725437919993,matched_gp_improvement,valid,gp_linear_smooth_exponential_tail,True
9428afbdc8f1a5ead62b,role_four,hpo_bayesmark_diabetes_random_forest,Generated,4,HPO,-0.5898489758774736,-0.5164917214982737,,0.07335725437919993,matched_gp_improvement,valid,gp_linear_smooth_exponential_tail,True
e8d435a08e917a16eac8,role_four,hpo_bayesmark_diabetes_random_forest,Generated,4,HPO,-0.5898489758774736,-0.5164917214982737,,0.07335725437919993,matched_gp_improvement,valid,gp_linear_smooth_exponential_tail,True
09fb31f5458bc737457d,role_four,hpo_bayesmark_diabetes_random_forest,GP,4,HPO,-0.5898489758774736,-0.5164917214982737,,0.07335725437919993,matched_gp_improvement,valid,gp_linear_smooth_exponential_tail,True
6397dc6b9d8e6c829529,role_four,hpo_bayesmark_diabetes_random_forest,T0,5,HPO,-0.8802797649611508,-0.5416109561112767,,0.33866880884987405,matched_gp_improvement,valid,gp_linear_smooth_exponential_tail,True
7d9facd3922e2763d8b7,role_four,hpo_bayesmark_diabetes_random_forest,GP_handoff,5,HPO,-0.8802797649611508,-0.5416109561112767,,0.33866880884987405,matched_gp_improvement,valid,gp_linear_smooth_exponential_tail,True
9e4758c21f791cb49e2a,role_four,hpo_bayesmark_diabetes_random_forest,TuRBO_handoff,5,HPO,-0.8802797649611508,-0.5416109561112767,,0.33866880884987405,matched_gp_improvement,valid,gp_linear_smooth_exponential_tail,True
59b00a765c6f57d232f8,role_four,hpo_bayesmark_diabetes_random_forest,Local_handoff,5,HPO,-0.8802797649611508,-0.5416109561112767,,0.33866880884987405,matched_gp_improvement,valid,gp_linear_smooth_exponential_tail,True
0477a204ab85296e30a6,role_four,hpo_bayesmark_diabetes_random_forest,GP_control,5,HPO,-0.8802797649611508,-0.5416109561112767,,0.33866880884987405,matched_gp_improvement,valid,gp_linear_smooth_exponential_tail,True
1abcee1e797d2ff6f651,role_four,hpo_bayesmark_diabetes_random_forest,T4,5,HPO,-0.8802797649611508,-0.5416109561112767,,0.33866880884987405,matched_gp_improvement,valid,gp_linear_smooth_exponential_tail,True
ae25d9a8f34ecbcb7815,role_four,hpo_bayesmark_diabetes_random_forest,Generated,5,HPO,-0.8802797649611508,-0.5416109561112767,,0.33866880884987405,matched_gp_improvement,valid,gp_linear_smooth_exponential_tail,True
5b9f30f0ac495cfc711e,role_four,hpo_bayesmark_diabetes_random_forest,Generated,5,HPO,-0.8802797649611508,-0.5416109561112767,,0.33866880884987405,matched_gp_improvement,valid,gp_linear_smooth_exponential_tail,True
f9cbce3e0fcae9e876aa,role_four,hpo_bayesmark_diabetes_random_forest,Generated,5,HPO,-0.8802797649611508,-0.5416109561112767,,0.33866880884987405,matched_gp_improvement,valid,gp_linear_smooth_exponential_tail,True
f61ad9e9b101329a5107,role_four,hpo_bayesmark_diabetes_random_forest,GP,5,HPO,-0.8802797649611508,-0.5416109561112767,,0.33866880884987405,matched_gp_improvement,valid,gp_linear_smooth_exponential_tail,True
e5781785e74ea329f359,controlled_priors,coarse_geometry_task_001,pure_geometry_prior,2,ControlledSynthetic,-164.79145727298396,-0.6293897253647585,-0.0,,,valid,bounded_gp_piecewise,True
76f59f28d631bb2e8e72,controlled_priors,coarse_geometry_task_002,pure_geometry_prior,2,ControlledSynthetic,-238.75322055814456,-8.90915577040074,-0.0,,,valid,bounded_gp_piecewise,True
55bfc6eef3248baa8009,controlled_priors,coarse_geometry_task_003,pure_geometry_prior,2,ControlledSynthetic,-12.624456312824517,-7.459353669783682,-0.0,,,valid,bounded_gp_piecewise,True
1ddd47516c6196819b53,controlled_priors,coarse_geometry_task_001,pure_geometry_prior,3,ControlledSynthetic,-39.017089216697286,-0.25450894777836,-0.0,,,valid,bounded_gp_piecewise,True
a22eb532508defda56a2,controlled_priors,coarse_geometry_task_002,pure_geometry_prior,3,ControlledSynthetic,-28.133198194123974,-2.2529842973321843,-0.0,,,valid,bounded_gp_piecewise,True
63e62975da1e5e16f010,controlled_priors,coarse_geometry_task_003,pure_geometry_prior,3,ControlledSynthetic,-13.048402073011603,-5.815489873771025,-0.0,,,valid,bounded_gp_piecewise,True
c176587b293abe7a3d25,controlled_priors,coarse_geometry_task_001,pure_geometry_prior,4,ControlledSynthetic,-77.18635564378626,-0.10253947011608401,-0.0,,,valid,bounded_gp_piecewise,True
e461a455c8120b55480d,controlled_priors,coarse_geometry_task_002,pure_geometry_prior,4,ControlledSynthetic,-184.99227484623285,-4.993845925216715,-0.0,,,valid,bounded_gp_piecewise,True
c73ed19422730810eb13,controlled_priors,coarse_geometry_task_003,pure_geometry_prior,4,ControlledSynthetic,-10.881819121805423,-8.416242558099496,-0.0,,,valid,bounded_gp_piecewise,True
a714751951be5c008503,controlled_priors,coarse_geometry_task_001,pure_geometry_prior,5,ControlledSynthetic,-75.71245469394712,-0.11564646480172455,-0.0,,,valid,bounded_gp_piecewise,True
48b2d8756e7c1844d552,controlled_priors,coarse_geometry_task_002,pure_geometry_prior,5,ControlledSynthetic,-145.7741064779021,-7.054747450951347,-0.0,,,valid,bounded_gp_piecewise,True
e6bb3d56e006137c62df,controlled_priors,coarse_geometry_task_003,pure_geometry_prior,5,ControlledSynthetic,-9.710367932746781,-5.620430328022281,-0.0,,,valid,bounded_gp_piecewise,True
80bede4bdcf95eb78116,role_four,bbob_f02_d10,TuRBO_full,2,BBOB,-1912593.479422281,-8344.8101420032,87.89,,,valid,bounded_gp_piecewise,True
5a3baf2d50c5c45edb3f,role_four,bbob_f02_d10,TuRBO_full,3,BBOB,-1980297.3222938296,-6673.451121820796,209.88,,,valid,bounded_gp_piecewise,True
3283475f021c1badde86,role_four,bbob_f02_d10,TuRBO_full,4,BBOB,-624877.3112992622,-13392.348208936086,92.09,,,valid,bounded_gp_piecewise,True
05c6738c20d0448a62fd,role_four,bbob_f02_d10,TuRBO_full,5,BBOB,-1214391.7933118527,-13976.024333793624,87.89,,,valid,bounded_gp_piecewise,True
f1c90d9875f4ee99c0ef,role_four,bbob_f15_d10,TuRBO_full,2,BBOB,-443.37238541667534,-69.94332087559135,48.22,,,valid,bounded_gp_piecewise,True
0d6fa25d7b818605cc80,role_four,bbob_f15_d10,TuRBO_full,3,BBOB,-1450.1047224323365,-1095.0741815341255,-1000.0,,,valid,bounded_gp_piecewise,True
e460ff037ba531138477,role_four,bbob_f15_d10,TuRBO_full,4,BBOB,-296.4525291900849,-178.14897236116622,-70.03,,,valid,bounded_gp_piecewise,True
16f7f4f6656b50e09bf3,role_four,bbob_f15_d10,TuRBO_full,5,BBOB,-284.14995024125915,-44.216929090681575,48.22,,,valid,bounded_gp_piecewise,True
55fdeb6f46e4e546bf0c,role_four,hpo_bayesmark_breast_svm,TuRBO_full,2,HPO,-0.05934065934065935,-0.05934065934065935,,0.00219780219780219,shared_initialization_IQR,valid,no_gp_gain_initialization_exponential,False
331c993b6bca896d83d1,role_four,hpo_bayesmark_breast_svm,TuRBO_full,3,HPO,-0.05714285714285716,-0.05714285714285716,,0.01098901098901095,shared_initialization_IQR,valid,no_gp_gain_initialization_exponential,False
25ac4e08cd18806ed690,role_four,hpo_bayesmark_breast_svm,TuRBO_full,4,HPO,-0.06813186813186811,-0.05934065934065935,,0.00879120879120876,matched_gp_improvement,valid,gp_linear_smooth_exponential_tail,True
5b9869ae90009c791699,role_four,hpo_bayesmark_breast_svm,TuRBO_full,5,HPO,-0.05934065934065935,-0.05494505494505497,,0.00439560439560438,matched_gp_improvement,valid,gp_linear_smooth_exponential_tail,True
24701b60449d9d365b91,role_four,hpo_bayesmark_diabetes_random_forest,TuRBO_full,2,HPO,-0.844515286074131,-0.5169804310135063,,0.32753485506062463,matched_gp_improvement,valid,gp_linear_smooth_exponential_tail,True
0714147063d418b3b3cf,role_four,hpo_bayesmark_diabetes_random_forest,TuRBO_full,3,HPO,-0.7484068766924775,-0.5169804310135063,,0.2314264456789712,matched_gp_improvement,valid,gp_linear_smooth_exponential_tail,True
7ebdfd93558ef07789ec,role_four,hpo_bayesmark_diabetes_random_forest,TuRBO_full,4,HPO,-0.5898489758774736,-0.5164917214982737,,0.07335725437919993,matched_gp_improvement,valid,gp_linear_smooth_exponential_tail,True
193afdda4fff80bccebc,role_four,hpo_bayesmark_diabetes_random_forest,TuRBO_full,5,HPO,-0.8802797649611508,-0.5416109561112767,,0.33866880884987405,matched_gp_improvement,valid,gp_linear_smooth_exponential_tail,True
402ee46d6b6e084487e0,frontier,hpo_bayesmark_digits_mlp_sgd,Gemini 3.8 Flash,2,HPO,-0.1252685830429734,-0.03340834301200157,,0.09186024003097182,matched_gp_improvement,valid,gp_linear_smooth_exponential_tail,True
d99b0271a38b36f5cbf6,frontier,knob_http_surrogate_sysbench_all,Gemini 3.8 Flash,2,DBTune,369.35860051564794,540.8678740621101,,171.50927354646217,matched_gp_improvement,valid,gp_linear_smooth_exponential_tail,True
a308751476b25f73136d,frontier,guacamol_median1_smiles_demo,Gemini 3.8 Flash,2,GuacaMol,-0.8726140489403036,,-0.42,,,valid,molecular_linear,False
c783d52a593178c4019f,frontier,bbob_f15_d10,Gemini 3.8 Flash,2,BBOB,-443.37238541667534,-67.25188900955797,48.22,,,valid,bounded_gp_piecewise,True
7b7b7ea1e0a933ea6f5b,frontier,hpo_bayesmark_digits_mlp_sgd,GLM-5.3,2,HPO,-0.1252685830429734,-0.03340834301200157,,0.09186024003097182,matched_gp_improvement,valid,gp_linear_smooth_exponential_tail,True
dfc2dec620c335d9a2be,frontier,knob_http_surrogate_sysbench_all,GLM-5.3,2,DBTune,369.35860051564794,540.8678740621101,,171.50927354646217,matched_gp_improvement,valid,gp_linear_smooth_exponential_tail,True
4b17ed28ccea6de6ebf7,frontier,guacamol_median1_smiles_demo,GLM-5.3,2,GuacaMol,-0.8726140489403036,,-0.42,,,valid,molecular_linear,False
dd35ba1ab9d7d5aa03dd,frontier,bbob_f15_d10,GLM-5.3,2,BBOB,-443.37238541667534,-67.25188900955797,48.22,,,valid,bounded_gp_piecewise,True
00af7698a67491e83ebc,frontier,hpo_bayesmark_digits_mlp_sgd,Kimi-K3,2,HPO,-0.1252685830429734,-0.03340834301200157,,0.09186024003097182,matched_gp_improvement,valid,gp_linear_smooth_exponential_tail,True
1bd73e0e1ebb78072792,frontier,knob_http_surrogate_sysbench_all,Kimi-K3,2,DBTune,369.35860051564794,540.8678740621101,,171.50927354646217,matched_gp_improvement,valid,gp_linear_smooth_exponential_tail,True
50d0696e6eebc5bf8b19,frontier,guacamol_median1_smiles_demo,Kimi-K3,2,GuacaMol,-0.8726140489403036,,-0.42,,,valid,molecular_linear,False
4951743edbf97b6e4dc0,frontier,bbob_f15_d10,Kimi-K3,2,BBOB,-443.37238541667534,-67.25188900955797,48.22,,,valid,bounded_gp_piecewise,True
11bdf0ae4aea24b4e88d,frontier,hpo_bayesmark_digits_mlp_sgd,GPT-6 Astra,2,HPO,-0.1252685830429734,-0.03340834301200157,,0.09186024003097182,matched_gp_improvement,valid,gp_linear_smooth_exponential_tail,True
28946c64a9f601cdbd83,frontier,knob_http_surrogate_sysbench_all,GPT-6 Astra,2,DBTune,369.35860051564794,540.8678740621101,,171.50927354646217,matched_gp_improvement,valid,gp_linear_smooth_exponential_tail,True
3a7d121ff30dc4befe07,frontier,guacamol_median1_smiles_demo,GPT-6 Astra,2,GuacaMol,-0.8726140489403036,,-0.42,,,valid,molecular_linear,False
dd955799a923bb8b0d16,frontier,bbob_f15_d10,GPT-6 Astra,2,BBOB,-443.37238541667534,-67.25188900955797,48.22,,,valid,bounded_gp_piecewise,True
81fa127b31dbdd276781,frontier,bboplace_bigblue1_n32,GPT-6 Astra,2,BBOPlace,-1000212.4464285712,-335505.17857143056,,664707.2678571406,matched_gp_improvement,valid,gp_linear_smooth_exponential_tail,True
84de3c7656832c47892b,frontier,hpo_bayesmark_digits_mlp_sgd,GPT-5.6 Sol,2,HPO,-0.1252685830429734,-0.03340834301200157,,0.09186024003097182,matched_gp_improvement,valid,gp_linear_smooth_exponential_tail,True
e7cd0edfdbbc9623cb36,frontier,knob_http_surrogate_sysbench_all,GPT-5.6 Sol,2,DBTune,369.35860051564794,540.8678740621101,,171.50927354646217,matched_gp_improvement,valid,gp_linear_smooth_exponential_tail,True
2f53bfe340c7af234a2d,frontier,guacamol_median1_smiles_demo,GPT-5.6 Sol,2,GuacaMol,-0.8726140489403036,,-0.42,,,valid,molecular_linear,False
b1ddead9cf19a1bdd846,frontier,bbob_f15_d10,GPT-5.6 Sol,2,BBOB,-443.37238541667534,-67.25188900955797,48.22,,,valid,bounded_gp_piecewise,True
2e357da2921547992d7e,frontier,bboplace_bigblue1_n32,GPT-5.6 Sol,2,BBOPlace,-1000212.4464285712,-335505.17857143056,,664707.2678571406,matched_gp_improvement,valid,gp_linear_smooth_exponential_tail,True
dc44ed8d575f36ab8d69,frontier,hpo_bayesmark_digits_mlp_sgd,Gemini 3.1 Pro,2,HPO,-0.1252685830429734,-0.03340834301200157,,0.09186024003097182,matched_gp_improvement,valid,gp_linear_smooth_exponential_tail,True
77733a20d71017174d87,frontier,knob_http_surrogate_sysbench_all,Gemini 3.1 Pro,2,DBTune,369.35860051564794,540.8678740621101,,171.50927354646217,matched_gp_improvement,valid,gp_linear_smooth_exponential_tail,True
9c69833f2d583f8da85f,frontier,guacamol_median1_smiles_demo,Gemini 3.1 Pro,2,GuacaMol,-0.8726140489403036,,-0.42,,,valid,molecular_linear,False
569952ca52c15735478b,frontier,bbob_f15_d10,Gemini 3.1 Pro,2,BBOB,-443.37238541667534,-67.25188900955797,48.22,,,valid,bounded_gp_piecewise,True
773e83cb188e779f1496,frontier,bboplace_bigblue1_n32,Gemini 3.1 Pro,2,BBOPlace,-1000212.4464285712,-335505.17857143056,,664707.2678571406,matched_gp_improvement,valid,gp_linear_smooth_exponential_tail,True
9a2c7e65372c942f3077,frontier,bboplace_bigblue1_n32,GLM-5.3,2,BBOPlace,-1000212.4464285712,-335505.17857143056,,664707.2678571406,matched_gp_improvement,valid,gp_linear_smooth_exponential_tail,True
60446929ef4b1c1f0744,frontier,bboplace_bigblue1_n32,Kimi-K3,2,BBOPlace,-1000212.4464285712,-335505.17857143056,,664707.2678571406,matched_gp_improvement,valid,gp_linear_smooth_exponential_tail,True
f57873eb40d026b25055,frontier,bboplace_bigblue1_n32,Gemini 3.8 Flash,2,BBOPlace,-1000212.4464285712,-335505.17857143056,,664707.2678571406,matched_gp_improvement,valid,gp_linear_smooth_exponential_tail,True
591a9cf54e01bba12d0d,frontier,hpo_bayesmark_digits_mlp_sgd,DeepSeek V4 Pro,2,HPO,-0.1252685830429734,-0.03340834301200157,,0.09186024003097182,matched_gp_improvement,valid,gp_linear_smooth_exponential_tail,True
3fae9eb6689113edb365,frontier,knob_http_surrogate_sysbench_all,DeepSeek V4 Pro,2,DBTune,369.35860051564794,540.8678740621101,,171.50927354646217,matched_gp_improvement,valid,gp_linear_smooth_exponential_tail,True
39b6dd899f885ded91d5,frontier,guacamol_median1_smiles_demo,DeepSeek V4 Pro,2,GuacaMol,-0.8726140489403036,,-0.42,,,valid,molecular_linear,False
ca67684b89285c4fc708,frontier,bbob_f15_d10,DeepSeek V4 Pro,2,BBOB,-443.37238541667534,-67.25188900955797,48.22,,,valid,bounded_gp_piecewise,True
2a39c3b42a12e7b79758,frontier,bboplace_bigblue1_n32,DeepSeek V4 Pro,2,BBOPlace,-1000212.4464285712,-335505.17857143056,,664707.2678571406,matched_gp_improvement,valid,gp_linear_smooth_exponential_tail,True
b3722c4d34e167a5fc6c,frontier,hpo_bayesmark_digits_mlp_sgd,GP reference,2,HPO,-0.1252685830429734,-0.03340834301200157,,0.09186024003097182,matched_gp_improvement,valid,gp_linear_smooth_exponential_tail,True
6d89be70d75c6ca28e65,frontier,knob_http_surrogate_sysbench_all,GP reference,2,DBTune,369.35860051564794,540.8678740621101,,171.50927354646217,matched_gp_improvement,valid,gp_linear_smooth_exponential_tail,True
bc411ff622bdb7dd4734,frontier,guacamol_median1_smiles_demo,GP reference,2,GuacaMol,-0.8726140489403036,,-0.42,,,valid,molecular_linear,False
3ac89b4fbe7b5a4a57e3,frontier,bbob_f15_d10,GP reference,2,BBOB,-443.37238541667534,-67.25188900955797,48.22,,,valid,bounded_gp_piecewise,True
98cefab9500f493aede9,frontier,bboplace_bigblue1_n32,GP reference,2,BBOPlace,-1000212.4464285712,-335505.17857143056,,664707.2678571406,matched_gp_improvement,valid,gp_linear_smooth_exponential_tail,True
564ef4488d39d9a30a2d,frontier,hpo_bayesmark_digits_mlp_sgd,DeepSeek V4.1 Flash (main T1/high),2,HPO,-0.1252685830429734,-0.03340834301200157,,0.09186024003097182,matched_gp_improvement,valid,gp_linear_smooth_exponential_tail,True
9cfbfd44b15feb4a4c5e,frontier,knob_http_surrogate_sysbench_all,DeepSeek V4.1 Flash (main T1/high),2,DBTune,369.35860051564794,540.8678740621101,,171.50927354646217,matched_gp_improvement,valid,gp_linear_smooth_exponential_tail,True
9fa7b35f90d03e3cb2c7,frontier,guacamol_median1_smiles_demo,DeepSeek V4.1 Flash (main T1/high),2,GuacaMol,-0.8726140489403036,,-0.42,,,valid,molecular_linear,False
11e2754f967f0bc7f7f8,frontier,bbob_f15_d10,DeepSeek V4.1 Flash (main T1/high),2,BBOB,-443.37238541667534,-67.25188900955797,48.22,,,valid,bounded_gp_piecewise,True
f7691357e80736166cb8,frontier,bboplace_bigblue1_n32,DeepSeek V4.1 Flash (main T1/high),2,BBOPlace,-1000212.4464285712,-335505.17857143056,,664707.2678571406,matched_gp_improvement,valid,gp_linear_smooth_exponential_tail,True
7043159bc6598e18273e,main,hpo_bayesmark_breast_random_forest,STRICT_NO_TOOLS,2,HPO,-0.06153846153846154,-0.06153846153846154,,0.15604395604395604,shared_initialization_IQR,valid,no_gp_gain_initialization_exponential,False
b0bcb9a710267e98688b,main,hpo_bayesmark_breast_random_forest,CURRENT_AGENT_IO,2,HPO,-0.06153846153846154,-0.06153846153846154,,0.15604395604395604,shared_initialization_IQR,valid,no_gp_gain_initialization_exponential,False
4ce1ddae05adad5ed6b8,main,hpo_bayesmark_breast_random_forest,STRICT_NO_TOOLS,3,HPO,-0.06813186813186811,-0.0483516483516484,,0.01978021978021971,matched_gp_improvement,valid,gp_linear_smooth_exponential_tail,True
184cfaf81d6b17096712,main,hpo_bayesmark_breast_random_forest,CURRENT_AGENT_IO,3,HPO,-0.06813186813186811,-0.0483516483516484,,0.01978021978021971,matched_gp_improvement,valid,gp_linear_smooth_exponential_tail,True
6c64796b1c8bea467a1e,main,hpo_bayesmark_breast_svm,STRICT_NO_TOOLS,2,HPO,-0.05934065934065935,-0.05274725274725278,,0.00659340659340657,matched_gp_improvement,valid,gp_linear_smooth_exponential_tail,True
5aa69b533725b3694ed0,main,hpo_bayesmark_breast_svm,CURRENT_AGENT_IO,2,HPO,-0.05934065934065935,-0.05274725274725278,,0.00659340659340657,matched_gp_improvement,valid,gp_linear_smooth_exponential_tail,True
9f76a80f49ab52ce94f0,main,hpo_bayesmark_breast_svm,STRICT_NO_TOOLS,3,HPO,-0.05714285714285716,-0.05274725274725278,,0.00439560439560438,matched_gp_improvement,valid,gp_linear_smooth_exponential_tail,True
f945a352c650bcfc2920,main,hpo_bayesmark_breast_svm,CURRENT_AGENT_IO,3,HPO,-0.05714285714285716,-0.05274725274725278,,0.00439560439560438,matched_gp_improvement,valid,gp_linear_smooth_exponential_tail,True
faae25d287fc85407421,main,hpo_bayesmark_breast_decision_tree,STRICT_NO_TOOLS,2,HPO,-0.09230769230769231,-0.08791208791208782,,0.004395604395604491,matched_gp_improvement,valid,gp_linear_smooth_exponential_tail,True
0dcd0905934ea50bedec,main,hpo_bayesmark_breast_decision_tree,CURRENT_AGENT_IO,2,HPO,-0.09230769230769231,-0.08791208791208782,,0.004395604395604491,matched_gp_improvement,valid,gp_linear_smooth_exponential_tail,True
b537f19b8961ba40b0a6,main,hpo_bayesmark_breast_decision_tree,STRICT_NO_TOOLS,3,HPO,-0.09010989010989001,-0.09010989010989001,,0.27252747252747267,shared_initialization_range,valid,no_gp_gain_initialization_exponential,False
95e6dd265077a542329e,main,hpo_bayesmark_breast_decision_tree,CURRENT_AGENT_IO,3,HPO,-0.09010989010989001,-0.09010989010989001,,0.27252747252747267,shared_initialization_range,valid,no_gp_gain_initialization_exponential,False
44daa98792b19dba2f58,main,hpo_bayesmark_breast_mlp_sgd,STRICT_NO_TOOLS,2,HPO,-0.1428571428571429,-0.07912087912087917,,0.06373626373626373,matched_gp_improvement,valid,gp_linear_smooth_exponential_tail,True
534bc90c1199fb0870a5,main,hpo_bayesmark_breast_mlp_sgd,CURRENT_AGENT_IO,2,HPO,-0.1428571428571429,-0.07912087912087917,,0.06373626373626373,matched_gp_improvement,valid,gp_linear_smooth_exponential_tail,True
a7d2dc07f9ea5a1e9a3e,main,hpo_bayesmark_breast_mlp_sgd,STRICT_NO_TOOLS,3,HPO,-0.0923076923076922,-0.07252747252747249,,0.01978021978021971,matched_gp_improvement,valid,gp_linear_smooth_exponential_tail,True
0aed264ee2b0a086af15,main,hpo_bayesmark_breast_mlp_sgd,CURRENT_AGENT_IO,3,HPO,-0.0923076923076922,-0.07252747252747249,,0.01978021978021971,matched_gp_improvement,valid,gp_linear_smooth_exponential_tail,True
63f4e45ac5beec567a47,main,hpo_bayesmark_breast_adaboost,STRICT_NO_TOOLS,2,HPO,-0.04615384615384621,-0.03076923076923066,,0.015384615384615552,matched_gp_improvement,valid,gp_linear_smooth_exponential_tail,True
79b596e921bbd6c8a3de,main,hpo_bayesmark_breast_adaboost,CURRENT_AGENT_IO,2,HPO,-0.04615384615384621,-0.03076923076923066,,0.015384615384615552,matched_gp_improvement,valid,gp_linear_smooth_exponential_tail,True
f15d172fe212187eef9d,main,hpo_bayesmark_breast_adaboost,STRICT_NO_TOOLS,3,HPO,-0.05054945054945059,-0.0219780219780219,,0.028571428571428692,matched_gp_improvement,valid,gp_linear_smooth_exponential_tail,True
ab2257721840221fa532,main,hpo_bayesmark_breast_adaboost,CURRENT_AGENT_IO,3,HPO,-0.05054945054945059,-0.0219780219780219,,0.028571428571428692,matched_gp_improvement,valid,gp_linear_smooth_exponential_tail,True
0eb716b8b43fae49a30f,main,hpo_bayesmark_wine_random_forest,STRICT_NO_TOOLS,2,HPO,-0.06995073891625603,-0.02783251231527084,,0.04211822660098519,matched_gp_improvement,valid,gp_linear_smooth_exponential_tail,True
cbdfbedd3195b9260154,main,hpo_bayesmark_wine_random_forest,CURRENT_AGENT_IO,2,HPO,-0.06995073891625603,-0.02783251231527084,,0.04211822660098519,matched_gp_improvement,valid,gp_linear_smooth_exponential_tail,True
9e73bab22149783bb852,main,hpo_bayesmark_wine_random_forest,STRICT_NO_TOOLS,3,HPO,-0.06970443349753697,-0.03497536945812807,,0.0347290640394089,matched_gp_improvement,valid,gp_linear_smooth_exponential_tail,True
1d9ec17c669e57105cf1,main,hpo_bayesmark_wine_random_forest,CURRENT_AGENT_IO,3,HPO,-0.06970443349753697,-0.03497536945812807,,0.0347290640394089,matched_gp_improvement,valid,gp_linear_smooth_exponential_tail,True
97043e758b58ec233ce0,main,hpo_bayesmark_wine_svm,STRICT_NO_TOOLS,2,HPO,-0.2110837438423645,-0.16847290640394097,,0.04261083743842353,matched_gp_improvement,valid,gp_linear_smooth_exponential_tail,True
2607da8e532518cd9cac,main,hpo_bayesmark_wine_svm,CURRENT_AGENT_IO,2,HPO,-0.2110837438423645,-0.16847290640394097,,0.04261083743842353,matched_gp_improvement,valid,gp_linear_smooth_exponential_tail,True
c2fbc9ec882b0e3d64d8,main,hpo_bayesmark_wine_svm,STRICT_NO_TOOLS,3,HPO,-0.20394088669950727,-0.16157635467980302,,0.04236453201970425,matched_gp_improvement,valid,gp_linear_smooth_exponential_tail,True
f87cda40dd0a3caf8a1e,main,hpo_bayesmark_wine_svm,CURRENT_AGENT_IO,3,HPO,-0.20394088669950727,-0.16157635467980302,,0.04236453201970425,matched_gp_improvement,valid,gp_linear_smooth_exponential_tail,True
b6a27b5fa1ad5982661a,main,hpo_bayesmark_wine_decision_tree,STRICT_NO_TOOLS,2,HPO,-0.14753694581280785,-0.09852216748768472,,0.04901477832512313,matched_gp_improvement,valid,gp_linear_smooth_exponential_tail,True
0d00bbbd313e46215a05,main,hpo_bayesmark_wine_decision_tree,CURRENT_AGENT_IO,2,HPO,-0.14753694581280785,-0.09852216748768472,,0.04901477832512313,matched_gp_improvement,valid,gp_linear_smooth_exponential_tail,True
b76ff4267edc777f05a9,main,hpo_bayesmark_wine_decision_tree,STRICT_NO_TOOLS,3,HPO,-0.3307881773399014,-0.12660098522167496,,0.20418719211822645,matched_gp_improvement,valid,gp_linear_smooth_exponential_tail,True
6e0c42b683e69c26f7b3,main,hpo_bayesmark_wine_decision_tree,CURRENT_AGENT_IO,3,HPO,-0.3307881773399014,-0.12660098522167496,,0.20418719211822645,matched_gp_improvement,valid,gp_linear_smooth_exponential_tail,True
3258893255065161401a,main,hpo_bayesmark_wine_mlp_sgd,STRICT_NO_TOOLS,2,HPO,-0.5017241379310344,-0.4014778325123153,,0.10024630541871915,matched_gp_improvement,valid,gp_linear_smooth_exponential_tail,True
599c90f28c42ceb361aa,main,hpo_bayesmark_wine_mlp_sgd,CURRENT_AGENT_IO,2,HPO,-0.5017241379310344,-0.4014778325123153,,0.10024630541871915,matched_gp_improvement,valid,gp_linear_smooth_exponential_tail,True
45448e6b47c66f72869f,main,hpo_bayesmark_wine_mlp_sgd,STRICT_NO_TOOLS,3,HPO,-0.39433497536945805,-0.3317733990147783,,0.06256157635467974,matched_gp_improvement,valid,gp_linear_smooth_exponential_tail,True
d104ac352b4064fd2e26,main,hpo_bayesmark_wine_mlp_sgd,CURRENT_AGENT_IO,3,HPO,-0.39433497536945805,-0.3317733990147783,,0.06256157635467974,matched_gp_improvement,valid,gp_linear_smooth_exponential_tail,True
d872a86aa6e6658f2018,main,hpo_bayesmark_wine_adaboost,STRICT_NO_TOOLS,2,HPO,-0.04236453201970447,-0.014039408866995062,,0.02832512315270941,matched_gp_improvement,valid,gp_linear_smooth_exponential_tail,True
4929bcba92296cdf149b,main,hpo_bayesmark_wine_adaboost,CURRENT_AGENT_IO,2,HPO,-0.04236453201970447,-0.014039408866995062,,0.02832512315270941,matched_gp_improvement,valid,gp_linear_smooth_exponential_tail,True
528fe96c3bb1c039b57c,main,hpo_bayesmark_wine_adaboost,STRICT_NO_TOOLS,3,HPO,-0.0630541871921182,-0.028325123152709297,,0.0347290640394089,matched_gp_improvement,valid,gp_linear_smooth_exponential_tail,True
2e1e2c2e4820f38aec95,main,hpo_bayesmark_wine_adaboost,CURRENT_AGENT_IO,3,HPO,-0.0630541871921182,-0.028325123152709297,,0.0347290640394089,matched_gp_improvement,valid,gp_linear_smooth_exponential_tail,True
30fb68460f366f9c6305,main,hpo_bayesmark_iris_random_forest,STRICT_NO_TOOLS,2,HPO,-0.050000000000000044,-0.050000000000000044,,0.02499999999999991,shared_initialization_IQR,valid,no_gp_gain_initialization_exponential,False
11d84d3b2f4a1c1e0623,main,hpo_bayesmark_iris_random_forest,CURRENT_AGENT_IO,2,HPO,-0.050000000000000044,-0.050000000000000044,,0.02499999999999991,shared_initialization_IQR,valid,no_gp_gain_initialization_exponential,False
55e54a85a35b893df808,main,hpo_bayesmark_iris_random_forest,STRICT_NO_TOOLS,3,HPO,-0.050000000000000044,-0.04166666666666663,,0.008333333333333415,matched_gp_improvement,valid,gp_linear_smooth_exponential_tail,True
33072e35cce5aa31ba85,main,hpo_bayesmark_iris_random_forest,CURRENT_AGENT_IO,3,HPO,-0.050000000000000044,-0.04166666666666663,,0.008333333333333415,matched_gp_improvement,valid,gp_linear_smooth_exponential_tail,True
2698d5c687212cd1dccf,main,hpo_bayesmark_iris_svm,STRICT_NO_TOOLS,2,HPO,-0.10833333333333339,-0.033333333333333215,,0.07500000000000018,matched_gp_improvement,valid,gp_linear_smooth_exponential_tail,True
932d65eb83c026daad89,main,hpo_bayesmark_iris_svm,CURRENT_AGENT_IO,2,HPO,-0.10833333333333339,-0.033333333333333215,,0.07500000000000018,matched_gp_improvement,valid,gp_linear_smooth_exponential_tail,True
5bf652805664d6a109fa,main,hpo_bayesmark_iris_svm,STRICT_NO_TOOLS,3,HPO,-0.05833333333333324,-0.04166666666666663,,0.016666666666666607,matched_gp_improvement,valid,gp_linear_smooth_exponential_tail,True
21577c7cd85fcdd18985,main,hpo_bayesmark_iris_svm,CURRENT_AGENT_IO,3,HPO,-0.05833333333333324,-0.04166666666666663,,0.016666666666666607,matched_gp_improvement,valid,gp_linear_smooth_exponential_tail,True
dcd8d750578035357849,main,hpo_bayesmark_iris_decision_tree,STRICT_NO_TOOLS,2,HPO,-0.45833333333333326,-0.21666666666666667,,0.24166666666666659,matched_gp_improvement,valid,gp_linear_smooth_exponential_tail,True
31524e6e0b992ce1bf80,main,hpo_bayesmark_iris_decision_tree,CURRENT_AGENT_IO,2,HPO,-0.45833333333333326,-0.21666666666666667,,0.24166666666666659,matched_gp_improvement,valid,gp_linear_smooth_exponential_tail,True
b752fee72cc2d030c0d5,main,hpo_bayesmark_iris_decision_tree,STRICT_NO_TOOLS,3,HPO,-0.2583333333333333,-0.050000000000000044,,0.20833333333333326,matched_gp_improvement,valid,gp_linear_smooth_exponential_tail,True
7476ad599b630b0c9b76,main,hpo_bayesmark_iris_decision_tree,CURRENT_AGENT_IO,3,HPO,-0.2583333333333333,-0.050000000000000044,,0.20833333333333326,matched_gp_improvement,valid,gp_linear_smooth_exponential_tail,True
a322e026d496c4b2a4b9,main,hpo_bayesmark_iris_mlp_sgd,STRICT_NO_TOOLS,2,HPO,-0.33333333333333326,-0.10833333333333317,,0.2250000000000001,matched_gp_improvement,valid,gp_linear_smooth_exponential_tail,True
c65657bb804b3c805b64,main,hpo_bayesmark_iris_mlp_sgd,CURRENT_AGENT_IO,2,HPO,-0.33333333333333326,-0.10833333333333317,,0.2250000000000001,matched_gp_improvement,valid,gp_linear_smooth_exponential_tail,True
1e91b8236019894d3cbf,main,hpo_bayesmark_iris_mlp_sgd,STRICT_NO_TOOLS,3,HPO,-0.31666666666666665,-0.025000000000000022,,0.29166666666666663,matched_gp_improvement,valid,gp_linear_smooth_exponential_tail,True
4a69245c8cc2fa1678b1,main,hpo_bayesmark_iris_mlp_sgd,CURRENT_AGENT_IO,3,HPO,-0.31666666666666665,-0.025000000000000022,,0.29166666666666663,matched_gp_improvement,valid,gp_linear_smooth_exponential_tail,True
bf26576df50d587e2e56,main,hpo_bayesmark_iris_adaboost,STRICT_NO_TOOLS,2,HPO,-0.05833333333333335,-0.050000000000000044,,0.008333333333333304,matched_gp_improvement,valid,gp_linear_smooth_exponential_tail,True
94c1a3d9f142780efd9d,main,hpo_bayesmark_iris_adaboost,CURRENT_AGENT_IO,2,HPO,-0.05833333333333335,-0.050000000000000044,,0.008333333333333304,matched_gp_improvement,valid,gp_linear_smooth_exponential_tail,True
ab3cd63d399d02ce67c7,main,hpo_bayesmark_iris_adaboost,STRICT_NO_TOOLS,3,HPO,-0.05833333333333324,-0.050000000000000044,,0.008333333333333193,matched_gp_improvement,valid,gp_linear_smooth_exponential_tail,True
02ab975af92e0ed48483,main,hpo_bayesmark_iris_adaboost,CURRENT_AGENT_IO,3,HPO,-0.05833333333333324,-0.050000000000000044,,0.008333333333333193,matched_gp_improvement,valid,gp_linear_smooth_exponential_tail,True
1d1b0c519844a7f878f3,main,hpo_bayesmark_digits_random_forest,STRICT_NO_TOOLS,2,HPO,-0.8942242547425474,-0.11066589237320945,,0.783558362369338,matched_gp_improvement,valid,gp_linear_smooth_exponential_tail,True
f01cf27e60d7e0a60037,main,hpo_bayesmark_digits_random_forest,CURRENT_AGENT_IO,2,HPO,-0.8942242547425474,-0.11066589237320945,,0.783558362369338,matched_gp_improvement,valid,gp_linear_smooth_exponential_tail,True
de0b758ad10cc8887802,main,hpo_bayesmark_digits_random_forest,STRICT_NO_TOOLS,3,HPO,-0.4307249322493225,-0.12804394115369733,,0.3026809910956252,matched_gp_improvement,valid,gp_linear_smooth_exponential_tail,True
4fe59fd77303e04699a7,main,hpo_bayesmark_digits_random_forest,CURRENT_AGENT_IO,3,HPO,-0.4307249322493225,-0.12804394115369733,,0.3026809910956252,matched_gp_improvement,valid,gp_linear_smooth_exponential_tail,True
1bc350fbd7abe18c74fe,main,hpo_bayesmark_digits_svm,STRICT_NO_TOOLS,2,HPO,-0.006958962446767303,-0.006958962446767303,,0.0034819008904374282,shared_initialization_IQR,valid,no_gp_gain_initialization_exponential,False
100ce144b33d483aa457,main,hpo_bayesmark_digits_svm,CURRENT_AGENT_IO,2,HPO,-0.006958962446767303,-0.006958962446767303,,0.0034819008904374282,shared_initialization_IQR,valid,no_gp_gain_initialization_exponential,False
f478231083f629b57340,main,hpo_bayesmark_digits_svm,STRICT_NO_TOOLS,3,HPO,-0.008352690669763851,-0.007655826558265466,,0.0006968641114983853,matched_gp_improvement,valid,gp_linear_smooth_exponential_tail,True
c4cf4b3700481b434b8f,main,hpo_bayesmark_digits_svm,CURRENT_AGENT_IO,3,HPO,-0.008352690669763851,-0.007655826558265466,,0.0006968641114983853,matched_gp_improvement,valid,gp_linear_smooth_exponential_tail,True
242a05d5e09212b80748,main,hpo_bayesmark_digits_decision_tree,STRICT_NO_TOOLS,2,HPO,-0.8928329461866047,-0.19278697251258214,,0.7000459736740225,matched_gp_improvement,valid,gp_linear_smooth_exponential_tail,True
3bfedda2f6792d5bb1b5,main,hpo_bayesmark_digits_decision_tree,CURRENT_AGENT_IO,2,HPO,-0.8928329461866047,-0.19278697251258214,,0.7000459736740225,matched_gp_improvement,valid,gp_linear_smooth_exponential_tail,True
b08ec3bc3bc26bb46135,main,hpo_bayesmark_digits_decision_tree,STRICT_NO_TOOLS,3,HPO,-0.7418118466898954,-0.37650745257452567,,0.36530439411536975,matched_gp_improvement,valid,gp_linear_smooth_exponential_tail,True
8dea165899a0d586221e,main,hpo_bayesmark_digits_decision_tree,CURRENT_AGENT_IO,3,HPO,-0.7418118466898954,-0.37650745257452567,,0.36530439411536975,matched_gp_improvement,valid,gp_linear_smooth_exponential_tail,True
2b2341dd0e2b68b252ba,main,hpo_bayesmark_digits_mlp_sgd,STRICT_NO_TOOLS,2,HPO,-0.1252685830429734,-0.03340834301200157,,0.09186024003097182,matched_gp_improvement,valid,gp_linear_smooth_exponential_tail,True
36912c87197bdcd6a5b5,main,hpo_bayesmark_digits_mlp_sgd,CURRENT_AGENT_IO,2,HPO,-0.1252685830429734,-0.03340834301200157,,0.09186024003097182,matched_gp_improvement,valid,gp_linear_smooth_exponential_tail,True
72acce7a1f4952d4a48e,main,hpo_bayesmark_digits_mlp_sgd,STRICT_NO_TOOLS,3,HPO,-0.08069589624467677,-0.03201219512195119,,0.048683701122725576,matched_gp_improvement,valid,gp_linear_smooth_exponential_tail,True
17988c7485d0cf9f0ab3,main,hpo_bayesmark_digits_mlp_sgd,CURRENT_AGENT_IO,3,HPO,-0.08069589624467677,-0.03201219512195119,,0.048683701122725576,matched_gp_improvement,valid,gp_linear_smooth_exponential_tail,True
2e0cfebc980ae40574fe,main,hpo_bayesmark_digits_adaboost,STRICT_NO_TOOLS,2,HPO,-0.46485191637630663,-0.15098964382500968,,0.31386227255129695,matched_gp_improvement,valid,gp_linear_smooth_exponential_tail,True
452e0247136fbca1cce9,main,hpo_bayesmark_digits_adaboost,CURRENT_AGENT_IO,2,HPO,-0.46485191637630663,-0.15098964382500968,,0.31386227255129695,matched_gp_improvement,valid,gp_linear_smooth_exponential_tail,True
b75df78290801d878e3c,main,hpo_bayesmark_digits_adaboost,STRICT_NO_TOOLS,3,HPO,-0.6026906697638404,-0.16770228416569888,,0.43498838559814157,matched_gp_improvement,valid,gp_linear_smooth_exponential_tail,True
244cb7014e156b146b27,main,hpo_bayesmark_digits_adaboost,CURRENT_AGENT_IO,3,HPO,-0.6026906697638404,-0.16770228416569888,,0.43498838559814157,matched_gp_improvement,valid,gp_linear_smooth_exponential_tail,True
bb7761d825a1473837c3,main,hpo_bayesmark_diabetes_random_forest,STRICT_NO_TOOLS,2,HPO,-0.844515286074131,-0.5160756173673826,,0.32843966870674834,matched_gp_improvement,valid,gp_linear_smooth_exponential_tail,True
1e2355b8b31e80fe2237,main,hpo_bayesmark_diabetes_random_forest,CURRENT_AGENT_IO,2,HPO,-0.844515286074131,-0.5160756173673826,,0.32843966870674834,matched_gp_improvement,valid,gp_linear_smooth_exponential_tail,True
971ada878502d8a2d6fe,main,hpo_bayesmark_diabetes_random_forest,STRICT_NO_TOOLS,3,HPO,-0.7484068766924775,-0.5346021754109569,,0.21380470128152063,matched_gp_improvement,valid,gp_linear_smooth_exponential_tail,True
911e0616d3d102b9c93d,main,hpo_bayesmark_diabetes_random_forest,CURRENT_AGENT_IO,3,HPO,-0.7484068766924775,-0.5346021754109569,,0.21380470128152063,matched_gp_improvement,valid,gp_linear_smooth_exponential_tail,True
1d4fce59f7963c624df0,main,hpo_bayesmark_diabetes_svm,STRICT_NO_TOOLS,2,HPO,-1.017904518038888,-0.5019872009903446,,0.5159173170485434,matched_gp_improvement,valid,gp_linear_smooth_exponential_tail,True
4a48065d060838de1acc,main,hpo_bayesmark_diabetes_svm,CURRENT_AGENT_IO,2,HPO,-1.017904518038888,-0.5019872009903446,,0.5159173170485434,matched_gp_improvement,valid,gp_linear_smooth_exponential_tail,True
3cadc21f8bece70a66a7,main,hpo_bayesmark_diabetes_svm,STRICT_NO_TOOLS,3,HPO,-0.9547488814315551,-0.5019872009903446,,0.45276168044121057,matched_gp_improvement,valid,gp_linear_smooth_exponential_tail,True
015091668b1d533aaeca,main,hpo_bayesmark_diabetes_svm,CURRENT_AGENT_IO,3,HPO,-0.9547488814315551,-0.5019872009903446,,0.45276168044121057,matched_gp_improvement,valid,gp_linear_smooth_exponential_tail,True
71a4f36d0c161d13f4cc,main,hpo_bayesmark_diabetes_decision_tree,STRICT_NO_TOOLS,2,HPO,-0.8129659455539547,-0.8129659455539547,,0.19021280239677096,shared_initialization_IQR,valid,no_gp_gain_initialization_exponential,False
795d65ae1c3b86dc8218,main,hpo_bayesmark_diabetes_decision_tree,CURRENT_AGENT_IO,2,HPO,-0.8129659455539547,-0.8129659455539547,,0.19021280239677096,shared_initialization_IQR,valid,no_gp_gain_initialization_exponential,False
db951a563e89707c188b,main,hpo_bayesmark_diabetes_decision_tree,STRICT_NO_TOOLS,3,HPO,-0.8129659455539547,-0.7114263652987723,,0.1015395802551824,matched_gp_improvement,valid,gp_linear_smooth_exponential_tail,True
d8020297fe74147390b8,main,hpo_bayesmark_diabetes_decision_tree,CURRENT_AGENT_IO,3,HPO,-0.8129659455539547,-0.7114263652987723,,0.1015395802551824,matched_gp_improvement,valid,gp_linear_smooth_exponential_tail,True
f7fd820eecc24e4d166d,main,hpo_bayesmark_diabetes_mlp_sgd,STRICT_NO_TOOLS,2,HPO,-0.9893786668629405,-0.9682322484108813,,0.021146418452059224,matched_gp_improvement,valid,gp_linear_smooth_exponential_tail,True
90430652108e63d7c91a,main,hpo_bayesmark_diabetes_mlp_sgd,CURRENT_AGENT_IO,2,HPO,-0.9893786668629405,-0.9682322484108813,,0.021146418452059224,matched_gp_improvement,valid,gp_linear_smooth_exponential_tail,True
60ddaaa95ab0efaf91e3,main,hpo_bayesmark_diabetes_mlp_sgd,STRICT_NO_TOOLS,3,HPO,-0.9751121455565961,-0.483275261775247,,0.4918368837813491,matched_gp_improvement,valid,gp_linear_smooth_exponential_tail,True
be189173c136cf3ac514,main,hpo_bayesmark_diabetes_mlp_sgd,CURRENT_AGENT_IO,3,HPO,-0.9751121455565961,-0.483275261775247,,0.4918368837813491,matched_gp_improvement,valid,gp_linear_smooth_exponential_tail,True
9f7a0ec4d0c57de92ae1,main,hpo_bayesmark_diabetes_adaboost,STRICT_NO_TOOLS,2,HPO,-0.5082536203106135,-0.49890909768396813,,0.009344522626645368,matched_gp_improvement,valid,gp_linear_smooth_exponential_tail,True
dd15471d2ff65f0d80d6,main,hpo_bayesmark_diabetes_adaboost,CURRENT_AGENT_IO,2,HPO,-0.5082536203106135,-0.49890909768396813,,0.009344522626645368,matched_gp_improvement,valid,gp_linear_smooth_exponential_tail,True
e3fe7305af033d3de9cb,main,hpo_bayesmark_diabetes_adaboost,STRICT_NO_TOOLS,3,HPO,-0.5045082066902749,-0.5045082066902749,,0.00978044030718117,shared_initialization_IQR,valid,no_gp_gain_initialization_exponential,False
f429a1d45983b54a11a1,main,hpo_bayesmark_diabetes_adaboost,CURRENT_AGENT_IO,3,HPO,-0.5045082066902749,-0.5045082066902749,,0.00978044030718117,shared_initialization_IQR,valid,no_gp_gain_initialization_exponential,False
3796d9767359dd0c6505,main,bboplace_adaptec1_n32,STRICT_NO_TOOLS,2,BBOPlace,-1777291.375,-678480.1071428572,,1098811.2678571427,matched_gp_improvement,valid,gp_linear_smooth_exponential_tail,True
826af42d45474dd62379,main,bboplace_adaptec1_n32,CURRENT_AGENT_IO,2,BBOPlace,-1777291.375,-678480.1071428572,,1098811.2678571427,matched_gp_improvement,valid,gp_linear_smooth_exponential_tail,True
fbab41ef10bde467d36b,main,bboplace_adaptec1_n32,STRICT_NO_TOOLS,3,BBOPlace,-1728078.125000003,-687881.5357142867,,1040196.5892857163,matched_gp_improvement,valid,gp_linear_smooth_exponential_tail,True
8d99103702a228c8b7bc,main,bboplace_adaptec1_n32,CURRENT_AGENT_IO,3,BBOPlace,-1728078.125000003,-687881.5357142867,,1040196.5892857163,matched_gp_improvement,valid,gp_linear_smooth_exponential_tail,True
1b538e50490943c1bbf8,main,bboplace_adaptec3_n32,STRICT_NO_TOOLS,2,BBOPlace,-3479432.919642832,-1151519.6339285695,,2327913.2857142626,matched_gp_improvement,valid,gp_linear_smooth_exponential_tail,True
6c277f5a5cbc57c578be,main,bboplace_adaptec3_n32,CURRENT_AGENT_IO,2,BBOPlace,-3479432.919642832,-1151519.6339285695,,2327913.2857142626,matched_gp_improvement,valid,gp_linear_smooth_exponential_tail,True
d55bdc33bfee696752de,main,bboplace_adaptec3_n32,STRICT_NO_TOOLS,3,BBOPlace,-3521692.205357129,-1135945.1964285728,,2385747.0089285565,matched_gp_improvement,valid,gp_linear_smooth_exponential_tail,True
84fdceec66c354ab8822,main,bboplace_adaptec3_n32,CURRENT_AGENT_IO,3,BBOPlace,-3521692.205357129,-1135945.1964285728,,2385747.0089285565,matched_gp_improvement,valid,gp_linear_smooth_exponential_tail,True
60b8594827564db26cd9,main,bboplace_adaptec4_n32,STRICT_NO_TOOLS,2,BBOPlace,-1202807.8571428559,-303090.58928571455,,899717.2678571413,matched_gp_improvement,valid,gp_linear_smooth_exponential_tail,True
beb5f8fced7c53652fe9,main,bboplace_adaptec4_n32,CURRENT_AGENT_IO,2,BBOPlace,-1202807.8571428559,-303090.58928571455,,899717.2678571413,matched_gp_improvement,valid,gp_linear_smooth_exponential_tail,True
9df9ae6b39e19540678d,main,bboplace_adaptec4_n32,STRICT_NO_TOOLS,3,BBOPlace,-1114692.2232142864,-321869.3214285717,,792822.9017857147,matched_gp_improvement,valid,gp_linear_smooth_exponential_tail,True
d9f8283f66521f76579d,main,bboplace_adaptec4_n32,CURRENT_AGENT_IO,3,BBOPlace,-1114692.2232142864,-321869.3214285717,,792822.9017857147,matched_gp_improvement,valid,gp_linear_smooth_exponential_tail,True
a4a12e370f64bce38780,main,bboplace_bigblue1_n32,STRICT_NO_TOOLS,2,BBOPlace,-1000212.4464285712,-377496.9464285746,,622715.4999999966,matched_gp_improvement,valid,gp_linear_smooth_exponential_tail,True
84eb0c978d1fe649caf7,main,bboplace_bigblue1_n32,CURRENT_AGENT_IO,2,BBOPlace,-1000212.4464285712,-377496.9464285746,,622715.4999999966,matched_gp_improvement,valid,gp_linear_smooth_exponential_tail,True
f88e4deb9a6fc474f08d,main,bboplace_bigblue1_n32,STRICT_NO_TOOLS,3,BBOPlace,-1275679.249999991,-308081.3035714299,,967597.946428561,matched_gp_improvement,valid,gp_linear_smooth_exponential_tail,True
a3093a2a75e4b3a85018,main,bboplace_bigblue1_n32,CURRENT_AGENT_IO,3,BBOPlace,-1275679.249999991,-308081.3035714299,,967597.946428561,matched_gp_improvement,valid,gp_linear_smooth_exponential_tail,True
b67dd5ae36fa77d6f315,main,bboplace_bigblue2_n32,STRICT_NO_TOOLS,2,BBOPlace,-594702.7678571427,-159445.07142857148,,435257.69642857125,matched_gp_improvement,valid,gp_linear_smooth_exponential_tail,True
0f557403aa82ffaa1202,main,bboplace_bigblue2_n32,CURRENT_AGENT_IO,2,BBOPlace,-594702.7678571427,-159445.07142857148,,435257.69642857125,matched_gp_improvement,valid,gp_linear_smooth_exponential_tail,True
59fdd1db5421bd5bef46,main,bboplace_bigblue2_n32,STRICT_NO_TOOLS,3,BBOPlace,-605662.4196428574,-85590.05357142861,,520072.36607142875,matched_gp_improvement,valid,gp_linear_smooth_exponential_tail,True
2c4a2387c6846054f7f7,main,bboplace_bigblue2_n32,CURRENT_AGENT_IO,3,BBOPlace,-605662.4196428574,-85590.05357142861,,520072.36607142875,matched_gp_improvement,valid,gp_linear_smooth_exponential_tail,True
36cb65e2e65a3fd71079,main,bboplace_bigblue4_n32,STRICT_NO_TOOLS,2,BBOPlace,-12998108.285714343,-3726579.508928584,,9271528.77678576,matched_gp_improvement,valid,gp_linear_smooth_exponential_tail,True
37e019e4de183e20491d,main,bboplace_bigblue4_n32,CURRENT_AGENT_IO,2,BBOPlace,-12998108.285714343,-3726579.508928584,,9271528.77678576,matched_gp_improvement,valid,gp_linear_smooth_exponential_tail,True
a45d027c2bcefeb0a4e5,main,bboplace_bigblue4_n32,STRICT_NO_TOOLS,3,BBOPlace,-13324150.669642981,-3918138.919642892,,9406011.75000009,matched_gp_improvement,valid,gp_linear_smooth_exponential_tail,True
ef7d0f2508f6fd9ee88d,main,bboplace_bigblue4_n32,CURRENT_AGENT_IO,3,BBOPlace,-13324150.669642981,-3918138.919642892,,9406011.75000009,matched_gp_improvement,valid,gp_linear_smooth_exponential_tail,True
c2fe9e47872d64032207,main,bboplace_superblue1_n32,STRICT_NO_TOOLS,2,BBOPlace,-7490.448883928571,-791.9361160714286,,6698.5127678571425,matched_gp_improvement,valid,gp_linear_smooth_exponential_tail,True
6e636f5803fa0dd73860,main,bboplace_superblue1_n32,CURRENT_AGENT_IO,2,BBOPlace,-7490.448883928571,-791.9361160714286,,6698.5127678571425,matched_gp_improvement,valid,gp_linear_smooth_exponential_tail,True
85f58b1aab1cca2e10ab,main,bboplace_superblue1_n32,STRICT_NO_TOOLS,3,BBOPlace,-4852.262410714285,-875.802455357143,,3976.4599553571416,matched_gp_improvement,valid,gp_linear_smooth_exponential_tail,True
729d90a78455484f022d,main,bboplace_superblue1_n32,CURRENT_AGENT_IO,3,BBOPlace,-4852.262410714285,-875.802455357143,,3976.4599553571416,matched_gp_improvement,valid,gp_linear_smooth_exponential_tail,True
7b291492ad430e9734b1,main,bboplace_superblue4_n32,STRICT_NO_TOOLS,2,BBOPlace,-150957.33428571443,-18964.90767857144,,131992.426607143,matched_gp_improvement,valid,gp_linear_smooth_exponential_tail,True
8ac683593f0612ed8e36,main,bboplace_superblue4_n32,CURRENT_AGENT_IO,2,BBOPlace,-150957.33428571443,-18964.90767857144,,131992.426607143,matched_gp_improvement,valid,gp_linear_smooth_exponential_tail,True
f5c4b9f535624bce15ba,main,bboplace_superblue4_n32,STRICT_NO_TOOLS,3,BBOPlace,-168678.8633035712,-25527.190446428554,,143151.67285714266,matched_gp_improvement,valid,gp_linear_smooth_exponential_tail,True
210cac3f54f7ef2cb8fa,main,bboplace_superblue4_n32,CURRENT_AGENT_IO,3,BBOPlace,-168678.8633035712,-25527.190446428554,,143151.67285714266,matched_gp_improvement,valid,gp_linear_smooth_exponential_tail,True
60aa46e0b160970ce714,main,bboplace_superblue5_n32,STRICT_NO_TOOLS,2,BBOPlace,-148581.82026785714,-54765.76455357142,,93816.05571428573,matched_gp_improvement,valid,gp_linear_smooth_exponential_tail,True
b3e88f8e0f40ea003a38,main,bboplace_superblue5_n32,CURRENT_AGENT_IO,2,BBOPlace,-148581.82026785714,-54765.76455357142,,93816.05571428573,matched_gp_improvement,valid,gp_linear_smooth_exponential_tail,True
b732d4ba3a6aaed0b7a2,main,bboplace_superblue5_n32,STRICT_NO_TOOLS,3,BBOPlace,-263767.4219642856,-45937.20928571419,,217830.2126785714,matched_gp_improvement,valid,gp_linear_smooth_exponential_tail,True
b239947966f215182f63,main,bboplace_superblue5_n32,CURRENT_AGENT_IO,3,BBOPlace,-263767.4219642856,-45937.20928571419,,217830.2126785714,matched_gp_improvement,valid,gp_linear_smooth_exponential_tail,True
7d3700263fd188e8732d,main,bboplace_superblue7_n32,STRICT_NO_TOOLS,2,BBOPlace,-23631.627455357146,-10342.866294642845,,13288.7611607143,matched_gp_improvement,valid,gp_linear_smooth_exponential_tail,True
e2e9b946c400b3c297f6,main,bboplace_superblue7_n32,CURRENT_AGENT_IO,2,BBOPlace,-23631.627455357146,-10342.866294642845,,13288.7611607143,matched_gp_improvement,valid,gp_linear_smooth_exponential_tail,True
0d3a7c94484f5d43beca,main,bboplace_superblue7_n32,STRICT_NO_TOOLS,3,BBOPlace,-55524.654241071476,-10342.866294642823,,45181.78794642865,matched_gp_improvement,valid,gp_linear_smooth_exponential_tail,True
5bad2477c79c6ad9f5b6,main,bboplace_superblue7_n32,CURRENT_AGENT_IO,3,BBOPlace,-55524.654241071476,-10342.866294642823,,45181.78794642865,matched_gp_improvement,valid,gp_linear_smooth_exponential_tail,True
dd9af55c44cc0ef48b76,main,bboplace_superblue16_n32,STRICT_NO_TOOLS,2,BBOPlace,-75826.90321428573,-14280.252410714293,,61546.650803571436,matched_gp_improvement,valid,gp_linear_smooth_exponential_tail,True
a00b69d5d1b0353fbb0f,main,bboplace_superblue16_n32,CURRENT_AGENT_IO,2,BBOPlace,-75826.90321428573,-14280.252410714293,,61546.650803571436,matched_gp_improvement,valid,gp_linear_smooth_exponential_tail,True
37cb8797c6ec9ca84123,main,bboplace_superblue16_n32,STRICT_NO_TOOLS,3,BBOPlace,-56558.6944642857,-11170.836249999975,,45387.85821428572,matched_gp_improvement,valid,gp_linear_smooth_exponential_tail,True
7389dc6a74b0f9dc32e5,main,bboplace_superblue16_n32,CURRENT_AGENT_IO,3,BBOPlace,-56558.6944642857,-11170.836249999975,,45387.85821428572,matched_gp_improvement,valid,gp_linear_smooth_exponential_tail,True
50ee31f1a3b1ce41ba86,main,bboplace_superblue18_n32,STRICT_NO_TOOLS,2,BBOPlace,-2101.961517857143,-521.6517857142857,,1580.3097321428572,matched_gp_improvement,valid,gp_linear_smooth_exponential_tail,True
b0ccfda722743fa81d8e,main,bboplace_superblue18_n32,CURRENT_AGENT_IO,2,BBOPlace,-2101.961517857143,-521.6517857142857,,1580.3097321428572,matched_gp_improvement,valid,gp_linear_smooth_exponential_tail,True
232e33b546c965fcbff1,main,bboplace_superblue18_n32,STRICT_NO_TOOLS,3,BBOPlace,-1823.6284821428574,-371.100535714286,,1452.5279464285713,matched_gp_improvement,valid,gp_linear_smooth_exponential_tail,True
61dfd7742c9a2fc177e2,main,bboplace_superblue18_n32,CURRENT_AGENT_IO,3,BBOPlace,-1823.6284821428574,-371.100535714286,,1452.5279464285713,matched_gp_improvement,valid,gp_linear_smooth_exponential_tail,True
308f22d42679a1bd9844,main,knob_http_surrogate_job_5,STRICT_NO_TOOLS,2,DBTune,-109.2531616287499,-75.2707985839513,,33.98236304479859,matched_gp_improvement,valid,gp_linear_smooth_exponential_tail,True
534161efb3bb3418cd7d,main,knob_http_surrogate_job_5,CURRENT_AGENT_IO,2,DBTune,-109.2531616287499,-75.2707985839513,,33.98236304479859,matched_gp_improvement,valid,gp_linear_smooth_exponential_tail,True
e2dc712c665e01ed4e9f,main,knob_http_surrogate_job_5,STRICT_NO_TOOLS,3,DBTune,-159.6151372590015,-71.44094065318792,,88.17419660581358,matched_gp_improvement,valid,gp_linear_smooth_exponential_tail,True
7230792d18c9cf1ce7a0,main,knob_http_surrogate_job_5,CURRENT_AGENT_IO,3,DBTune,-159.6151372590015,-71.44094065318792,,88.17419660581358,matched_gp_improvement,valid,gp_linear_smooth_exponential_tail,True
c162142ced163613688d,main,knob_http_surrogate_job_all,STRICT_NO_TOOLS,2,DBTune,-48.76575275885908,-46.10169142913141,,2.664061329727673,matched_gp_improvement,valid,gp_linear_smooth_exponential_tail,True
3a2d8e73f6cf6b315767,main,knob_http_surrogate_job_all,CURRENT_AGENT_IO,2,DBTune,-48.76575275885908,-46.10169142913141,,2.664061329727673,matched_gp_improvement,valid,gp_linear_smooth_exponential_tail,True
c0eb4ffcde3bfc5d5ac9,main,knob_http_surrogate_job_all,STRICT_NO_TOOLS,3,DBTune,-48.800245788269216,-45.759231954400036,,3.0410138338691795,matched_gp_improvement,valid,gp_linear_smooth_exponential_tail,True
2075319da6703f4dc19f,main,knob_http_surrogate_job_all,CURRENT_AGENT_IO,3,DBTune,-48.800245788269216,-45.759231954400036,,3.0410138338691795,matched_gp_improvement,valid,gp_linear_smooth_exponential_tail,True
3364a2f2d6811f335709,main,knob_http_surrogate_sysbench_5,STRICT_NO_TOOLS,2,DBTune,362.6538589226556,387.7246659281452,,25.0708070054896,matched_gp_improvement,valid,gp_linear_smooth_exponential_tail,True
325e90e8b46c1789303d,main,knob_http_surrogate_sysbench_5,CURRENT_AGENT_IO,2,DBTune,362.6538589226556,387.7246659281452,,25.0708070054896,matched_gp_improvement,valid,gp_linear_smooth_exponential_tail,True
ead8e70278ae974ee90f,main,knob_http_surrogate_sysbench_5,STRICT_NO_TOOLS,3,DBTune,352.4350924987192,379.5077323653612,,27.07263986664202,matched_gp_improvement,valid,gp_linear_smooth_exponential_tail,True
e1464aa3fccd05a554dd,main,knob_http_surrogate_sysbench_5,CURRENT_AGENT_IO,3,DBTune,352.4350924987192,379.5077323653612,,27.07263986664202,matched_gp_improvement,valid,gp_linear_smooth_exponential_tail,True
d933ca8a10c3c8ecb471,main,knob_http_surrogate_sysbench_all,STRICT_NO_TOOLS,2,DBTune,369.35860051564794,540.8678740621101,,171.50927354646217,matched_gp_improvement,valid,gp_linear_smooth_exponential_tail,True
e89efa98ba58066be83d,main,knob_http_surrogate_sysbench_all,CURRENT_AGENT_IO,2,DBTune,369.35860051564794,540.8678740621101,,171.50927354646217,matched_gp_improvement,valid,gp_linear_smooth_exponential_tail,True
776cf82f5ec827a1cd40,main,knob_http_surrogate_sysbench_all,STRICT_NO_TOOLS,3,DBTune,311.04077216508944,494.6011351918425,,183.56036302675307,matched_gp_improvement,valid,gp_linear_smooth_exponential_tail,True
5ed91aa3ff4aefa98478,main,knob_http_surrogate_sysbench_all,CURRENT_AGENT_IO,3,DBTune,311.04077216508944,494.6011351918425,,183.56036302675307,matched_gp_improvement,valid,gp_linear_smooth_exponential_tail,True
bb734ef4c2b1de6ec6d8,main,knob_http_surrogate_pg_5,STRICT_NO_TOOLS,2,DBTune,-30.85887350000002,-29.531217375000004,,1.327656125000015,matched_gp_improvement,valid,gp_linear_smooth_exponential_tail,True
fe1a3916c0885ef6e371,main,knob_http_surrogate_pg_5,CURRENT_AGENT_IO,2,DBTune,-30.85887350000002,-29.531217375000004,,1.327656125000015,matched_gp_improvement,valid,gp_linear_smooth_exponential_tail,True
76f4883b9704014d577e,main,knob_http_surrogate_pg_5,STRICT_NO_TOOLS,3,DBTune,-36.85804599999999,-29.4979465,,7.360099499999986,matched_gp_improvement,valid,gp_linear_smooth_exponential_tail,True
9be1a3fb774c576eb8ff,main,knob_http_surrogate_pg_5,CURRENT_AGENT_IO,3,DBTune,-36.85804599999999,-29.4979465,,7.360099499999986,matched_gp_improvement,valid,gp_linear_smooth_exponential_tail,True
a83f9226aea8d64ca892,main,knob_http_surrogate_pg_20,STRICT_NO_TOOLS,2,DBTune,-16.90282300000001,-14.743588499999996,,2.1592345000000126,matched_gp_improvement,valid,gp_linear_smooth_exponential_tail,True
d8e79c7a55763fc034fc,main,knob_http_surrogate_pg_20,CURRENT_AGENT_IO,2,DBTune,-16.90282300000001,-14.743588499999996,,2.1592345000000126,matched_gp_improvement,valid,gp_linear_smooth_exponential_tail,True
e95b0c650182e22034b4,main,knob_http_surrogate_pg_20,STRICT_NO_TOOLS,3,DBTune,-21.461346999999996,-15.497292500000006,,5.964054499999991,matched_gp_improvement,valid,gp_linear_smooth_exponential_tail,True
1a982109856898fc7460,main,knob_http_surrogate_pg_20,CURRENT_AGENT_IO,3,DBTune,-21.461346999999996,-15.497292500000006,,5.964054499999991,matched_gp_improvement,valid,gp_linear_smooth_exponential_tail,True
63a9dc48347386eddf78,main,guacamol_fexofenadine_mpo_smiles_demo,STRICT_NO_TOOLS,2,GuacaMol,-0.31530366856476655,-0.23724670857914776,-0.0,,,valid,molecular_linear,False
16a9e36186d143d958cb,main,guacamol_fexofenadine_mpo_smiles_demo,CURRENT_AGENT_IO,2,GuacaMol,-0.31530366856476655,-0.23724670857914776,-0.0,,,valid,molecular_linear,False
bcb7f34e6e4e0d7ba228,main,guacamol_fexofenadine_mpo_smiles_demo,STRICT_NO_TOOLS,3,GuacaMol,-0.31530366856476655,-0.23259392902622456,-0.0,,,valid,molecular_linear,False
db2ec3802f5363e38a0c,main,guacamol_fexofenadine_mpo_smiles_demo,CURRENT_AGENT_IO,3,GuacaMol,-0.31530366856476655,-0.23259392902622456,-0.0,,,valid,molecular_linear,False
ac4a670e16bff9cea7a8,main,guacamol_median1_smiles_demo,STRICT_NO_TOOLS,2,GuacaMol,-0.8726140489403036,-0.7014048428348643,-0.42,,,valid,molecular_linear,False
cb4c1bf04dfe93002fe2,main,guacamol_median1_smiles_demo,CURRENT_AGENT_IO,2,GuacaMol,-0.8726140489403036,-0.7014048428348643,-0.42,,,valid,molecular_linear,False
5bddb6b9a1f51ed7db75,main,guacamol_median1_smiles_demo,STRICT_NO_TOOLS,3,GuacaMol,-0.8726140489403036,-0.675742606648889,-0.42,,,valid,molecular_linear,False
cf93055cb34151e00b4d,main,guacamol_median1_smiles_demo,CURRENT_AGENT_IO,3,GuacaMol,-0.8726140489403036,-0.675742606648889,-0.42,,,valid,molecular_linear,False
e4ac3d2b4a4ef8c71ec1,main,guacamol_amlodipine_mpo_smiles_demo,STRICT_NO_TOOLS,2,GuacaMol,-0.5090097469690171,-0.4380485130509837,-0.0,,,valid,molecular_linear,False
5cfac40091a8aaf8a5bc,main,guacamol_amlodipine_mpo_smiles_demo,CURRENT_AGENT_IO,2,GuacaMol,-0.5090097469690171,-0.4380485130509837,-0.0,,,valid,molecular_linear,False
35a8855d504b3882fc50,main,guacamol_amlodipine_mpo_smiles_demo,STRICT_NO_TOOLS,3,GuacaMol,-0.5090097469690171,-0.45566894604818264,-0.0,,,valid,molecular_linear,False
c8523709118b4c3d5663,main,guacamol_amlodipine_mpo_smiles_demo,CURRENT_AGENT_IO,3,GuacaMol,-0.5090097469690171,-0.45566894604818264,-0.0,,,valid,molecular_linear,False
0bd92389edc70ad88568,main,guacamol_median2_smiles_demo,STRICT_NO_TOOLS,2,GuacaMol,-0.8297564039814496,-0.762351275658621,-0.0,,,valid,molecular_linear,False
8878b2aa8c55087c7b87,main,guacamol_median2_smiles_demo,CURRENT_AGENT_IO,2,GuacaMol,-0.8297564039814496,-0.762351275658621,-0.0,,,valid,molecular_linear,False
a7e773ca955b122f4cc5,main,guacamol_median2_smiles_demo,STRICT_NO_TOOLS,3,GuacaMol,-0.8297564039814496,-0.7504810612049236,-0.0,,,valid,molecular_linear,False
4db9c62d33fd61349a06,main,guacamol_median2_smiles_demo,CURRENT_AGENT_IO,3,GuacaMol,-0.8297564039814496,-0.7504810612049236,-0.0,,,valid,molecular_linear,False
512acfb8ad9c0dd452ab,main,guacamol_osimertinib_mpo_smiles_demo,STRICT_NO_TOOLS,2,GuacaMol,-0.2383443355982171,-0.17256227008828173,-0.0,,,valid,molecular_linear,False
a927d2c81536cac0782c,main,guacamol_osimertinib_mpo_smiles_demo,CURRENT_AGENT_IO,2,GuacaMol,-0.2383443355982171,-0.17256227008828173,-0.0,,,valid,molecular_linear,False
9f8d9de8d0df14ee2be4,main,guacamol_osimertinib_mpo_smiles_demo,STRICT_NO_TOOLS,3,GuacaMol,-0.2383443355982171,-0.19917592137503914,-0.0,,,valid,molecular_linear,False
8bbed71bd07a3a93024f,main,guacamol_osimertinib_mpo_smiles_demo,CURRENT_AGENT_IO,3,GuacaMol,-0.2383443355982171,-0.19917592137503914,-0.0,,,valid,molecular_linear,False
f47e52d4eab1c02eb0f5,main,guacamol_perindopril_mpo_smiles_demo,STRICT_NO_TOOLS,2,GuacaMol,-0.6091320200147141,-0.5573421796173189,-0.0,,,valid,molecular_linear,False
cea749ab9778b0530664,main,guacamol_perindopril_mpo_smiles_demo,CURRENT_AGENT_IO,2,GuacaMol,-0.6091320200147141,-0.5573421796173189,-0.0,,,valid,molecular_linear,False
7ea22eeda539584b3e9e,main,guacamol_perindopril_mpo_smiles_demo,STRICT_NO_TOOLS,3,GuacaMol,-0.6091320200147141,-0.5639485751996417,-0.0,,,valid,molecular_linear,False
c47bddd49132e6a89a30,main,guacamol_perindopril_mpo_smiles_demo,CURRENT_AGENT_IO,3,GuacaMol,-0.6091320200147141,-0.5639485751996417,-0.0,,,valid,molecular_linear,False
2c57108048419629e9df,main,guacamol_ranolazine_mpo_smiles_demo,STRICT_NO_TOOLS,2,GuacaMol,-0.39944061827096944,-0.2908400714066445,-0.0,,,valid,molecular_linear,False
7f5519018fef74ec26fc,main,guacamol_ranolazine_mpo_smiles_demo,CURRENT_AGENT_IO,2,GuacaMol,-0.39944061827096944,-0.2908400714066445,-0.0,,,valid,molecular_linear,False
52694804f441177c2fc7,main,guacamol_ranolazine_mpo_smiles_demo,STRICT_NO_TOOLS,3,GuacaMol,-0.39944061827096944,-0.23587761936196683,-0.0,,,valid,molecular_linear,False
d8f0810d590715f97b2b,main,guacamol_ranolazine_mpo_smiles_demo,CURRENT_AGENT_IO,3,GuacaMol,-0.39944061827096944,-0.23587761936196683,-0.0,,,valid,molecular_linear,False
160534ac70d0bc8ea181,main,guacamol_sitagliptin_mpo_smiles_demo,STRICT_NO_TOOLS,2,GuacaMol,-0.843399628386485,-0.843399628386485,-0.0,,,valid,molecular_linear,False
7ff2509f40148effae9e,main,guacamol_sitagliptin_mpo_smiles_demo,CURRENT_AGENT_IO,2,GuacaMol,-0.843399628386485,-0.843399628386485,-0.0,,,valid,molecular_linear,False
a4a1cdabbfef8dfe84aa,main,guacamol_sitagliptin_mpo_smiles_demo,STRICT_NO_TOOLS,3,GuacaMol,-0.843399628386485,-0.843399628386485,-0.0,,,valid,molecular_linear,False
e83d4010ac5a710eea84,main,guacamol_sitagliptin_mpo_smiles_demo,CURRENT_AGENT_IO,3,GuacaMol,-0.843399628386485,-0.843399628386485,-0.0,,,valid,molecular_linear,False
8222889e38c7b856c567,main,guacamol_valsartan_smarts_smiles_demo,STRICT_NO_TOOLS,2,GuacaMol,-1.0,-1.0,-0.0,,,valid,molecular_linear,False
b3d0d6c824605e08f2c8,main,guacamol_valsartan_smarts_smiles_demo,CURRENT_AGENT_IO,2,GuacaMol,-1.0,-1.0,-0.0,,,valid,molecular_linear,False
22c68278c1074ad873a3,main,guacamol_valsartan_smarts_smiles_demo,STRICT_NO_TOOLS,3,GuacaMol,-1.0,-1.0,-0.0,,,valid,molecular_linear,False
9f5d80a5c110423dc6bd,main,guacamol_valsartan_smarts_smiles_demo,CURRENT_AGENT_IO,3,GuacaMol,-1.0,-1.0,-0.0,,,valid,molecular_linear,False
081d3a5cd7cf67598b54,main,guacamol_zaleplon_mpo_smiles_demo,STRICT_NO_TOOLS,2,GuacaMol,-0.673285085442346,-0.673285085442346,-0.0,,,valid,molecular_linear,False
00f5a2af6f7a8fb3617e,main,guacamol_zaleplon_mpo_smiles_demo,CURRENT_AGENT_IO,2,GuacaMol,-0.673285085442346,-0.673285085442346,-0.0,,,valid,molecular_linear,False
959f784bde58441acd85,main,guacamol_zaleplon_mpo_smiles_demo,STRICT_NO_TOOLS,3,GuacaMol,-0.673285085442346,-0.673285085442346,-0.0,,,valid,molecular_linear,False
f4676fbe083af97e2455,main,guacamol_zaleplon_mpo_smiles_demo,CURRENT_AGENT_IO,3,GuacaMol,-0.673285085442346,-0.673285085442346,-0.0,,,valid,molecular_linear,False
552beb89651f598656f2,main,bbob_f01_d10,STRICT_NO_TOOLS,2,BBOB,171.52219557758514,247.06380492955597,247.11,,,valid,bounded_gp_piecewise,True
dcb7e2abe64a502ba83d,main,bbob_f01_d10,CURRENT_AGENT_IO,2,BBOB,171.52219557758514,247.06380492955597,247.11,,,valid,bounded_gp_piecewise,True
311b1ca92befe63cf069,main,bbob_f01_d10,STRICT_NO_TOOLS,3,BBOB,-113.57020579592063,-79.52091058737267,-79.48,,,valid,bounded_gp_piecewise,True
351a0032ff5140ee1e6f,main,bbob_f01_d10,CURRENT_AGENT_IO,3,BBOB,-113.57020579592063,-79.52091058737267,-79.48,,,valid,bounded_gp_piecewise,True
1a23a1419bc87e5513f1,main,bbob_f02_d10,STRICT_NO_TOOLS,2,BBOB,-1912593.479422281,-45728.41663644735,87.89,,,valid,bounded_gp_piecewise,True
0c98b30caf9d74a3f66b,main,bbob_f02_d10,CURRENT_AGENT_IO,2,BBOB,-1912593.479422281,-45728.41663644735,87.89,,,valid,bounded_gp_piecewise,True
37ff8f4ea444d475da42,main,bbob_f02_d10,STRICT_NO_TOOLS,3,BBOB,-1980297.3222938296,-18933.32653194777,209.88,,,valid,bounded_gp_piecewise,True
a6aee28b8940073d1e39,main,bbob_f02_d10,CURRENT_AGENT_IO,3,BBOB,-1980297.3222938296,-18933.32653194777,209.88,,,valid,bounded_gp_piecewise,True
c12bf8a84f406529a570,main,bbob_f03_d10,STRICT_NO_TOOLS,2,BBOB,-381.88827751427846,-216.85378179171147,-115.68,,,valid,bounded_gp_piecewise,True
fe57240650238c0c9122,main,bbob_f03_d10,CURRENT_AGENT_IO,2,BBOB,-381.88827751427846,-216.85378179171147,-115.68,,,valid,bounded_gp_piecewise,True
a42794315aafcfc2599e,main,bbob_f03_d10,STRICT_NO_TOOLS,3,BBOB,237.13658327407416,406.0486630851106,462.09,,,valid,bounded_gp_piecewise,True
e560780d5a72bd8b67fc,main,bbob_f03_d10,CURRENT_AGENT_IO,3,BBOB,237.13658327407416,406.0486630851106,462.09,,,valid,bounded_gp_piecewise,True
86b075be0a5c41174944,main,bbob_f04_d10,STRICT_NO_TOOLS,2,BBOB,-585.256661609699,-299.6300695931389,-115.68,,,valid,bounded_gp_piecewise,True
36ae89482a677f9a7176,main,bbob_f04_d10,CURRENT_AGENT_IO,2,BBOB,-585.256661609699,-299.6300695931389,-115.68,,,valid,bounded_gp_piecewise,True
9a021e1e8d746811ca83,main,bbob_f04_d10,STRICT_NO_TOOLS,3,BBOB,141.26814365119952,201.67077442987028,462.09,,,valid,bounded_gp_piecewise,True
28a716725be5fdcdd4ca,main,bbob_f04_d10,CURRENT_AGENT_IO,3,BBOB,141.26814365119952,201.67077442987028,462.09,,,valid,bounded_gp_piecewise,True
08d26630f442c209db84,main,bbob_f05_d10,STRICT_NO_TOOLS,2,BBOB,-196.92309026202258,-66.71,-66.71,,,valid,linear_gp_at_upper,False
6635c0e1ddb38a0eba92,main,bbob_f05_d10,CURRENT_AGENT_IO,2,BBOB,-196.92309026202258,-66.71,-66.71,,,valid,linear_gp_at_upper,False
93f4270943a0bc4aace2,main,bbob_f05_d10,STRICT_NO_TOOLS,3,BBOB,-137.0025123708135,9.21,9.21,,,valid,linear_gp_at_upper,False
9d28c1799a0269a69ce9,main,bbob_f05_d10,CURRENT_AGENT_IO,3,BBOB,-137.0025123708135,9.21,9.21,,,valid,linear_gp_at_upper,False
04c96f53041507cbba2e,main,bbob_f06_d10,STRICT_NO_TOOLS,2,BBOB,-170079.76832573392,895.5730953532598,1000.0,,,valid,bounded_gp_piecewise,True
c96874351b7390cb3e22,main,bbob_f06_d10,CURRENT_AGENT_IO,2,BBOB,-170079.76832573392,895.5730953532598,1000.0,,,valid,bounded_gp_piecewise,True
6ea20f4ddc38da776ea0,main,bbob_f06_d10,STRICT_NO_TOOLS,3,BBOB,-93459.82381181861,-148.7966797093323,-35.9,,,valid,bounded_gp_piecewise,True
bc3d52a8b08ff9796681,main,bbob_f06_d10,CURRENT_AGENT_IO,3,BBOB,-93459.82381181861,-148.7966797093323,-35.9,,,valid,bounded_gp_piecewise,True
9e4c4a79473860cc4143,main,bbob_f07_d10,STRICT_NO_TOOLS,2,BBOB,-178.90117476188647,-11.673289436097875,-3.82,,,valid,bounded_gp_piecewise,True
a73931ce9f5821322533,main,bbob_f07_d10,CURRENT_AGENT_IO,2,BBOB,-178.90117476188647,-11.673289436097875,-3.82,,,valid,bounded_gp_piecewise,True
34f4454a4e1263dcbe76,main,bbob_f07_d10,STRICT_NO_TOOLS,3,BBOB,-270.46252602208983,-100.58534740177137,-92.94,,,valid,bounded_gp_piecewise,True
8e2155270efe26cebb59,main,bbob_f07_d10,CURRENT_AGENT_IO,3,BBOB,-270.46252602208983,-100.58534740177137,-92.94,,,valid,bounded_gp_piecewise,True
cc0d26cb7089ca62c57a,main,bbob_f08_d10,STRICT_NO_TOOLS,2,BBOB,-26199.332385202786,-975.600599262748,-98.62,,,valid,bounded_gp_piecewise,True
9d1992aa2633d6eac320,main,bbob_f08_d10,CURRENT_AGENT_IO,2,BBOB,-26199.332385202786,-975.600599262748,-98.62,,,valid,bounded_gp_piecewise,True
3498c4aae4df2f0579b2,main,bbob_f08_d10,STRICT_NO_TOOLS,3,BBOB,-48895.9837970796,-1669.9529180284057,-149.15,,,valid,bounded_gp_piecewise,True
418168dcff532758ee89,main,bbob_f08_d10,CURRENT_AGENT_IO,3,BBOB,-48895.9837970796,-1669.9529180284057,-149.15,,,valid,bounded_gp_piecewise,True
99c5317017dd8e2f8d3c,main,bbob_f09_d10,STRICT_NO_TOOLS,2,BBOB,-33676.32786623983,-1131.8025363553354,-55.34,,,valid,bounded_gp_piecewise,True
4950c021830d037da836,main,bbob_f09_d10,CURRENT_AGENT_IO,2,BBOB,-33676.32786623983,-1131.8025363553354,-55.34,,,valid,bounded_gp_piecewise,True
b70a0407519143b08827,main,bbob_f09_d10,STRICT_NO_TOOLS,3,BBOB,-47622.18954186682,-651.3363277100432,-123.83,,,valid,bounded_gp_piecewise,True
99efe32ce8a45de19596,main,bbob_f09_d10,CURRENT_AGENT_IO,3,BBOB,-47622.18954186682,-651.3363277100432,-123.83,,,valid,bounded_gp_piecewise,True
378b73e42ba9df8fc9ac,main,bbob_f10_d10,STRICT_NO_TOOLS,2,BBOB,-1700170.6702034737,-313849.2078604122,491.53,,,valid,bounded_gp_piecewise,True
14574c5773cae7d9b42e,main,bbob_f10_d10,CURRENT_AGENT_IO,2,BBOB,-1700170.6702034737,-313849.2078604122,491.53,,,valid,bounded_gp_piecewise,True
35e8341b77c10c57c8c8,main,bbob_f10_d10,STRICT_NO_TOOLS,3,BBOB,-2767319.0433555045,-87284.26888756665,54.94,,,valid,bounded_gp_piecewise,True
3470a2a291c574df1648,main,bbob_f10_d10,CURRENT_AGENT_IO,3,BBOB,-2767319.0433555045,-87284.26888756665,54.94,,,valid,bounded_gp_piecewise,True
a11c0bcfadd715553fa6,main,bbob_f11_d10,STRICT_NO_TOOLS,2,BBOB,-79808.54020588158,-286.5864146348513,-13.66,,,valid,bounded_gp_piecewise,True
229c02077f104f60500a,main,bbob_f11_d10,CURRENT_AGENT_IO,2,BBOB,-79808.54020588158,-286.5864146348513,-13.66,,,valid,bounded_gp_piecewise,True
c364f33d25160490bc4d,main,bbob_f11_d10,STRICT_NO_TOOLS,3,BBOB,-62192.36184875856,-343.3158277139552,-76.27,,,valid,bounded_gp_piecewise,True
e03694ada0462b6449e6,main,bbob_f11_d10,CURRENT_AGENT_IO,3,BBOB,-62192.36184875856,-343.3158277139552,-76.27,,,valid,bounded_gp_piecewise,True
73f59c44e8158879c65d,main,bbob_f12_d10,STRICT_NO_TOOLS,2,BBOB,-29305719.58508517,-29305719.58508517,-56.61,,,valid,linear_gp_no_improvement,False
5fbb107c8cfc97293f6d,main,bbob_f12_d10,CURRENT_AGENT_IO,2,BBOB,-29305719.58508517,-29305719.58508517,-56.61,,,valid,linear_gp_no_improvement,False
a314d928f7b427dff1e4,main,bbob_f12_d10,STRICT_NO_TOOLS,3,BBOB,-40675571.397548795,-40675571.397548795,621.11,,,valid,linear_gp_no_improvement,False
b98c9089123fb48b99dd,main,bbob_f12_d10,CURRENT_AGENT_IO,3,BBOB,-40675571.397548795,-40675571.397548795,621.11,,,valid,linear_gp_no_improvement,False
f945a5659cc0dcffdc1b,main,bbob_f13_d10,STRICT_NO_TOOLS,2,BBOB,-1148.1528757790547,148.23453294969985,279.95,,,valid,bounded_gp_piecewise,True
76889d33e0e735447d0f,main,bbob_f13_d10,CURRENT_AGENT_IO,2,BBOB,-1148.1528757790547,148.23453294969985,279.95,,,valid,bounded_gp_piecewise,True
248f1b6e711ea9d5e054,main,bbob_f13_d10,STRICT_NO_TOOLS,3,BBOB,-1508.716814224458,-153.1000681514219,-29.97,,,valid,bounded_gp_piecewise,True
d76af591bec319272cc8,main,bbob_f13_d10,CURRENT_AGENT_IO,3,BBOB,-1508.716814224458,-153.1000681514219,-29.97,,,valid,bounded_gp_piecewise,True
e322465ff3e965654eef,main,bbob_f14_d10,STRICT_NO_TOOLS,2,BBOB,-92.43024860977053,-81.49697977581678,-77.31,,,valid,bounded_gp_piecewise,True
cbaf762fc9418d65fe68,main,bbob_f14_d10,CURRENT_AGENT_IO,2,BBOB,-92.43024860977053,-81.49697977581678,-77.31,,,valid,bounded_gp_piecewise,True
c360c8e41305e3c896a3,main,bbob_f14_d10,STRICT_NO_TOOLS,3,BBOB,27.883162343456753,47.32829076801394,52.35,,,valid,bounded_gp_piecewise,True
8ce5a6009cd5206f3f01,main,bbob_f14_d10,CURRENT_AGENT_IO,3,BBOB,27.883162343456753,47.32829076801394,52.35,,,valid,bounded_gp_piecewise,True
130d6aea32ff2b01dde3,main,bbob_f15_d10,STRICT_NO_TOOLS,2,BBOB,-443.37238541667534,-48.20291372261357,48.22,,,valid,bounded_gp_piecewise,True
35a71502103244626562,main,bbob_f15_d10,CURRENT_AGENT_IO,2,BBOB,-443.37238541667534,-48.20291372261357,48.22,,,valid,bounded_gp_piecewise,True
cb8efc3445261186bb9c,main,bbob_f15_d10,STRICT_NO_TOOLS,3,BBOB,-1450.1047224323365,-1081.5485618059283,-1000.0,,,valid,bounded_gp_piecewise,True
96135854d976dbe15cdd,main,bbob_f15_d10,CURRENT_AGENT_IO,3,BBOB,-1450.1047224323365,-1081.5485618059283,-1000.0,,,valid,bounded_gp_piecewise,True
2072efaeac927068df75,main,bbob_f16_d10,STRICT_NO_TOOLS,2,BBOB,-142.71341372410944,-126.1384464380817,-99.17,,,valid,bounded_gp_piecewise,True
2a84ef7ba91cc051f856,main,bbob_f16_d10,CURRENT_AGENT_IO,2,BBOB,-142.71341372410944,-126.1384464380817,-99.17,,,valid,bounded_gp_piecewise,True
67aad8cdb9ca50b2f2a5,main,bbob_f16_d10,STRICT_NO_TOOLS,3,BBOB,-109.782196813604,-80.91655666065613,-71.35,,,valid,bounded_gp_piecewise,True
a31a0dadd985db815095,main,bbob_f16_d10,CURRENT_AGENT_IO,3,BBOB,-109.782196813604,-80.91655666065613,-71.35,,,valid,bounded_gp_piecewise,True
a21a99f481c934b8609a,main,bbob_f17_d10,STRICT_NO_TOOLS,2,BBOB,-284.1531453676247,-276.83572873393587,-273.15,,,valid,bounded_gp_piecewise,True
fe441a2892f781117472,main,bbob_f17_d10,CURRENT_AGENT_IO,2,BBOB,-284.1531453676247,-276.83572873393587,-273.15,,,valid,bounded_gp_piecewise,True
dd7c842939577cd6bf3d,main,bbob_f17_d10,STRICT_NO_TOOLS,3,BBOB,5.849673999909461,10.947981492910786,16.94,,,valid,bounded_gp_piecewise,True
506dba706d2a98e9c9d7,main,bbob_f17_d10,CURRENT_AGENT_IO,3,BBOB,5.849673999909461,10.947981492910786,16.94,,,valid,bounded_gp_piecewise,True
df38f6ba758f8ed92e7b,main,bbob_f18_d10,STRICT_NO_TOOLS,2,BBOB,-332.86332555154047,-291.1507065842406,-273.15,,,valid,bounded_gp_piecewise,True
4c537e96c279c8833af9,main,bbob_f18_d10,CURRENT_AGENT_IO,2,BBOB,-332.86332555154047,-291.1507065842406,-273.15,,,valid,bounded_gp_piecewise,True
8e3f1670c83a45f325ad,main,bbob_f18_d10,STRICT_NO_TOOLS,3,BBOB,-33.236653850155975,-9.798577950455698,16.94,,,valid,bounded_gp_piecewise,True
3a1b9f5b4820f8ebde81,main,bbob_f18_d10,CURRENT_AGENT_IO,3,BBOB,-33.236653850155975,-9.798577950455698,16.94,,,valid,bounded_gp_piecewise,True
464bc421a7a06a914ec6,main,bbob_f19_d10,STRICT_NO_TOOLS,2,BBOB,-238.53706025946778,-219.4715130064052,-214.01,,,valid,bounded_gp_piecewise,True
8200937b8de2b03d5d7a,main,bbob_f19_d10,CURRENT_AGENT_IO,2,BBOB,-238.53706025946778,-219.4715130064052,-214.01,,,valid,bounded_gp_piecewise,True
2051c71852f88941234d,main,bbob_f19_d10,STRICT_NO_TOOLS,3,BBOB,85.75724319257932,97.76893032770498,102.55,,,valid,bounded_gp_piecewise,True
b0605d18a35eb1718f7f,main,bbob_f19_d10,CURRENT_AGENT_IO,3,BBOB,85.75724319257932,97.76893032770498,102.55,,,valid,bounded_gp_piecewise,True
c37b654d6d46880a3a58,main,bbob_f20_d10,STRICT_NO_TOOLS,2,BBOB,-11720.182019971764,-211.54549889230893,-208.38,,,valid,bounded_gp_piecewise,True
e0dc180cf113637ffd79,main,bbob_f20_d10,CURRENT_AGENT_IO,2,BBOB,-11720.182019971764,-211.54549889230893,-208.38,,,valid,bounded_gp_piecewise,True
7b3776dc3f1b749b0472,main,bbob_f20_d10,STRICT_NO_TOOLS,3,BBOB,-20425.38614150772,543.1999618309717,546.5,,,valid,bounded_gp_piecewise,True
be0d79b6625944591dd0,main,bbob_f20_d10,CURRENT_AGENT_IO,3,BBOB,-20425.38614150772,543.1999618309717,546.5,,,valid,bounded_gp_piecewise,True
8185a682f67f7d55ca89,main,bbob_f21_d10,STRICT_NO_TOOLS,2,BBOB,317.4843501702354,364.1775103311033,370.84,,,valid,bounded_gp_piecewise,True
11168a1639abed0dfd56,main,bbob_f21_d10,CURRENT_AGENT_IO,2,BBOB,317.4843501702354,364.1775103311033,370.84,,,valid,bounded_gp_piecewise,True
0901eae704e09811310c,main,bbob_f21_d10,STRICT_NO_TOOLS,3,BBOB,-109.71330823351428,-50.32416725601756,-40.78,,,valid,bounded_gp_piecewise,True
d16fdfba87b80c161e2c,main,bbob_f21_d10,CURRENT_AGENT_IO,3,BBOB,-109.71330823351428,-50.32416725601756,-40.78,,,valid,bounded_gp_piecewise,True
552d3fa7ea0e79592a01,main,bbob_f22_d10,STRICT_NO_TOOLS,2,BBOB,-24.838234018389933,27.275062910097894,49.13,,,valid,bounded_gp_piecewise,True
527868e99010b5625b96,main,bbob_f22_d10,CURRENT_AGENT_IO,2,BBOB,-24.838234018389933,27.275062910097894,49.13,,,valid,bounded_gp_piecewise,True
067963a1b2fb7195bff7,main,bbob_f22_d10,STRICT_NO_TOOLS,3,BBOB,934.3283662616002,993.9492550310449,1000.0,,,valid,bounded_gp_piecewise,True
7056e72ce3bb172e0913,main,bbob_f22_d10,CURRENT_AGENT_IO,3,BBOB,934.3283662616002,993.9492550310449,1000.0,,,valid,bounded_gp_piecewise,True
f08263accfdad1462f33,main,bbob_f23_d10,STRICT_NO_TOOLS,2,BBOB,126.72640143123208,126.72640143123208,130.61,,,valid,linear_gp_no_improvement,False
4f7d27adb8adc1353cfe,main,bbob_f23_d10,CURRENT_AGENT_IO,2,BBOB,126.72640143123208,126.72640143123208,130.61,,,valid,linear_gp_no_improvement,False
ade5bcf945fa2cfc94df,main,bbob_f23_d10,STRICT_NO_TOOLS,3,BBOB,-14.95965602218267,-9.472542977600607,-6.87,,,valid,bounded_gp_piecewise,True
b67c75244bc22a915d5d,main,bbob_f23_d10,CURRENT_AGENT_IO,3,BBOB,-14.95965602218267,-9.472542977600607,-6.87,,,valid,bounded_gp_piecewise,True
584f16defbad2fde47e7,main,bbob_f24_d10,STRICT_NO_TOOLS,2,BBOB,-253.92289003683396,-106.89309853592009,-13.64,,,valid,bounded_gp_piecewise,True
9c3cd42955672576e966,main,bbob_f24_d10,CURRENT_AGENT_IO,2,BBOB,-253.92289003683396,-106.89309853592009,-13.64,,,valid,bounded_gp_piecewise,True
693992c8f8f36384a259,main,bbob_f24_d10,STRICT_NO_TOOLS,3,BBOB,-312.32232182153643,-181.7647667909108,-102.61,,,valid,bounded_gp_piecewise,True
2da34c6d6c62f11cbc32,main,bbob_f24_d10,CURRENT_AGENT_IO,3,BBOB,-312.32232182153643,-181.7647667909108,-102.61,,,valid,bounded_gp_piecewise,True
be45cecef3062471284b,main,hpo_bayesmark_breast_random_forest,GP,2,HPO,-0.06153846153846154,-0.06153846153846154,,0.15604395604395604,shared_initialization_IQR,valid,no_gp_gain_initialization_exponential,False
945d90f89a2c8cb71677,main,hpo_bayesmark_breast_random_forest,GP,3,HPO,-0.06813186813186811,-0.0483516483516484,,0.01978021978021971,matched_gp_improvement,valid,gp_linear_smooth_exponential_tail,True
66871d8433377c7f9796,main,hpo_bayesmark_breast_svm,GP,2,HPO,-0.05934065934065935,-0.05274725274725278,,0.00659340659340657,matched_gp_improvement,valid,gp_linear_smooth_exponential_tail,True
d87b5002ad702ceaa0b2,main,hpo_bayesmark_breast_svm,GP,3,HPO,-0.05714285714285716,-0.05274725274725278,,0.00439560439560438,matched_gp_improvement,valid,gp_linear_smooth_exponential_tail,True
9af5426c02c078d3bf10,main,hpo_bayesmark_breast_decision_tree,GP,2,HPO,-0.09230769230769231,-0.08791208791208782,,0.004395604395604491,matched_gp_improvement,valid,gp_linear_smooth_exponential_tail,True
7c87e3df8a8ef14b2d10,main,hpo_bayesmark_breast_decision_tree,GP,3,HPO,-0.09010989010989001,-0.09010989010989001,,0.27252747252747267,shared_initialization_range,valid,no_gp_gain_initialization_exponential,False
91d811695994d65fad2a,main,hpo_bayesmark_breast_mlp_sgd,GP,2,HPO,-0.1428571428571429,-0.07912087912087917,,0.06373626373626373,matched_gp_improvement,valid,gp_linear_smooth_exponential_tail,True
135596f1ad137605175b,main,hpo_bayesmark_breast_mlp_sgd,GP,3,HPO,-0.0923076923076922,-0.07252747252747249,,0.01978021978021971,matched_gp_improvement,valid,gp_linear_smooth_exponential_tail,True
2d7640a183dca406e923,main,hpo_bayesmark_breast_adaboost,GP,2,HPO,-0.04615384615384621,-0.03076923076923066,,0.015384615384615552,matched_gp_improvement,valid,gp_linear_smooth_exponential_tail,True
56374a249eac29f932b9,main,hpo_bayesmark_breast_adaboost,GP,3,HPO,-0.05054945054945059,-0.0219780219780219,,0.028571428571428692,matched_gp_improvement,valid,gp_linear_smooth_exponential_tail,True
1a0302b6653dc763b325,main,hpo_bayesmark_wine_random_forest,GP,2,HPO,-0.06995073891625603,-0.02783251231527084,,0.04211822660098519,matched_gp_improvement,valid,gp_linear_smooth_exponential_tail,True
7ee878f2951499cda3a1,main,hpo_bayesmark_wine_random_forest,GP,3,HPO,-0.06970443349753697,-0.03497536945812807,,0.0347290640394089,matched_gp_improvement,valid,gp_linear_smooth_exponential_tail,True
e65755d17476626816b6,main,hpo_bayesmark_wine_svm,GP,2,HPO,-0.2110837438423645,-0.16847290640394097,,0.04261083743842353,matched_gp_improvement,valid,gp_linear_smooth_exponential_tail,True
0771002ba02917b0f85c,main,hpo_bayesmark_wine_svm,GP,3,HPO,-0.20394088669950727,-0.16157635467980302,,0.04236453201970425,matched_gp_improvement,valid,gp_linear_smooth_exponential_tail,True
191a5a91d88f1124fff6,main,hpo_bayesmark_wine_decision_tree,GP,2,HPO,-0.14753694581280785,-0.09852216748768472,,0.04901477832512313,matched_gp_improvement,valid,gp_linear_smooth_exponential_tail,True
9519e99d603fc368c33c,main,hpo_bayesmark_wine_decision_tree,GP,3,HPO,-0.3307881773399014,-0.12660098522167496,,0.20418719211822645,matched_gp_improvement,valid,gp_linear_smooth_exponential_tail,True
1e549f31a2e952c65d6d,main,hpo_bayesmark_wine_mlp_sgd,GP,2,HPO,-0.5017241379310344,-0.4014778325123153,,0.10024630541871915,matched_gp_improvement,valid,gp_linear_smooth_exponential_tail,True
4374b10c6982a810f6ae,main,hpo_bayesmark_wine_mlp_sgd,GP,3,HPO,-0.39433497536945805,-0.3317733990147783,,0.06256157635467974,matched_gp_improvement,valid,gp_linear_smooth_exponential_tail,True
e28673438817635a01a1,main,hpo_bayesmark_wine_adaboost,GP,2,HPO,-0.04236453201970447,-0.014039408866995062,,0.02832512315270941,matched_gp_improvement,valid,gp_linear_smooth_exponential_tail,True
c92c0e6767221d9cf662,main,hpo_bayesmark_wine_adaboost,GP,3,HPO,-0.0630541871921182,-0.028325123152709297,,0.0347290640394089,matched_gp_improvement,valid,gp_linear_smooth_exponential_tail,True
93588344deabc6a611a3,main,hpo_bayesmark_iris_random_forest,GP,2,HPO,-0.050000000000000044,-0.050000000000000044,,0.02499999999999991,shared_initialization_IQR,valid,no_gp_gain_initialization_exponential,False
372d926f7e1f87ee25ce,main,hpo_bayesmark_iris_random_forest,GP,3,HPO,-0.050000000000000044,-0.04166666666666663,,0.008333333333333415,matched_gp_improvement,valid,gp_linear_smooth_exponential_tail,True
a498b7b72e0d219874b4,main,hpo_bayesmark_iris_svm,GP,2,HPO,-0.10833333333333339,-0.033333333333333215,,0.07500000000000018,matched_gp_improvement,valid,gp_linear_smooth_exponential_tail,True
2c5857eee1a9548152c8,main,hpo_bayesmark_iris_svm,GP,3,HPO,-0.05833333333333324,-0.04166666666666663,,0.016666666666666607,matched_gp_improvement,valid,gp_linear_smooth_exponential_tail,True
01b2cff326f013efa794,main,hpo_bayesmark_iris_decision_tree,GP,2,HPO,-0.45833333333333326,-0.21666666666666667,,0.24166666666666659,matched_gp_improvement,valid,gp_linear_smooth_exponential_tail,True
4047ffda9d3bd875ef07,main,hpo_bayesmark_iris_decision_tree,GP,3,HPO,-0.2583333333333333,-0.050000000000000044,,0.20833333333333326,matched_gp_improvement,valid,gp_linear_smooth_exponential_tail,True
07438e33359e0071159c,main,hpo_bayesmark_iris_mlp_sgd,GP,2,HPO,-0.33333333333333326,-0.10833333333333317,,0.2250000000000001,matched_gp_improvement,valid,gp_linear_smooth_exponential_tail,True
1097bd3da7c72a29fbea,main,hpo_bayesmark_iris_mlp_sgd,GP,3,HPO,-0.31666666666666665,-0.025000000000000022,,0.29166666666666663,matched_gp_improvement,valid,gp_linear_smooth_exponential_tail,True
696489ccd88e48ab6665,main,hpo_bayesmark_iris_adaboost,GP,2,HPO,-0.05833333333333335,-0.050000000000000044,,0.008333333333333304,matched_gp_improvement,valid,gp_linear_smooth_exponential_tail,True
975be21e9439b035d605,main,hpo_bayesmark_iris_adaboost,GP,3,HPO,-0.05833333333333324,-0.050000000000000044,,0.008333333333333193,matched_gp_improvement,valid,gp_linear_smooth_exponential_tail,True
6eba0548d930527bd743,main,hpo_bayesmark_digits_random_forest,GP,2,HPO,-0.8942242547425474,-0.11066589237320945,,0.783558362369338,matched_gp_improvement,valid,gp_linear_smooth_exponential_tail,True
d5f854b5f09bb1cffa24,main,hpo_bayesmark_digits_random_forest,GP,3,HPO,-0.4307249322493225,-0.12804394115369733,,0.3026809910956252,matched_gp_improvement,valid,gp_linear_smooth_exponential_tail,True
549d07a74b4c2f880896,main,hpo_bayesmark_digits_svm,GP,2,HPO,-0.006958962446767303,-0.006958962446767303,,0.0034819008904374282,shared_initialization_IQR,valid,no_gp_gain_initialization_exponential,False
2103facdac792cd378b7,main,hpo_bayesmark_digits_svm,GP,3,HPO,-0.008352690669763851,-0.007655826558265466,,0.0006968641114983853,matched_gp_improvement,valid,gp_linear_smooth_exponential_tail,True
41fe525f10e3443e7612,main,hpo_bayesmark_digits_decision_tree,GP,2,HPO,-0.8928329461866047,-0.19278697251258214,,0.7000459736740225,matched_gp_improvement,valid,gp_linear_smooth_exponential_tail,True
f80bcac6c13e0baea20a,main,hpo_bayesmark_digits_decision_tree,GP,3,HPO,-0.7418118466898954,-0.37650745257452567,,0.36530439411536975,matched_gp_improvement,valid,gp_linear_smooth_exponential_tail,True
5e13317e98718358ad96,main,hpo_bayesmark_digits_mlp_sgd,GP,2,HPO,-0.1252685830429734,-0.03340834301200157,,0.09186024003097182,matched_gp_improvement,valid,gp_linear_smooth_exponential_tail,True
8aad4ea322f90a5fa3c3,main,hpo_bayesmark_digits_mlp_sgd,GP,3,HPO,-0.08069589624467677,-0.03201219512195119,,0.048683701122725576,matched_gp_improvement,valid,gp_linear_smooth_exponential_tail,True
26ee7fe6891b4293814d,main,hpo_bayesmark_digits_adaboost,GP,2,HPO,-0.46485191637630663,-0.15098964382500968,,0.31386227255129695,matched_gp_improvement,valid,gp_linear_smooth_exponential_tail,True
2622c75112345d3f3f09,main,hpo_bayesmark_digits_adaboost,GP,3,HPO,-0.6026906697638404,-0.16770228416569888,,0.43498838559814157,matched_gp_improvement,valid,gp_linear_smooth_exponential_tail,True
6c62fff8b4926612a9b4,main,hpo_bayesmark_diabetes_random_forest,GP,2,HPO,-0.844515286074131,-0.5160756173673826,,0.32843966870674834,matched_gp_improvement,valid,gp_linear_smooth_exponential_tail,True
61c3671ddd1585fd401d,main,hpo_bayesmark_diabetes_random_forest,GP,3,HPO,-0.7484068766924775,-0.5346021754109569,,0.21380470128152063,matched_gp_improvement,valid,gp_linear_smooth_exponential_tail,True
158ff16d2de9f63ad40d,main,hpo_bayesmark_diabetes_svm,GP,2,HPO,-1.017904518038888,-0.5019872009903446,,0.5159173170485434,matched_gp_improvement,valid,gp_linear_smooth_exponential_tail,True
7ff5d64c18b4da57efd7,main,hpo_bayesmark_diabetes_svm,GP,3,HPO,-0.9547488814315551,-0.5019872009903446,,0.45276168044121057,matched_gp_improvement,valid,gp_linear_smooth_exponential_tail,True
2249b8d36c2e7fbfe50e,main,hpo_bayesmark_diabetes_decision_tree,GP,2,HPO,-0.8129659455539547,-0.8129659455539547,,0.19021280239677096,shared_initialization_IQR,valid,no_gp_gain_initialization_exponential,False
a39b7237ab74d18225ae,main,hpo_bayesmark_diabetes_decision_tree,GP,3,HPO,-0.8129659455539547,-0.7114263652987723,,0.1015395802551824,matched_gp_improvement,valid,gp_linear_smooth_exponential_tail,True
c157ff3c6df7702e86b5,main,hpo_bayesmark_diabetes_mlp_sgd,GP,2,HPO,-0.9893786668629405,-0.9682322484108813,,0.021146418452059224,matched_gp_improvement,valid,gp_linear_smooth_exponential_tail,True
1ac7a78e1f38fca0eb79,main,hpo_bayesmark_diabetes_mlp_sgd,GP,3,HPO,-0.9751121455565961,-0.483275261775247,,0.4918368837813491,matched_gp_improvement,valid,gp_linear_smooth_exponential_tail,True
38a17f3f2639010407f1,main,hpo_bayesmark_diabetes_adaboost,GP,2,HPO,-0.5082536203106135,-0.49890909768396813,,0.009344522626645368,matched_gp_improvement,valid,gp_linear_smooth_exponential_tail,True
ae949d84b1b751735678,main,hpo_bayesmark_diabetes_adaboost,GP,3,HPO,-0.5045082066902749,-0.5045082066902749,,0.00978044030718117,shared_initialization_IQR,valid,no_gp_gain_initialization_exponential,False
2fb05a430b726a9fc812,main,knob_http_surrogate_job_5,GP,2,DBTune,-109.2531616287499,-75.2707985839513,,33.98236304479859,matched_gp_improvement,valid,gp_linear_smooth_exponential_tail,True
3c43a7a294e4cedaf972,main,knob_http_surrogate_job_5,GP,3,DBTune,-159.6151372590015,-71.44094065318792,,88.17419660581358,matched_gp_improvement,valid,gp_linear_smooth_exponential_tail,True
cd3d83d4ea977c1ed21c,main,knob_http_surrogate_job_all,GP,2,DBTune,-48.76575275885908,-46.10169142913141,,2.664061329727673,matched_gp_improvement,valid,gp_linear_smooth_exponential_tail,True
2a212d0a302382b9d867,main,knob_http_surrogate_job_all,GP,3,DBTune,-48.800245788269216,-45.759231954400036,,3.0410138338691795,matched_gp_improvement,valid,gp_linear_smooth_exponential_tail,True
2439de37a265990a9e8a,main,knob_http_surrogate_sysbench_5,GP,2,DBTune,362.6538589226556,387.7246659281452,,25.0708070054896,matched_gp_improvement,valid,gp_linear_smooth_exponential_tail,True
660b1eccd4bfd5e61e6b,main,knob_http_surrogate_sysbench_5,GP,3,DBTune,352.4350924987192,379.5077323653612,,27.07263986664202,matched_gp_improvement,valid,gp_linear_smooth_exponential_tail,True
91bbf1bd794ddfa8e906,main,knob_http_surrogate_sysbench_all,GP,2,DBTune,369.35860051564794,540.8678740621101,,171.50927354646217,matched_gp_improvement,valid,gp_linear_smooth_exponential_tail,True
06e15ca72c204fce50d3,main,knob_http_surrogate_sysbench_all,GP,3,DBTune,311.04077216508944,494.6011351918425,,183.56036302675307,matched_gp_improvement,valid,gp_linear_smooth_exponential_tail,True
db52b1bfa612aab80c27,main,knob_http_surrogate_pg_5,GP,2,DBTune,-30.85887350000002,-29.531217375000004,,1.327656125000015,matched_gp_improvement,valid,gp_linear_smooth_exponential_tail,True
756649853dd295535d6f,main,knob_http_surrogate_pg_5,GP,3,DBTune,-36.85804599999999,-29.4979465,,7.360099499999986,matched_gp_improvement,valid,gp_linear_smooth_exponential_tail,True
e39e97a72f419d080396,main,knob_http_surrogate_pg_20,GP,2,DBTune,-16.90282300000001,-14.743588499999996,,2.1592345000000126,matched_gp_improvement,valid,gp_linear_smooth_exponential_tail,True
54e27b11b46e57900a9f,main,knob_http_surrogate_pg_20,GP,3,DBTune,-21.461346999999996,-15.497292500000006,,5.964054499999991,matched_gp_improvement,valid,gp_linear_smooth_exponential_tail,True
4f5d04f5677be4185780,main,hpo_bayesmark_breast_random_forest,TURBO,2,HPO,-0.06153846153846154,-0.06153846153846154,,0.15604395604395604,shared_initialization_IQR,valid,no_gp_gain_initialization_exponential,False
36748d5baddb71b74bd0,main,hpo_bayesmark_breast_random_forest,TURBO,3,HPO,-0.06813186813186811,-0.0483516483516484,,0.01978021978021971,matched_gp_improvement,valid,gp_linear_smooth_exponential_tail,True
63b5d1a7cbf295be9fd5,main,hpo_bayesmark_breast_svm,TURBO,2,HPO,-0.05934065934065935,-0.05274725274725278,,0.00659340659340657,matched_gp_improvement,valid,gp_linear_smooth_exponential_tail,True
e47c3919db8cb80fd445,main,hpo_bayesmark_breast_svm,TURBO,3,HPO,-0.05714285714285716,-0.05274725274725278,,0.00439560439560438,matched_gp_improvement,valid,gp_linear_smooth_exponential_tail,True
c9a950f3cf09db605774,main,hpo_bayesmark_breast_decision_tree,TURBO,2,HPO,-0.09230769230769231,-0.08791208791208782,,0.004395604395604491,matched_gp_improvement,valid,gp_linear_smooth_exponential_tail,True
dc8a9bd59a4b93cd963a,main,hpo_bayesmark_breast_decision_tree,TURBO,3,HPO,-0.09010989010989001,-0.09010989010989001,,0.27252747252747267,shared_initialization_range,valid,no_gp_gain_initialization_exponential,False
87757be3433cea9f6263,main,hpo_bayesmark_breast_mlp_sgd,TURBO,2,HPO,-0.1428571428571429,-0.07912087912087917,,0.06373626373626373,matched_gp_improvement,valid,gp_linear_smooth_exponential_tail,True
fc472a4e826a19fd1cc6,main,hpo_bayesmark_breast_mlp_sgd,TURBO,3,HPO,-0.0923076923076922,-0.07252747252747249,,0.01978021978021971,matched_gp_improvement,valid,gp_linear_smooth_exponential_tail,True
b3d19c8b9b2f4c7b62d1,main,hpo_bayesmark_breast_adaboost,TURBO,2,HPO,-0.04615384615384621,-0.03076923076923066,,0.015384615384615552,matched_gp_improvement,valid,gp_linear_smooth_exponential_tail,True
d48be847742f5f115aff,main,hpo_bayesmark_breast_adaboost,TURBO,3,HPO,-0.05054945054945059,-0.0219780219780219,,0.028571428571428692,matched_gp_improvement,valid,gp_linear_smooth_exponential_tail,True
31c1210f7a2fcf5e17ca,main,hpo_bayesmark_wine_random_forest,TURBO,2,HPO,-0.06995073891625603,-0.02783251231527084,,0.04211822660098519,matched_gp_improvement,valid,gp_linear_smooth_exponential_tail,True
7bb53d1d0f108bf2bc87,main,hpo_bayesmark_wine_random_forest,TURBO,3,HPO,-0.06970443349753697,-0.03497536945812807,,0.0347290640394089,matched_gp_improvement,valid,gp_linear_smooth_exponential_tail,True
a83bd7a36efdc409efe9,main,hpo_bayesmark_wine_svm,TURBO,2,HPO,-0.2110837438423645,-0.16847290640394097,,0.04261083743842353,matched_gp_improvement,valid,gp_linear_smooth_exponential_tail,True
23f814cee11e7f75c3a7,main,hpo_bayesmark_wine_svm,TURBO,3,HPO,-0.20394088669950727,-0.16157635467980302,,0.04236453201970425,matched_gp_improvement,valid,gp_linear_smooth_exponential_tail,True
d78485d75b3678b06011,main,hpo_bayesmark_wine_decision_tree,TURBO,2,HPO,-0.14753694581280785,-0.09852216748768472,,0.04901477832512313,matched_gp_improvement,valid,gp_linear_smooth_exponential_tail,True
57eb7909da141fa91dbe,main,hpo_bayesmark_wine_decision_tree,TURBO,3,HPO,-0.3307881773399014,-0.12660098522167496,,0.20418719211822645,matched_gp_improvement,valid,gp_linear_smooth_exponential_tail,True
ca51ff5a7d71e5002dab,main,hpo_bayesmark_wine_mlp_sgd,TURBO,2,HPO,-0.5017241379310344,-0.4014778325123153,,0.10024630541871915,matched_gp_improvement,valid,gp_linear_smooth_exponential_tail,True
5e37d2d714531ac8b3fd,main,hpo_bayesmark_wine_mlp_sgd,TURBO,3,HPO,-0.39433497536945805,-0.3317733990147783,,0.06256157635467974,matched_gp_improvement,valid,gp_linear_smooth_exponential_tail,True
ed3ee1d5296a743dd84a,main,hpo_bayesmark_wine_adaboost,TURBO,2,HPO,-0.04236453201970447,-0.014039408866995062,,0.02832512315270941,matched_gp_improvement,valid,gp_linear_smooth_exponential_tail,True
32fc6b393ee09441d096,main,hpo_bayesmark_wine_adaboost,TURBO,3,HPO,-0.0630541871921182,-0.028325123152709297,,0.0347290640394089,matched_gp_improvement,valid,gp_linear_smooth_exponential_tail,True
9718afb7b086b06392b0,main,hpo_bayesmark_iris_random_forest,TURBO,2,HPO,-0.050000000000000044,-0.050000000000000044,,0.02499999999999991,shared_initialization_IQR,valid,no_gp_gain_initialization_exponential,False
84fa3284a545280808eb,main,hpo_bayesmark_iris_random_forest,TURBO,3,HPO,-0.050000000000000044,-0.04166666666666663,,0.008333333333333415,matched_gp_improvement,valid,gp_linear_smooth_exponential_tail,True
5b2ad80df978867cef96,main,hpo_bayesmark_iris_svm,TURBO,2,HPO,-0.10833333333333339,-0.033333333333333215,,0.07500000000000018,matched_gp_improvement,valid,gp_linear_smooth_exponential_tail,True
279383e7bb718e936b73,main,hpo_bayesmark_iris_svm,TURBO,3,HPO,-0.05833333333333324,-0.04166666666666663,,0.016666666666666607,matched_gp_improvement,valid,gp_linear_smooth_exponential_tail,True
ee6bc4e7d291bbc3454e,main,hpo_bayesmark_iris_decision_tree,TURBO,2,HPO,-0.45833333333333326,-0.21666666666666667,,0.24166666666666659,matched_gp_improvement,valid,gp_linear_smooth_exponential_tail,True
50022bdffaa84e16d68e,main,hpo_bayesmark_iris_decision_tree,TURBO,3,HPO,-0.2583333333333333,-0.050000000000000044,,0.20833333333333326,matched_gp_improvement,valid,gp_linear_smooth_exponential_tail,True
725dc014375235a503c6,main,hpo_bayesmark_iris_mlp_sgd,TURBO,2,HPO,-0.33333333333333326,-0.10833333333333317,,0.2250000000000001,matched_gp_improvement,valid,gp_linear_smooth_exponential_tail,True
f48147dad254d2f601af,main,hpo_bayesmark_iris_mlp_sgd,TURBO,3,HPO,-0.31666666666666665,-0.025000000000000022,,0.29166666666666663,matched_gp_improvement,valid,gp_linear_smooth_exponential_tail,True
487e9b0c497074f5017c,main,hpo_bayesmark_iris_adaboost,TURBO,2,HPO,-0.05833333333333335,-0.050000000000000044,,0.008333333333333304,matched_gp_improvement,valid,gp_linear_smooth_exponential_tail,True
8d9dbd6cdbd62d239de6,main,hpo_bayesmark_iris_adaboost,TURBO,3,HPO,-0.05833333333333324,-0.050000000000000044,,0.008333333333333193,matched_gp_improvement,valid,gp_linear_smooth_exponential_tail,True
4500c4e0d2b78d3dc265,main,hpo_bayesmark_digits_random_forest,TURBO,2,HPO,-0.8942242547425474,-0.11066589237320945,,0.783558362369338,matched_gp_improvement,valid,gp_linear_smooth_exponential_tail,True
0db7e2549722a9b728d6,main,hpo_bayesmark_digits_random_forest,TURBO,3,HPO,-0.4307249322493225,-0.12804394115369733,,0.3026809910956252,matched_gp_improvement,valid,gp_linear_smooth_exponential_tail,True
f449d8eac1b88e07834b,main,hpo_bayesmark_digits_svm,TURBO,2,HPO,-0.006958962446767303,-0.006958962446767303,,0.0034819008904374282,shared_initialization_IQR,valid,no_gp_gain_initialization_exponential,False
ea0582c727a8eeefc02a,main,hpo_bayesmark_digits_svm,TURBO,3,HPO,-0.008352690669763851,-0.007655826558265466,,0.0006968641114983853,matched_gp_improvement,valid,gp_linear_smooth_exponential_tail,True
e2843e22a181379ba192,main,hpo_bayesmark_digits_decision_tree,TURBO,2,HPO,-0.8928329461866047,-0.19278697251258214,,0.7000459736740225,matched_gp_improvement,valid,gp_linear_smooth_exponential_tail,True
5d9c25f85f8e79bc2e7b,main,hpo_bayesmark_digits_decision_tree,TURBO,3,HPO,-0.7418118466898954,-0.37650745257452567,,0.36530439411536975,matched_gp_improvement,valid,gp_linear_smooth_exponential_tail,True
41e7bec547dec4b07160,main,hpo_bayesmark_digits_mlp_sgd,TURBO,2,HPO,-0.1252685830429734,-0.03340834301200157,,0.09186024003097182,matched_gp_improvement,valid,gp_linear_smooth_exponential_tail,True
6499619df6e28183da0c,main,hpo_bayesmark_digits_mlp_sgd,TURBO,3,HPO,-0.08069589624467677,-0.03201219512195119,,0.048683701122725576,matched_gp_improvement,valid,gp_linear_smooth_exponential_tail,True
0fb619e6c74ec646c5c0,main,hpo_bayesmark_digits_adaboost,TURBO,2,HPO,-0.46485191637630663,-0.15098964382500968,,0.31386227255129695,matched_gp_improvement,valid,gp_linear_smooth_exponential_tail,True
cc73633a2c937a027c71,main,hpo_bayesmark_digits_adaboost,TURBO,3,HPO,-0.6026906697638404,-0.16770228416569888,,0.43498838559814157,matched_gp_improvement,valid,gp_linear_smooth_exponential_tail,True
fb4f4c66dd8d19ed3f28,main,hpo_bayesmark_diabetes_random_forest,TURBO,2,HPO,-0.844515286074131,-0.5160756173673826,,0.32843966870674834,matched_gp_improvement,valid,gp_linear_smooth_exponential_tail,True
4bd710cffba3a2de81d6,main,hpo_bayesmark_diabetes_random_forest,TURBO,3,HPO,-0.7484068766924775,-0.5346021754109569,,0.21380470128152063,matched_gp_improvement,valid,gp_linear_smooth_exponential_tail,True
e5a3606197ba78c65ecf,main,hpo_bayesmark_diabetes_svm,TURBO,2,HPO,-1.017904518038888,-0.5019872009903446,,0.5159173170485434,matched_gp_improvement,valid,gp_linear_smooth_exponential_tail,True
b075c3b64f3c4b52c616,main,hpo_bayesmark_diabetes_svm,TURBO,3,HPO,-0.9547488814315551,-0.5019872009903446,,0.45276168044121057,matched_gp_improvement,valid,gp_linear_smooth_exponential_tail,True
081815fdde8d7f73014c,main,hpo_bayesmark_diabetes_decision_tree,TURBO,2,HPO,-0.8129659455539547,-0.8129659455539547,,0.19021280239677096,shared_initialization_IQR,valid,no_gp_gain_initialization_exponential,False
e65de23ea8777fe7301c,main,hpo_bayesmark_diabetes_decision_tree,TURBO,3,HPO,-0.8129659455539547,-0.7114263652987723,,0.1015395802551824,matched_gp_improvement,valid,gp_linear_smooth_exponential_tail,True
199bd1bda741da25350d,main,hpo_bayesmark_diabetes_mlp_sgd,TURBO,2,HPO,-0.9893786668629405,-0.9682322484108813,,0.021146418452059224,matched_gp_improvement,valid,gp_linear_smooth_exponential_tail,True
5bb97f510de5ac7849aa,main,hpo_bayesmark_diabetes_mlp_sgd,TURBO,3,HPO,-0.9751121455565961,-0.483275261775247,,0.4918368837813491,matched_gp_improvement,valid,gp_linear_smooth_exponential_tail,True
8d56883004ee1c9f45c0,main,hpo_bayesmark_diabetes_adaboost,TURBO,2,HPO,-0.5082536203106135,-0.49890909768396813,,0.009344522626645368,matched_gp_improvement,valid,gp_linear_smooth_exponential_tail,True
678557893be8a5c455ab,main,hpo_bayesmark_diabetes_adaboost,TURBO,3,HPO,-0.5045082066902749,-0.5045082066902749,,0.00978044030718117,shared_initialization_IQR,valid,no_gp_gain_initialization_exponential,False
a09c2d879b7577f99cd4,main,knob_http_surrogate_job_5,TURBO,2,DBTune,-109.2531616287499,-75.2707985839513,,33.98236304479859,matched_gp_improvement,valid,gp_linear_smooth_exponential_tail,True
733636f96a3d94c47c5e,main,knob_http_surrogate_job_5,TURBO,3,DBTune,-159.6151372590015,-71.44094065318792,,88.17419660581358,matched_gp_improvement,valid,gp_linear_smooth_exponential_tail,True
d181d05c44443af1423b,main,knob_http_surrogate_job_all,TURBO,2,DBTune,-48.76575275885908,-46.10169142913141,,2.664061329727673,matched_gp_improvement,valid,gp_linear_smooth_exponential_tail,True
4d6db0c3dfea2f546da4,main,knob_http_surrogate_job_all,TURBO,3,DBTune,-48.800245788269216,-45.759231954400036,,3.0410138338691795,matched_gp_improvement,valid,gp_linear_smooth_exponential_tail,True
d120fb84bde3ce06ca5e,main,knob_http_surrogate_sysbench_5,TURBO,2,DBTune,362.6538589226556,387.7246659281452,,25.0708070054896,matched_gp_improvement,valid,gp_linear_smooth_exponential_tail,True
e9d1214670b97cd6329a,main,knob_http_surrogate_sysbench_5,TURBO,3,DBTune,352.4350924987192,379.5077323653612,,27.07263986664202,matched_gp_improvement,valid,gp_linear_smooth_exponential_tail,True
65191dc0f1c02b5b846e,main,knob_http_surrogate_sysbench_all,TURBO,2,DBTune,369.35860051564794,540.8678740621101,,171.50927354646217,matched_gp_improvement,valid,gp_linear_smooth_exponential_tail,True
1a6aef4317df1843ee6e,main,knob_http_surrogate_sysbench_all,TURBO,3,DBTune,311.04077216508944,494.6011351918425,,183.56036302675307,matched_gp_improvement,valid,gp_linear_smooth_exponential_tail,True
c6b6841b2a84996a4797,main,knob_http_surrogate_pg_5,TURBO,2,DBTune,-30.85887350000002,-29.531217375000004,,1.327656125000015,matched_gp_improvement,valid,gp_linear_smooth_exponential_tail,True
6b2935dc364de0d97e90,main,knob_http_surrogate_pg_5,TURBO,3,DBTune,-36.85804599999999,-29.4979465,,7.360099499999986,matched_gp_improvement,valid,gp_linear_smooth_exponential_tail,True
f3dfdbdec4b9387ac53c,main,knob_http_surrogate_pg_20,TURBO,2,DBTune,-16.90282300000001,-14.743588499999996,,2.1592345000000126,matched_gp_improvement,valid,gp_linear_smooth_exponential_tail,True
c0f3b5ff8c843f12f339,main,knob_http_surrogate_pg_20,TURBO,3,DBTune,-21.461346999999996,-15.497292500000006,,5.964054499999991,matched_gp_improvement,valid,gp_linear_smooth_exponential_tail,True
c9e891f243cd220dfe6e,main,hpo_bayesmark_breast_random_forest,TPE,2,HPO,-0.06153846153846154,-0.06153846153846154,,0.15604395604395604,shared_initialization_IQR,valid,no_gp_gain_initialization_exponential,False
f3f1db30e7655b79c63b,main,hpo_bayesmark_breast_random_forest,TPE,3,HPO,-0.06813186813186811,-0.0483516483516484,,0.01978021978021971,matched_gp_improvement,valid,gp_linear_smooth_exponential_tail,True
e5cea7a583f5c9062a46,main,hpo_bayesmark_breast_svm,TPE,2,HPO,-0.05934065934065935,-0.05274725274725278,,0.00659340659340657,matched_gp_improvement,valid,gp_linear_smooth_exponential_tail,True
1b7ffeff866139209f47,main,hpo_bayesmark_breast_svm,TPE,3,HPO,-0.05714285714285716,-0.05274725274725278,,0.00439560439560438,matched_gp_improvement,valid,gp_linear_smooth_exponential_tail,True
e8e162826e514e3f199a,main,hpo_bayesmark_breast_decision_tree,TPE,2,HPO,-0.09230769230769231,-0.08791208791208782,,0.004395604395604491,matched_gp_improvement,valid,gp_linear_smooth_exponential_tail,True
d7b513b3f247173c5cb0,main,hpo_bayesmark_breast_decision_tree,TPE,3,HPO,-0.09010989010989001,-0.09010989010989001,,0.27252747252747267,shared_initialization_range,valid,no_gp_gain_initialization_exponential,False
072b2d23e6be86aa718d,main,hpo_bayesmark_breast_mlp_sgd,TPE,2,HPO,-0.1428571428571429,-0.07912087912087917,,0.06373626373626373,matched_gp_improvement,valid,gp_linear_smooth_exponential_tail,True
ad43bc9a3f87aeabc61a,main,hpo_bayesmark_breast_mlp_sgd,TPE,3,HPO,-0.0923076923076922,-0.07252747252747249,,0.01978021978021971,matched_gp_improvement,valid,gp_linear_smooth_exponential_tail,True
fac5e2709513dc606892,main,hpo_bayesmark_breast_adaboost,TPE,2,HPO,-0.04615384615384621,-0.03076923076923066,,0.015384615384615552,matched_gp_improvement,valid,gp_linear_smooth_exponential_tail,True
0af8c48917df73a4c73a,main,hpo_bayesmark_breast_adaboost,TPE,3,HPO,-0.05054945054945059,-0.0219780219780219,,0.028571428571428692,matched_gp_improvement,valid,gp_linear_smooth_exponential_tail,True
3035ada4374d9402afdc,main,hpo_bayesmark_wine_random_forest,TPE,2,HPO,-0.06995073891625603,-0.02783251231527084,,0.04211822660098519,matched_gp_improvement,valid,gp_linear_smooth_exponential_tail,True
87dbd03cc8b1d05e43f7,main,hpo_bayesmark_wine_random_forest,TPE,3,HPO,-0.06970443349753697,-0.03497536945812807,,0.0347290640394089,matched_gp_improvement,valid,gp_linear_smooth_exponential_tail,True
e471d8826a8339b5a4cf,main,hpo_bayesmark_wine_svm,TPE,2,HPO,-0.2110837438423645,-0.16847290640394097,,0.04261083743842353,matched_gp_improvement,valid,gp_linear_smooth_exponential_tail,True
4f220008334ec9774e1f,main,hpo_bayesmark_wine_svm,TPE,3,HPO,-0.20394088669950727,-0.16157635467980302,,0.04236453201970425,matched_gp_improvement,valid,gp_linear_smooth_exponential_tail,True
5cd14946ed3eaa8ead12,main,hpo_bayesmark_wine_decision_tree,TPE,2,HPO,-0.14753694581280785,-0.09852216748768472,,0.04901477832512313,matched_gp_improvement,valid,gp_linear_smooth_exponential_tail,True
138bf369893988d315b4,main,hpo_bayesmark_wine_decision_tree,TPE,3,HPO,-0.3307881773399014,-0.12660098522167496,,0.20418719211822645,matched_gp_improvement,valid,gp_linear_smooth_exponential_tail,True
2ed0571e85e7b3367515,main,hpo_bayesmark_wine_mlp_sgd,TPE,2,HPO,-0.5017241379310344,-0.4014778325123153,,0.10024630541871915,matched_gp_improvement,valid,gp_linear_smooth_exponential_tail,True
f5d1714a8f18548bedba,main,hpo_bayesmark_wine_mlp_sgd,TPE,3,HPO,-0.39433497536945805,-0.3317733990147783,,0.06256157635467974,matched_gp_improvement,valid,gp_linear_smooth_exponential_tail,True
29c10ff7749fd7f4625c,main,hpo_bayesmark_wine_adaboost,TPE,2,HPO,-0.04236453201970447,-0.014039408866995062,,0.02832512315270941,matched_gp_improvement,valid,gp_linear_smooth_exponential_tail,True
5db190f6195b69b1c280,main,hpo_bayesmark_wine_adaboost,TPE,3,HPO,-0.0630541871921182,-0.028325123152709297,,0.0347290640394089,matched_gp_improvement,valid,gp_linear_smooth_exponential_tail,True
abb92d617e4d41860df1,main,hpo_bayesmark_iris_random_forest,TPE,2,HPO,-0.050000000000000044,-0.050000000000000044,,0.02499999999999991,shared_initialization_IQR,valid,no_gp_gain_initialization_exponential,False
2f8eac037374b28cd9b7,main,hpo_bayesmark_iris_random_forest,TPE,3,HPO,-0.050000000000000044,-0.04166666666666663,,0.008333333333333415,matched_gp_improvement,valid,gp_linear_smooth_exponential_tail,True
3167d703a0fbd2fe2791,main,hpo_bayesmark_iris_svm,TPE,2,HPO,-0.10833333333333339,-0.033333333333333215,,0.07500000000000018,matched_gp_improvement,valid,gp_linear_smooth_exponential_tail,True
bf564600e80144642b70,main,hpo_bayesmark_iris_svm,TPE,3,HPO,-0.05833333333333324,-0.04166666666666663,,0.016666666666666607,matched_gp_improvement,valid,gp_linear_smooth_exponential_tail,True
49b1d4dff261958f99e5,main,hpo_bayesmark_iris_decision_tree,TPE,2,HPO,-0.45833333333333326,-0.21666666666666667,,0.24166666666666659,matched_gp_improvement,valid,gp_linear_smooth_exponential_tail,True
d5f5f588539c1354fe56,main,hpo_bayesmark_iris_decision_tree,TPE,3,HPO,-0.2583333333333333,-0.050000000000000044,,0.20833333333333326,matched_gp_improvement,valid,gp_linear_smooth_exponential_tail,True
4145a6d9ce2e78e87b71,main,hpo_bayesmark_iris_mlp_sgd,TPE,2,HPO,-0.33333333333333326,-0.10833333333333317,,0.2250000000000001,matched_gp_improvement,valid,gp_linear_smooth_exponential_tail,True
98a1a4ed5b3c36160f4e,main,hpo_bayesmark_iris_mlp_sgd,TPE,3,HPO,-0.31666666666666665,-0.025000000000000022,,0.29166666666666663,matched_gp_improvement,valid,gp_linear_smooth_exponential_tail,True
b0202f80a690adc34a90,main,hpo_bayesmark_iris_adaboost,TPE,2,HPO,-0.05833333333333335,-0.050000000000000044,,0.008333333333333304,matched_gp_improvement,valid,gp_linear_smooth_exponential_tail,True
217f4f86ef40bf6ea182,main,hpo_bayesmark_iris_adaboost,TPE,3,HPO,-0.05833333333333324,-0.050000000000000044,,0.008333333333333193,matched_gp_improvement,valid,gp_linear_smooth_exponential_tail,True
fa913824e32cbc65d575,main,hpo_bayesmark_digits_random_forest,TPE,2,HPO,-0.8942242547425474,-0.11066589237320945,,0.783558362369338,matched_gp_improvement,valid,gp_linear_smooth_exponential_tail,True
e514da14984c34b2abb7,main,hpo_bayesmark_digits_random_forest,TPE,3,HPO,-0.4307249322493225,-0.12804394115369733,,0.3026809910956252,matched_gp_improvement,valid,gp_linear_smooth_exponential_tail,True
6c7bf2c0c52862afb5a9,main,hpo_bayesmark_digits_svm,TPE,2,HPO,-0.006958962446767303,-0.006958962446767303,,0.0034819008904374282,shared_initialization_IQR,valid,no_gp_gain_initialization_exponential,False
2265c4201a11262817b8,main,hpo_bayesmark_digits_svm,TPE,3,HPO,-0.008352690669763851,-0.007655826558265466,,0.0006968641114983853,matched_gp_improvement,valid,gp_linear_smooth_exponential_tail,True
5cd4dba0c5ba2084e90c,main,hpo_bayesmark_digits_decision_tree,TPE,2,HPO,-0.8928329461866047,-0.19278697251258214,,0.7000459736740225,matched_gp_improvement,valid,gp_linear_smooth_exponential_tail,True
6a0339bdff4975cb777f,main,hpo_bayesmark_digits_decision_tree,TPE,3,HPO,-0.7418118466898954,-0.37650745257452567,,0.36530439411536975,matched_gp_improvement,valid,gp_linear_smooth_exponential_tail,True
ddbb2d6adb9db97b59a6,main,hpo_bayesmark_digits_mlp_sgd,TPE,2,HPO,-0.1252685830429734,-0.03340834301200157,,0.09186024003097182,matched_gp_improvement,valid,gp_linear_smooth_exponential_tail,True
20c30c5d517a730b7033,main,hpo_bayesmark_digits_mlp_sgd,TPE,3,HPO,-0.08069589624467677,-0.03201219512195119,,0.048683701122725576,matched_gp_improvement,valid,gp_linear_smooth_exponential_tail,True
385eb8bb9f5c6c9a8b8b,main,hpo_bayesmark_digits_adaboost,TPE,2,HPO,-0.46485191637630663,-0.15098964382500968,,0.31386227255129695,matched_gp_improvement,valid,gp_linear_smooth_exponential_tail,True
af4d8e3117d583b0d0e4,main,hpo_bayesmark_digits_adaboost,TPE,3,HPO,-0.6026906697638404,-0.16770228416569888,,0.43498838559814157,matched_gp_improvement,valid,gp_linear_smooth_exponential_tail,True
14221fd103b1a47b44f4,main,hpo_bayesmark_diabetes_random_forest,TPE,2,HPO,-0.844515286074131,-0.5160756173673826,,0.32843966870674834,matched_gp_improvement,valid,gp_linear_smooth_exponential_tail,True
ced19922508c375de4c9,main,hpo_bayesmark_diabetes_random_forest,TPE,3,HPO,-0.7484068766924775,-0.5346021754109569,,0.21380470128152063,matched_gp_improvement,valid,gp_linear_smooth_exponential_tail,True
3afb19a9a231142667bd,main,hpo_bayesmark_diabetes_svm,TPE,2,HPO,-1.017904518038888,-0.5019872009903446,,0.5159173170485434,matched_gp_improvement,valid,gp_linear_smooth_exponential_tail,True
153afd953a1e9e2888c5,main,hpo_bayesmark_diabetes_svm,TPE,3,HPO,-0.9547488814315551,-0.5019872009903446,,0.45276168044121057,matched_gp_improvement,valid,gp_linear_smooth_exponential_tail,True
a7f5cc329ba55fb3e5a8,main,hpo_bayesmark_diabetes_decision_tree,TPE,2,HPO,-0.8129659455539547,-0.8129659455539547,,0.19021280239677096,shared_initialization_IQR,valid,no_gp_gain_initialization_exponential,False
8262a8b141238c9fe27e,main,hpo_bayesmark_diabetes_decision_tree,TPE,3,HPO,-0.8129659455539547,-0.7114263652987723,,0.1015395802551824,matched_gp_improvement,valid,gp_linear_smooth_exponential_tail,True
f5727b26ddb0ee557542,main,hpo_bayesmark_diabetes_mlp_sgd,TPE,2,HPO,-0.9893786668629405,-0.9682322484108813,,0.021146418452059224,matched_gp_improvement,valid,gp_linear_smooth_exponential_tail,True
ce4f732dc8d47cf2afd9,main,hpo_bayesmark_diabetes_mlp_sgd,TPE,3,HPO,-0.9751121455565961,-0.483275261775247,,0.4918368837813491,matched_gp_improvement,valid,gp_linear_smooth_exponential_tail,True
0cce2f044c79454fa011,main,hpo_bayesmark_diabetes_adaboost,TPE,2,HPO,-0.5082536203106135,-0.49890909768396813,,0.009344522626645368,matched_gp_improvement,valid,gp_linear_smooth_exponential_tail,True
e625a462071189000ee9,main,hpo_bayesmark_diabetes_adaboost,TPE,3,HPO,-0.5045082066902749,-0.5045082066902749,,0.00978044030718117,shared_initialization_IQR,valid,no_gp_gain_initialization_exponential,False
0bb3936024a0cd1556bc,main,knob_http_surrogate_job_5,TPE,2,DBTune,-109.2531616287499,-75.2707985839513,,33.98236304479859,matched_gp_improvement,valid,gp_linear_smooth_exponential_tail,True
72c533f627db53a224ce,main,knob_http_surrogate_job_5,TPE,3,DBTune,-159.6151372590015,-71.44094065318792,,88.17419660581358,matched_gp_improvement,valid,gp_linear_smooth_exponential_tail,True
cf1c66b653da997b7458,main,knob_http_surrogate_job_all,TPE,2,DBTune,-48.76575275885908,-46.10169142913141,,2.664061329727673,matched_gp_improvement,valid,gp_linear_smooth_exponential_tail,True
2c9fe618e7022fed8b60,main,knob_http_surrogate_job_all,TPE,3,DBTune,-48.800245788269216,-45.759231954400036,,3.0410138338691795,matched_gp_improvement,valid,gp_linear_smooth_exponential_tail,True
458eb1bfd4be14d0c0f8,main,knob_http_surrogate_sysbench_5,TPE,2,DBTune,362.6538589226556,387.7246659281452,,25.0708070054896,matched_gp_improvement,valid,gp_linear_smooth_exponential_tail,True
e050719a64550fd98277,main,knob_http_surrogate_sysbench_5,TPE,3,DBTune,352.4350924987192,379.5077323653612,,27.07263986664202,matched_gp_improvement,valid,gp_linear_smooth_exponential_tail,True
799e32a03f7586cea84c,main,knob_http_surrogate_sysbench_all,TPE,2,DBTune,369.35860051564794,540.8678740621101,,171.50927354646217,matched_gp_improvement,valid,gp_linear_smooth_exponential_tail,True
41a70b79c552ea6eb01e,main,knob_http_surrogate_sysbench_all,TPE,3,DBTune,311.04077216508944,494.6011351918425,,183.56036302675307,matched_gp_improvement,valid,gp_linear_smooth_exponential_tail,True
6309ad94524422a413b3,main,knob_http_surrogate_pg_5,TPE,2,DBTune,-30.85887350000002,-29.531217375000004,,1.327656125000015,matched_gp_improvement,valid,gp_linear_smooth_exponential_tail,True
1ac33f1248cdcb4aacc0,main,knob_http_surrogate_pg_5,TPE,3,DBTune,-36.85804599999999,-29.4979465,,7.360099499999986,matched_gp_improvement,valid,gp_linear_smooth_exponential_tail,True
42d6cce4ce6cb78eb5d2,main,knob_http_surrogate_pg_20,TPE,2,DBTune,-16.90282300000001,-14.743588499999996,,2.1592345000000126,matched_gp_improvement,valid,gp_linear_smooth_exponential_tail,True
98e879e8f9a8ee9225bb,main,knob_http_surrogate_pg_20,TPE,3,DBTune,-21.461346999999996,-15.497292500000006,,5.964054499999991,matched_gp_improvement,valid,gp_linear_smooth_exponential_tail,True
d10cf5524be4f2ae2b83,main,hpo_bayesmark_breast_random_forest,CMA_ES,2,HPO,-0.06153846153846154,-0.06153846153846154,,0.15604395604395604,shared_initialization_IQR,valid,no_gp_gain_initialization_exponential,False
cb0e7a8f6f08cf1e3e01,main,hpo_bayesmark_breast_random_forest,CMA_ES,3,HPO,-0.06813186813186811,-0.0483516483516484,,0.01978021978021971,matched_gp_improvement,valid,gp_linear_smooth_exponential_tail,True
b44d52d15d39a218d8b4,main,hpo_bayesmark_breast_svm,CMA_ES,2,HPO,-0.05934065934065935,-0.05274725274725278,,0.00659340659340657,matched_gp_improvement,valid,gp_linear_smooth_exponential_tail,True
38cc8ebafb6f817ec47d,main,hpo_bayesmark_breast_svm,CMA_ES,3,HPO,-0.05714285714285716,-0.05274725274725278,,0.00439560439560438,matched_gp_improvement,valid,gp_linear_smooth_exponential_tail,True
de9543c6ec04947142a3,main,hpo_bayesmark_breast_decision_tree,CMA_ES,2,HPO,-0.09230769230769231,-0.08791208791208782,,0.004395604395604491,matched_gp_improvement,valid,gp_linear_smooth_exponential_tail,True
33223a0c7afa44ac6393,main,hpo_bayesmark_breast_decision_tree,CMA_ES,3,HPO,-0.09010989010989001,-0.09010989010989001,,0.27252747252747267,shared_initialization_range,valid,no_gp_gain_initialization_exponential,False
d41214632c4c935ce310,main,hpo_bayesmark_breast_mlp_sgd,CMA_ES,2,HPO,-0.1428571428571429,-0.07912087912087917,,0.06373626373626373,matched_gp_improvement,valid,gp_linear_smooth_exponential_tail,True
f0a8646170b5ff784ffa,main,hpo_bayesmark_breast_mlp_sgd,CMA_ES,3,HPO,-0.0923076923076922,-0.07252747252747249,,0.01978021978021971,matched_gp_improvement,valid,gp_linear_smooth_exponential_tail,True
db64978a65eb863dd360,main,hpo_bayesmark_breast_adaboost,CMA_ES,2,HPO,-0.04615384615384621,-0.03076923076923066,,0.015384615384615552,matched_gp_improvement,valid,gp_linear_smooth_exponential_tail,True
99bb4d51f6b4a97804a2,main,hpo_bayesmark_breast_adaboost,CMA_ES,3,HPO,-0.05054945054945059,-0.0219780219780219,,0.028571428571428692,matched_gp_improvement,valid,gp_linear_smooth_exponential_tail,True
4d7ee44a177c20baa126,main,hpo_bayesmark_wine_random_forest,CMA_ES,2,HPO,-0.06995073891625603,-0.02783251231527084,,0.04211822660098519,matched_gp_improvement,valid,gp_linear_smooth_exponential_tail,True
a8cb10394a215ce7608c,main,hpo_bayesmark_wine_random_forest,CMA_ES,3,HPO,-0.06970443349753697,-0.03497536945812807,,0.0347290640394089,matched_gp_improvement,valid,gp_linear_smooth_exponential_tail,True
6cd7888babf7e1be4d49,main,hpo_bayesmark_wine_svm,CMA_ES,2,HPO,-0.2110837438423645,-0.16847290640394097,,0.04261083743842353,matched_gp_improvement,valid,gp_linear_smooth_exponential_tail,True
fe5df8836c79d3801657,main,hpo_bayesmark_wine_svm,CMA_ES,3,HPO,-0.20394088669950727,-0.16157635467980302,,0.04236453201970425,matched_gp_improvement,valid,gp_linear_smooth_exponential_tail,True
c2532719eb4e7ce1e11e,main,hpo_bayesmark_wine_decision_tree,CMA_ES,2,HPO,-0.14753694581280785,-0.09852216748768472,,0.04901477832512313,matched_gp_improvement,valid,gp_linear_smooth_exponential_tail,True
05d260a0c6e158240da1,main,hpo_bayesmark_wine_decision_tree,CMA_ES,3,HPO,-0.3307881773399014,-0.12660098522167496,,0.20418719211822645,matched_gp_improvement,valid,gp_linear_smooth_exponential_tail,True
66b6c0a039d6023ef4a9,main,hpo_bayesmark_wine_mlp_sgd,CMA_ES,2,HPO,-0.5017241379310344,-0.4014778325123153,,0.10024630541871915,matched_gp_improvement,valid,gp_linear_smooth_exponential_tail,True
d204225d863dbd14aa78,main,hpo_bayesmark_wine_mlp_sgd,CMA_ES,3,HPO,-0.39433497536945805,-0.3317733990147783,,0.06256157635467974,matched_gp_improvement,valid,gp_linear_smooth_exponential_tail,True
0bc68adf3e8db6284421,main,hpo_bayesmark_wine_adaboost,CMA_ES,2,HPO,-0.04236453201970447,-0.014039408866995062,,0.02832512315270941,matched_gp_improvement,valid,gp_linear_smooth_exponential_tail,True
2c0733d24e6de54ebb7d,main,hpo_bayesmark_wine_adaboost,CMA_ES,3,HPO,-0.0630541871921182,-0.028325123152709297,,0.0347290640394089,matched_gp_improvement,valid,gp_linear_smooth_exponential_tail,True
e8920a2f79df9f864ecf,main,hpo_bayesmark_iris_random_forest,CMA_ES,2,HPO,-0.050000000000000044,-0.050000000000000044,,0.02499999999999991,shared_initialization_IQR,valid,no_gp_gain_initialization_exponential,False
2a19d069d023f05500de,main,hpo_bayesmark_iris_random_forest,CMA_ES,3,HPO,-0.050000000000000044,-0.04166666666666663,,0.008333333333333415,matched_gp_improvement,valid,gp_linear_smooth_exponential_tail,True
4291576b69ee17e19c74,main,hpo_bayesmark_iris_svm,CMA_ES,2,HPO,-0.10833333333333339,-0.033333333333333215,,0.07500000000000018,matched_gp_improvement,valid,gp_linear_smooth_exponential_tail,True
cb53b097417407315161,main,hpo_bayesmark_iris_svm,CMA_ES,3,HPO,-0.05833333333333324,-0.04166666666666663,,0.016666666666666607,matched_gp_improvement,valid,gp_linear_smooth_exponential_tail,True
e42c64ed2d335c738c46,main,hpo_bayesmark_iris_decision_tree,CMA_ES,2,HPO,-0.45833333333333326,-0.21666666666666667,,0.24166666666666659,matched_gp_improvement,valid,gp_linear_smooth_exponential_tail,True
fb94989473bee2edc2e7,main,hpo_bayesmark_iris_decision_tree,CMA_ES,3,HPO,-0.2583333333333333,-0.050000000000000044,,0.20833333333333326,matched_gp_improvement,valid,gp_linear_smooth_exponential_tail,True
cfe8401926eb3fa50d42,main,hpo_bayesmark_iris_mlp_sgd,CMA_ES,2,HPO,-0.33333333333333326,-0.10833333333333317,,0.2250000000000001,matched_gp_improvement,valid,gp_linear_smooth_exponential_tail,True
68defac2f4dd96fb93cc,main,hpo_bayesmark_iris_mlp_sgd,CMA_ES,3,HPO,-0.31666666666666665,-0.025000000000000022,,0.29166666666666663,matched_gp_improvement,valid,gp_linear_smooth_exponential_tail,True
a47cdd63fcdeecf65479,main,hpo_bayesmark_iris_adaboost,CMA_ES,2,HPO,-0.05833333333333335,-0.050000000000000044,,0.008333333333333304,matched_gp_improvement,valid,gp_linear_smooth_exponential_tail,True
bb8b0f4ad7c3fcc07cb9,main,hpo_bayesmark_iris_adaboost,CMA_ES,3,HPO,-0.05833333333333324,-0.050000000000000044,,0.008333333333333193,matched_gp_improvement,valid,gp_linear_smooth_exponential_tail,True
a635694218fd07c2775e,main,hpo_bayesmark_digits_random_forest,CMA_ES,2,HPO,-0.8942242547425474,-0.11066589237320945,,0.783558362369338,matched_gp_improvement,valid,gp_linear_smooth_exponential_tail,True
cf5d0f7bbbc6fd040526,main,hpo_bayesmark_digits_random_forest,CMA_ES,3,HPO,-0.4307249322493225,-0.12804394115369733,,0.3026809910956252,matched_gp_improvement,valid,gp_linear_smooth_exponential_tail,True
6cde30332de20a7144bd,main,hpo_bayesmark_digits_svm,CMA_ES,2,HPO,-0.006958962446767303,-0.006958962446767303,,0.0034819008904374282,shared_initialization_IQR,valid,no_gp_gain_initialization_exponential,False
0b10811a6e539866e863,main,hpo_bayesmark_digits_svm,CMA_ES,3,HPO,-0.008352690669763851,-0.007655826558265466,,0.0006968641114983853,matched_gp_improvement,valid,gp_linear_smooth_exponential_tail,True
b08ff378baa7d8cb428a,main,hpo_bayesmark_digits_decision_tree,CMA_ES,2,HPO,-0.8928329461866047,-0.19278697251258214,,0.7000459736740225,matched_gp_improvement,valid,gp_linear_smooth_exponential_tail,True
09c83da549db35ec101c,main,hpo_bayesmark_digits_decision_tree,CMA_ES,3,HPO,-0.7418118466898954,-0.37650745257452567,,0.36530439411536975,matched_gp_improvement,valid,gp_linear_smooth_exponential_tail,True
4e9d7eedaf355df55abd,main,hpo_bayesmark_digits_mlp_sgd,CMA_ES,2,HPO,-0.1252685830429734,-0.03340834301200157,,0.09186024003097182,matched_gp_improvement,valid,gp_linear_smooth_exponential_tail,True
96abcead931f6fa4d65c,main,hpo_bayesmark_digits_mlp_sgd,CMA_ES,3,HPO,-0.08069589624467677,-0.03201219512195119,,0.048683701122725576,matched_gp_improvement,valid,gp_linear_smooth_exponential_tail,True
4564e0c70233593b0b26,main,hpo_bayesmark_digits_adaboost,CMA_ES,2,HPO,-0.46485191637630663,-0.15098964382500968,,0.31386227255129695,matched_gp_improvement,valid,gp_linear_smooth_exponential_tail,True
97f09228cc649d2c32de,main,hpo_bayesmark_digits_adaboost,CMA_ES,3,HPO,-0.6026906697638404,-0.16770228416569888,,0.43498838559814157,matched_gp_improvement,valid,gp_linear_smooth_exponential_tail,True
93f995c478b741e527ff,main,hpo_bayesmark_diabetes_random_forest,CMA_ES,2,HPO,-0.844515286074131,-0.5160756173673826,,0.32843966870674834,matched_gp_improvement,valid,gp_linear_smooth_exponential_tail,True
7ed8b365cd7043fe173c,main,hpo_bayesmark_diabetes_random_forest,CMA_ES,3,HPO,-0.7484068766924775,-0.5346021754109569,,0.21380470128152063,matched_gp_improvement,valid,gp_linear_smooth_exponential_tail,True
604c775cc4a4461fc04e,main,hpo_bayesmark_diabetes_svm,CMA_ES,2,HPO,-1.017904518038888,-0.5019872009903446,,0.5159173170485434,matched_gp_improvement,valid,gp_linear_smooth_exponential_tail,True
b2b1ba7230a503087e08,main,hpo_bayesmark_diabetes_svm,CMA_ES,3,HPO,-0.9547488814315551,-0.5019872009903446,,0.45276168044121057,matched_gp_improvement,valid,gp_linear_smooth_exponential_tail,True
97eae2994a9a173b40dd,main,hpo_bayesmark_diabetes_decision_tree,CMA_ES,2,HPO,-0.8129659455539547,-0.8129659455539547,,0.19021280239677096,shared_initialization_IQR,valid,no_gp_gain_initialization_exponential,False
13570e1b9525db14e121,main,hpo_bayesmark_diabetes_decision_tree,CMA_ES,3,HPO,-0.8129659455539547,-0.7114263652987723,,0.1015395802551824,matched_gp_improvement,valid,gp_linear_smooth_exponential_tail,True
cf808c75a198cd528616,main,hpo_bayesmark_diabetes_mlp_sgd,CMA_ES,2,HPO,-0.9893786668629405,-0.9682322484108813,,0.021146418452059224,matched_gp_improvement,valid,gp_linear_smooth_exponential_tail,True
cd3cbb1cc6cfb92283ac,main,hpo_bayesmark_diabetes_mlp_sgd,CMA_ES,3,HPO,-0.9751121455565961,-0.483275261775247,,0.4918368837813491,matched_gp_improvement,valid,gp_linear_smooth_exponential_tail,True
b30907748f49d4842563,main,hpo_bayesmark_diabetes_adaboost,CMA_ES,2,HPO,-0.5082536203106135,-0.49890909768396813,,0.009344522626645368,matched_gp_improvement,valid,gp_linear_smooth_exponential_tail,True
4faa25fe8ef8d285fc0d,main,hpo_bayesmark_diabetes_adaboost,CMA_ES,3,HPO,-0.5045082066902749,-0.5045082066902749,,0.00978044030718117,shared_initialization_IQR,valid,no_gp_gain_initialization_exponential,False
659be179343aebadd47f,main,knob_http_surrogate_job_5,CMA_ES,2,DBTune,-109.2531616287499,-75.2707985839513,,33.98236304479859,matched_gp_improvement,valid,gp_linear_smooth_exponential_tail,True
a2a9930208b33df5c268,main,knob_http_surrogate_job_5,CMA_ES,3,DBTune,-159.6151372590015,-71.44094065318792,,88.17419660581358,matched_gp_improvement,valid,gp_linear_smooth_exponential_tail,True
a728a2dd9fbce5d0c0c9,main,knob_http_surrogate_job_all,CMA_ES,2,DBTune,-48.76575275885908,-46.10169142913141,,2.664061329727673,matched_gp_improvement,valid,gp_linear_smooth_exponential_tail,True
10a86c6e976b2dbe9776,main,knob_http_surrogate_job_all,CMA_ES,3,DBTune,-48.800245788269216,-45.759231954400036,,3.0410138338691795,matched_gp_improvement,valid,gp_linear_smooth_exponential_tail,True
eab2e3feb2ce6953ab93,main,knob_http_surrogate_sysbench_5,CMA_ES,2,DBTune,362.6538589226556,387.7246659281452,,25.0708070054896,matched_gp_improvement,valid,gp_linear_smooth_exponential_tail,True
cf9b3f0abf929424740f,main,knob_http_surrogate_sysbench_5,CMA_ES,3,DBTune,352.4350924987192,379.5077323653612,,27.07263986664202,matched_gp_improvement,valid,gp_linear_smooth_exponential_tail,True
29399955fe20861397d8,main,knob_http_surrogate_sysbench_all,CMA_ES,2,DBTune,369.35860051564794,540.8678740621101,,171.50927354646217,matched_gp_improvement,valid,gp_linear_smooth_exponential_tail,True
a765c8acda14bb705931,main,knob_http_surrogate_sysbench_all,CMA_ES,3,DBTune,311.04077216508944,494.6011351918425,,183.56036302675307,matched_gp_improvement,valid,gp_linear_smooth_exponential_tail,True
21e2d3e890b2cb48005b,main,knob_http_surrogate_pg_5,CMA_ES,2,DBTune,-30.85887350000002,-29.531217375000004,,1.327656125000015,matched_gp_improvement,valid,gp_linear_smooth_exponential_tail,True
0df54a224e96fa3c13ff,main,knob_http_surrogate_pg_5,CMA_ES,3,DBTune,-36.85804599999999,-29.4979465,,7.360099499999986,matched_gp_improvement,valid,gp_linear_smooth_exponential_tail,True
b9884a3747dc650d7bcf,main,knob_http_surrogate_pg_20,CMA_ES,2,DBTune,-16.90282300000001,-14.743588499999996,,2.1592345000000126,matched_gp_improvement,valid,gp_linear_smooth_exponential_tail,True
4076fdca7ec38a87c4f9,main,knob_http_surrogate_pg_20,CMA_ES,3,DBTune,-21.461346999999996,-15.497292500000006,,5.964054499999991,matched_gp_improvement,valid,gp_linear_smooth_exponential_tail,True
758d3676939f526ac084,main,hpo_bayesmark_breast_random_forest,RANDOM,2,HPO,-0.06153846153846154,-0.06153846153846154,,0.15604395604395604,shared_initialization_IQR,valid,no_gp_gain_initialization_exponential,False
a047e847cea125d6e773,main,hpo_bayesmark_breast_random_forest,RANDOM,3,HPO,-0.06813186813186811,-0.0483516483516484,,0.01978021978021971,matched_gp_improvement,valid,gp_linear_smooth_exponential_tail,True
01327cfb604f8dc9a2ec,main,hpo_bayesmark_breast_svm,RANDOM,2,HPO,-0.05934065934065935,-0.05274725274725278,,0.00659340659340657,matched_gp_improvement,valid,gp_linear_smooth_exponential_tail,True
7a077ea7e69040b7a258,main,hpo_bayesmark_breast_svm,RANDOM,3,HPO,-0.05714285714285716,-0.05274725274725278,,0.00439560439560438,matched_gp_improvement,valid,gp_linear_smooth_exponential_tail,True
d370aa93516773af01e3,main,hpo_bayesmark_breast_decision_tree,RANDOM,2,HPO,-0.09230769230769231,-0.08791208791208782,,0.004395604395604491,matched_gp_improvement,valid,gp_linear_smooth_exponential_tail,True
d3f27e21b36e4c7d57c6,main,hpo_bayesmark_breast_decision_tree,RANDOM,3,HPO,-0.09010989010989001,-0.09010989010989001,,0.27252747252747267,shared_initialization_range,valid,no_gp_gain_initialization_exponential,False
be622828eeba66bb3eb7,main,hpo_bayesmark_breast_mlp_sgd,RANDOM,2,HPO,-0.1428571428571429,-0.07912087912087917,,0.06373626373626373,matched_gp_improvement,valid,gp_linear_smooth_exponential_tail,True
e989c5bbe69ac0c72eaf,main,hpo_bayesmark_breast_mlp_sgd,RANDOM,3,HPO,-0.0923076923076922,-0.07252747252747249,,0.01978021978021971,matched_gp_improvement,valid,gp_linear_smooth_exponential_tail,True
f0066ed2904f2753dab0,main,hpo_bayesmark_breast_adaboost,RANDOM,2,HPO,-0.04615384615384621,-0.03076923076923066,,0.015384615384615552,matched_gp_improvement,valid,gp_linear_smooth_exponential_tail,True
370346382b06835dedef,main,hpo_bayesmark_breast_adaboost,RANDOM,3,HPO,-0.05054945054945059,-0.0219780219780219,,0.028571428571428692,matched_gp_improvement,valid,gp_linear_smooth_exponential_tail,True
6a83e0b4542d0292bdc4,main,hpo_bayesmark_wine_random_forest,RANDOM,2,HPO,-0.06995073891625603,-0.02783251231527084,,0.04211822660098519,matched_gp_improvement,valid,gp_linear_smooth_exponential_tail,True
07dcca3ea63961d6a313,main,hpo_bayesmark_wine_random_forest,RANDOM,3,HPO,-0.06970443349753697,-0.03497536945812807,,0.0347290640394089,matched_gp_improvement,valid,gp_linear_smooth_exponential_tail,True
668b773fc58772cd3117,main,hpo_bayesmark_wine_svm,RANDOM,2,HPO,-0.2110837438423645,-0.16847290640394097,,0.04261083743842353,matched_gp_improvement,valid,gp_linear_smooth_exponential_tail,True
c8fd39a42f5335640887,main,hpo_bayesmark_wine_svm,RANDOM,3,HPO,-0.20394088669950727,-0.16157635467980302,,0.04236453201970425,matched_gp_improvement,valid,gp_linear_smooth_exponential_tail,True
59d77d24696b68340a85,main,hpo_bayesmark_wine_decision_tree,RANDOM,2,HPO,-0.14753694581280785,-0.09852216748768472,,0.04901477832512313,matched_gp_improvement,valid,gp_linear_smooth_exponential_tail,True
4ca16c7758ef4d5f8549,main,hpo_bayesmark_wine_decision_tree,RANDOM,3,HPO,-0.3307881773399014,-0.12660098522167496,,0.20418719211822645,matched_gp_improvement,valid,gp_linear_smooth_exponential_tail,True
662ecf773eee7f204d98,main,hpo_bayesmark_wine_mlp_sgd,RANDOM,2,HPO,-0.5017241379310344,-0.4014778325123153,,0.10024630541871915,matched_gp_improvement,valid,gp_linear_smooth_exponential_tail,True
c1c574a03b7eb7ace895,main,hpo_bayesmark_wine_mlp_sgd,RANDOM,3,HPO,-0.39433497536945805,-0.3317733990147783,,0.06256157635467974,matched_gp_improvement,valid,gp_linear_smooth_exponential_tail,True
4ffda7601a5844a5dd30,main,hpo_bayesmark_wine_adaboost,RANDOM,2,HPO,-0.04236453201970447,-0.014039408866995062,,0.02832512315270941,matched_gp_improvement,valid,gp_linear_smooth_exponential_tail,True
24a1e95481ae5deb96a0,main,hpo_bayesmark_wine_adaboost,RANDOM,3,HPO,-0.0630541871921182,-0.028325123152709297,,0.0347290640394089,matched_gp_improvement,valid,gp_linear_smooth_exponential_tail,True
9ee51edfae830b6fefd9,main,hpo_bayesmark_iris_random_forest,RANDOM,2,HPO,-0.050000000000000044,-0.050000000000000044,,0.02499999999999991,shared_initialization_IQR,valid,no_gp_gain_initialization_exponential,False
79e335d624ff214b17b7,main,hpo_bayesmark_iris_random_forest,RANDOM,3,HPO,-0.050000000000000044,-0.04166666666666663,,0.008333333333333415,matched_gp_improvement,valid,gp_linear_smooth_exponential_tail,True
f894a14200062cf86191,main,hpo_bayesmark_iris_svm,RANDOM,2,HPO,-0.10833333333333339,-0.033333333333333215,,0.07500000000000018,matched_gp_improvement,valid,gp_linear_smooth_exponential_tail,True
ad29c80a09b3af397305,main,hpo_bayesmark_iris_svm,RANDOM,3,HPO,-0.05833333333333324,-0.04166666666666663,,0.016666666666666607,matched_gp_improvement,valid,gp_linear_smooth_exponential_tail,True
ab6a1dcfdd118765919d,main,hpo_bayesmark_iris_decision_tree,RANDOM,2,HPO,-0.45833333333333326,-0.21666666666666667,,0.24166666666666659,matched_gp_improvement,valid,gp_linear_smooth_exponential_tail,True
573adb7e877cee2a5682,main,hpo_bayesmark_iris_decision_tree,RANDOM,3,HPO,-0.2583333333333333,-0.050000000000000044,,0.20833333333333326,matched_gp_improvement,valid,gp_linear_smooth_exponential_tail,True
9ced455efc49fd62b8a6,main,hpo_bayesmark_iris_mlp_sgd,RANDOM,2,HPO,-0.33333333333333326,-0.10833333333333317,,0.2250000000000001,matched_gp_improvement,valid,gp_linear_smooth_exponential_tail,True
c0dbede474ffb995a60e,main,hpo_bayesmark_iris_mlp_sgd,RANDOM,3,HPO,-0.31666666666666665,-0.025000000000000022,,0.29166666666666663,matched_gp_improvement,valid,gp_linear_smooth_exponential_tail,True
e8bf408ee8a5f64b6a24,main,hpo_bayesmark_iris_adaboost,RANDOM,2,HPO,-0.05833333333333335,-0.050000000000000044,,0.008333333333333304,matched_gp_improvement,valid,gp_linear_smooth_exponential_tail,True
c9f79412e11ed0939c04,main,hpo_bayesmark_iris_adaboost,RANDOM,3,HPO,-0.05833333333333324,-0.050000000000000044,,0.008333333333333193,matched_gp_improvement,valid,gp_linear_smooth_exponential_tail,True
b0bf4f8e80ab0617599f,main,hpo_bayesmark_digits_random_forest,RANDOM,2,HPO,-0.8942242547425474,-0.11066589237320945,,0.783558362369338,matched_gp_improvement,valid,gp_linear_smooth_exponential_tail,True
120c1ef02d1cbf674e61,main,hpo_bayesmark_digits_random_forest,RANDOM,3,HPO,-0.4307249322493225,-0.12804394115369733,,0.3026809910956252,matched_gp_improvement,valid,gp_linear_smooth_exponential_tail,True
7be64d964398923bddff,main,hpo_bayesmark_digits_svm,RANDOM,2,HPO,-0.006958962446767303,-0.006958962446767303,,0.0034819008904374282,shared_initialization_IQR,valid,no_gp_gain_initialization_exponential,False
175b92de945a60e27631,main,hpo_bayesmark_digits_svm,RANDOM,3,HPO,-0.008352690669763851,-0.007655826558265466,,0.0006968641114983853,matched_gp_improvement,valid,gp_linear_smooth_exponential_tail,True
ae36fe114604c5e4f6ba,main,hpo_bayesmark_digits_decision_tree,RANDOM,2,HPO,-0.8928329461866047,-0.19278697251258214,,0.7000459736740225,matched_gp_improvement,valid,gp_linear_smooth_exponential_tail,True
9468f8ba55e6791d1e20,main,hpo_bayesmark_digits_decision_tree,RANDOM,3,HPO,-0.7418118466898954,-0.37650745257452567,,0.36530439411536975,matched_gp_improvement,valid,gp_linear_smooth_exponential_tail,True
ce0cf26a1ffb6700ccd4,main,hpo_bayesmark_digits_mlp_sgd,RANDOM,2,HPO,-0.1252685830429734,-0.03340834301200157,,0.09186024003097182,matched_gp_improvement,valid,gp_linear_smooth_exponential_tail,True
876d6632e603372de5ad,main,hpo_bayesmark_digits_mlp_sgd,RANDOM,3,HPO,-0.08069589624467677,-0.03201219512195119,,0.048683701122725576,matched_gp_improvement,valid,gp_linear_smooth_exponential_tail,True
e1d9ee64f40eafa8c12f,main,hpo_bayesmark_digits_adaboost,RANDOM,2,HPO,-0.46485191637630663,-0.15098964382500968,,0.31386227255129695,matched_gp_improvement,valid,gp_linear_smooth_exponential_tail,True
9302b8e4408965fd11a3,main,hpo_bayesmark_digits_adaboost,RANDOM,3,HPO,-0.6026906697638404,-0.16770228416569888,,0.43498838559814157,matched_gp_improvement,valid,gp_linear_smooth_exponential_tail,True
99fd17addd55bb60eaf9,main,hpo_bayesmark_diabetes_random_forest,RANDOM,2,HPO,-0.844515286074131,-0.5160756173673826,,0.32843966870674834,matched_gp_improvement,valid,gp_linear_smooth_exponential_tail,True
7d14ba9491022f50350b,main,hpo_bayesmark_diabetes_random_forest,RANDOM,3,HPO,-0.7484068766924775,-0.5346021754109569,,0.21380470128152063,matched_gp_improvement,valid,gp_linear_smooth_exponential_tail,True
f4276da2f222170813c4,main,hpo_bayesmark_diabetes_svm,RANDOM,2,HPO,-1.017904518038888,-0.5019872009903446,,0.5159173170485434,matched_gp_improvement,valid,gp_linear_smooth_exponential_tail,True
7b53d5031d1bd8cb4ad2,main,hpo_bayesmark_diabetes_svm,RANDOM,3,HPO,-0.9547488814315551,-0.5019872009903446,,0.45276168044121057,matched_gp_improvement,valid,gp_linear_smooth_exponential_tail,True
351d111ead8a2f51dc12,main,hpo_bayesmark_diabetes_decision_tree,RANDOM,2,HPO,-0.8129659455539547,-0.8129659455539547,,0.19021280239677096,shared_initialization_IQR,valid,no_gp_gain_initialization_exponential,False
1de22baa3e442de15408,main,hpo_bayesmark_diabetes_decision_tree,RANDOM,3,HPO,-0.8129659455539547,-0.7114263652987723,,0.1015395802551824,matched_gp_improvement,valid,gp_linear_smooth_exponential_tail,True
7179fda63ef9dd3b6f32,main,hpo_bayesmark_diabetes_mlp_sgd,RANDOM,2,HPO,-0.9893786668629405,-0.9682322484108813,,0.021146418452059224,matched_gp_improvement,valid,gp_linear_smooth_exponential_tail,True
ecece28aac02f7b10db8,main,hpo_bayesmark_diabetes_mlp_sgd,RANDOM,3,HPO,-0.9751121455565961,-0.483275261775247,,0.4918368837813491,matched_gp_improvement,valid,gp_linear_smooth_exponential_tail,True
8d7fea372be559f2a51c,main,hpo_bayesmark_diabetes_adaboost,RANDOM,2,HPO,-0.5082536203106135,-0.49890909768396813,,0.009344522626645368,matched_gp_improvement,valid,gp_linear_smooth_exponential_tail,True
27ee6b7186dda441768a,main,hpo_bayesmark_diabetes_adaboost,RANDOM,3,HPO,-0.5045082066902749,-0.5045082066902749,,0.00978044030718117,shared_initialization_IQR,valid,no_gp_gain_initialization_exponential,False
eae59eafd05f9cfcbf0a,main,knob_http_surrogate_job_5,RANDOM,2,DBTune,-109.2531616287499,-75.2707985839513,,33.98236304479859,matched_gp_improvement,valid,gp_linear_smooth_exponential_tail,True
7338d12582d6917d49c8,main,knob_http_surrogate_job_5,RANDOM,3,DBTune,-159.6151372590015,-71.44094065318792,,88.17419660581358,matched_gp_improvement,valid,gp_linear_smooth_exponential_tail,True
e006a53167e89d42e114,main,knob_http_surrogate_job_all,RANDOM,2,DBTune,-48.76575275885908,-46.10169142913141,,2.664061329727673,matched_gp_improvement,valid,gp_linear_smooth_exponential_tail,True
2a9c7c49017ba83f681b,main,knob_http_surrogate_job_all,RANDOM,3,DBTune,-48.800245788269216,-45.759231954400036,,3.0410138338691795,matched_gp_improvement,valid,gp_linear_smooth_exponential_tail,True
d57122d589c1504777dd,main,knob_http_surrogate_sysbench_5,RANDOM,2,DBTune,362.6538589226556,387.7246659281452,,25.0708070054896,matched_gp_improvement,valid,gp_linear_smooth_exponential_tail,True
138a19029c1a6b995349,main,knob_http_surrogate_sysbench_5,RANDOM,3,DBTune,352.4350924987192,379.5077323653612,,27.07263986664202,matched_gp_improvement,valid,gp_linear_smooth_exponential_tail,True
1f4c15dd181cb0434f9d,main,knob_http_surrogate_sysbench_all,RANDOM,2,DBTune,369.35860051564794,540.8678740621101,,171.50927354646217,matched_gp_improvement,valid,gp_linear_smooth_exponential_tail,True
3ea6a0c26da4e1113a08,main,knob_http_surrogate_sysbench_all,RANDOM,3,DBTune,311.04077216508944,494.6011351918425,,183.56036302675307,matched_gp_improvement,valid,gp_linear_smooth_exponential_tail,True
59b9af737eacdc8627bd,main,knob_http_surrogate_pg_5,RANDOM,2,DBTune,-30.85887350000002,-29.531217375000004,,1.327656125000015,matched_gp_improvement,valid,gp_linear_smooth_exponential_tail,True
14a3703311fcb27fd362,main,knob_http_surrogate_pg_5,RANDOM,3,DBTune,-36.85804599999999,-29.4979465,,7.360099499999986,matched_gp_improvement,valid,gp_linear_smooth_exponential_tail,True
4fd4ff88f2d04fe59d3e,main,knob_http_surrogate_pg_20,RANDOM,2,DBTune,-16.90282300000001,-14.743588499999996,,2.1592345000000126,matched_gp_improvement,valid,gp_linear_smooth_exponential_tail,True
0768b2a04f23d8b5ccf5,main,knob_http_surrogate_pg_20,RANDOM,3,DBTune,-21.461346999999996,-15.497292500000006,,5.964054499999991,matched_gp_improvement,valid,gp_linear_smooth_exponential_tail,True
2d7d4d085de2370512e0,main,hpo_bayesmark_breast_random_forest,SOBOL,2,HPO,-0.06153846153846154,-0.06153846153846154,,0.15604395604395604,shared_initialization_IQR,valid,no_gp_gain_initialization_exponential,False
31f8d44fa5dc4e774521,main,hpo_bayesmark_breast_random_forest,SOBOL,3,HPO,-0.06813186813186811,-0.0483516483516484,,0.01978021978021971,matched_gp_improvement,valid,gp_linear_smooth_exponential_tail,True
d326de5aed0d410363c7,main,hpo_bayesmark_breast_svm,SOBOL,2,HPO,-0.05934065934065935,-0.05274725274725278,,0.00659340659340657,matched_gp_improvement,valid,gp_linear_smooth_exponential_tail,True
9ada7bb575f037be855a,main,hpo_bayesmark_breast_svm,SOBOL,3,HPO,-0.05714285714285716,-0.05274725274725278,,0.00439560439560438,matched_gp_improvement,valid,gp_linear_smooth_exponential_tail,True
0649f59eee5e1957608b,main,hpo_bayesmark_breast_decision_tree,SOBOL,2,HPO,-0.09230769230769231,-0.08791208791208782,,0.004395604395604491,matched_gp_improvement,valid,gp_linear_smooth_exponential_tail,True
767482c8508162f45b15,main,hpo_bayesmark_breast_decision_tree,SOBOL,3,HPO,-0.09010989010989001,-0.09010989010989001,,0.27252747252747267,shared_initialization_range,valid,no_gp_gain_initialization_exponential,False
95253b9df4da120d4c23,main,hpo_bayesmark_breast_mlp_sgd,SOBOL,2,HPO,-0.1428571428571429,-0.07912087912087917,,0.06373626373626373,matched_gp_improvement,valid,gp_linear_smooth_exponential_tail,True
5dbf5ef48e37288e73bd,main,hpo_bayesmark_breast_mlp_sgd,SOBOL,3,HPO,-0.0923076923076922,-0.07252747252747249,,0.01978021978021971,matched_gp_improvement,valid,gp_linear_smooth_exponential_tail,True
7be45eb07f1ac798af97,main,hpo_bayesmark_breast_adaboost,SOBOL,2,HPO,-0.04615384615384621,-0.03076923076923066,,0.015384615384615552,matched_gp_improvement,valid,gp_linear_smooth_exponential_tail,True
ba0749f185ff1c1823a3,main,hpo_bayesmark_breast_adaboost,SOBOL,3,HPO,-0.05054945054945059,-0.0219780219780219,,0.028571428571428692,matched_gp_improvement,valid,gp_linear_smooth_exponential_tail,True
cc93c104855a7d5d17ff,main,hpo_bayesmark_wine_random_forest,SOBOL,2,HPO,-0.06995073891625603,-0.02783251231527084,,0.04211822660098519,matched_gp_improvement,valid,gp_linear_smooth_exponential_tail,True
636a6669d5c3c79651a2,main,hpo_bayesmark_wine_random_forest,SOBOL,3,HPO,-0.06970443349753697,-0.03497536945812807,,0.0347290640394089,matched_gp_improvement,valid,gp_linear_smooth_exponential_tail,True
081ea72c16948acb9cae,main,hpo_bayesmark_wine_svm,SOBOL,2,HPO,-0.2110837438423645,-0.16847290640394097,,0.04261083743842353,matched_gp_improvement,valid,gp_linear_smooth_exponential_tail,True
7d3fefb251bf69b81ed2,main,hpo_bayesmark_wine_svm,SOBOL,3,HPO,-0.20394088669950727,-0.16157635467980302,,0.04236453201970425,matched_gp_improvement,valid,gp_linear_smooth_exponential_tail,True
d50f40e4ff242ed8c25f,main,hpo_bayesmark_wine_decision_tree,SOBOL,2,HPO,-0.14753694581280785,-0.09852216748768472,,0.04901477832512313,matched_gp_improvement,valid,gp_linear_smooth_exponential_tail,True
eaf9bb84f76240079960,main,hpo_bayesmark_wine_decision_tree,SOBOL,3,HPO,-0.3307881773399014,-0.12660098522167496,,0.20418719211822645,matched_gp_improvement,valid,gp_linear_smooth_exponential_tail,True
33b81c23ebd1e21d8393,main,hpo_bayesmark_wine_mlp_sgd,SOBOL,2,HPO,-0.5017241379310344,-0.4014778325123153,,0.10024630541871915,matched_gp_improvement,valid,gp_linear_smooth_exponential_tail,True
5ec89d9241fe3fc8f2f7,main,hpo_bayesmark_wine_mlp_sgd,SOBOL,3,HPO,-0.39433497536945805,-0.3317733990147783,,0.06256157635467974,matched_gp_improvement,valid,gp_linear_smooth_exponential_tail,True
631811d440b2af9b940d,main,hpo_bayesmark_wine_adaboost,SOBOL,2,HPO,-0.04236453201970447,-0.014039408866995062,,0.02832512315270941,matched_gp_improvement,valid,gp_linear_smooth_exponential_tail,True
e8d5066bfbbcfdc3326c,main,hpo_bayesmark_wine_adaboost,SOBOL,3,HPO,-0.0630541871921182,-0.028325123152709297,,0.0347290640394089,matched_gp_improvement,valid,gp_linear_smooth_exponential_tail,True
cf244cfb61ae146ad501,main,hpo_bayesmark_iris_random_forest,SOBOL,2,HPO,-0.050000000000000044,-0.050000000000000044,,0.02499999999999991,shared_initialization_IQR,valid,no_gp_gain_initialization_exponential,False
e70e0df097e6c393223f,main,hpo_bayesmark_iris_random_forest,SOBOL,3,HPO,-0.050000000000000044,-0.04166666666666663,,0.008333333333333415,matched_gp_improvement,valid,gp_linear_smooth_exponential_tail,True
0461573014598780ef1b,main,hpo_bayesmark_iris_svm,SOBOL,2,HPO,-0.10833333333333339,-0.033333333333333215,,0.07500000000000018,matched_gp_improvement,valid,gp_linear_smooth_exponential_tail,True
31b6dee4179e36f5fd71,main,hpo_bayesmark_iris_svm,SOBOL,3,HPO,-0.05833333333333324,-0.04166666666666663,,0.016666666666666607,matched_gp_improvement,valid,gp_linear_smooth_exponential_tail,True
c25750ba98e3939105f2,main,hpo_bayesmark_iris_decision_tree,SOBOL,2,HPO,-0.45833333333333326,-0.21666666666666667,,0.24166666666666659,matched_gp_improvement,valid,gp_linear_smooth_exponential_tail,True
c847748a6c6d77a04e19,main,hpo_bayesmark_iris_decision_tree,SOBOL,3,HPO,-0.2583333333333333,-0.050000000000000044,,0.20833333333333326,matched_gp_improvement,valid,gp_linear_smooth_exponential_tail,True
5d3aa62cf4332f5f56aa,main,hpo_bayesmark_iris_mlp_sgd,SOBOL,2,HPO,-0.33333333333333326,-0.10833333333333317,,0.2250000000000001,matched_gp_improvement,valid,gp_linear_smooth_exponential_tail,True
c7ced9e27bb329817532,main,hpo_bayesmark_iris_mlp_sgd,SOBOL,3,HPO,-0.31666666666666665,-0.025000000000000022,,0.29166666666666663,matched_gp_improvement,valid,gp_linear_smooth_exponential_tail,True
69fab767601cd3638b14,main,hpo_bayesmark_iris_adaboost,SOBOL,2,HPO,-0.05833333333333335,-0.050000000000000044,,0.008333333333333304,matched_gp_improvement,valid,gp_linear_smooth_exponential_tail,True
635090364516384b5019,main,hpo_bayesmark_iris_adaboost,SOBOL,3,HPO,-0.05833333333333324,-0.050000000000000044,,0.008333333333333193,matched_gp_improvement,valid,gp_linear_smooth_exponential_tail,True
a538d9383b58cc3b94ad,main,hpo_bayesmark_digits_random_forest,SOBOL,2,HPO,-0.8942242547425474,-0.11066589237320945,,0.783558362369338,matched_gp_improvement,valid,gp_linear_smooth_exponential_tail,True
d3962fc1a10868cf236c,main,hpo_bayesmark_digits_random_forest,SOBOL,3,HPO,-0.4307249322493225,-0.12804394115369733,,0.3026809910956252,matched_gp_improvement,valid,gp_linear_smooth_exponential_tail,True
3957c38277da9c541d0f,main,hpo_bayesmark_digits_svm,SOBOL,2,HPO,-0.006958962446767303,-0.006958962446767303,,0.0034819008904374282,shared_initialization_IQR,valid,no_gp_gain_initialization_exponential,False
9f3b1512633f097014bc,main,hpo_bayesmark_digits_svm,SOBOL,3,HPO,-0.008352690669763851,-0.007655826558265466,,0.0006968641114983853,matched_gp_improvement,valid,gp_linear_smooth_exponential_tail,True
cb5cf97075108977d1b9,main,hpo_bayesmark_digits_decision_tree,SOBOL,2,HPO,-0.8928329461866047,-0.19278697251258214,,0.7000459736740225,matched_gp_improvement,valid,gp_linear_smooth_exponential_tail,True
c557fed30ef1b107d1e9,main,hpo_bayesmark_digits_decision_tree,SOBOL,3,HPO,-0.7418118466898954,-0.37650745257452567,,0.36530439411536975,matched_gp_improvement,valid,gp_linear_smooth_exponential_tail,True
59fc15dc9ad4233cca96,main,hpo_bayesmark_digits_mlp_sgd,SOBOL,2,HPO,-0.1252685830429734,-0.03340834301200157,,0.09186024003097182,matched_gp_improvement,valid,gp_linear_smooth_exponential_tail,True
fb5ccec43f4bfc3f370e,main,hpo_bayesmark_digits_mlp_sgd,SOBOL,3,HPO,-0.08069589624467677,-0.03201219512195119,,0.048683701122725576,matched_gp_improvement,valid,gp_linear_smooth_exponential_tail,True
98a6e6de93b8984820e1,main,hpo_bayesmark_digits_adaboost,SOBOL,2,HPO,-0.46485191637630663,-0.15098964382500968,,0.31386227255129695,matched_gp_improvement,valid,gp_linear_smooth_exponential_tail,True
10febae1fe9f4f8be3c1,main,hpo_bayesmark_digits_adaboost,SOBOL,3,HPO,-0.6026906697638404,-0.16770228416569888,,0.43498838559814157,matched_gp_improvement,valid,gp_linear_smooth_exponential_tail,True
b4b7ae9f31c9e8b2ff29,main,hpo_bayesmark_diabetes_random_forest,SOBOL,2,HPO,-0.844515286074131,-0.5160756173673826,,0.32843966870674834,matched_gp_improvement,valid,gp_linear_smooth_exponential_tail,True
d9a49cf52afcadca70dd,main,hpo_bayesmark_diabetes_random_forest,SOBOL,3,HPO,-0.7484068766924775,-0.5346021754109569,,0.21380470128152063,matched_gp_improvement,valid,gp_linear_smooth_exponential_tail,True
2e44ff7129cb6d51a47b,main,hpo_bayesmark_diabetes_svm,SOBOL,2,HPO,-1.017904518038888,-0.5019872009903446,,0.5159173170485434,matched_gp_improvement,valid,gp_linear_smooth_exponential_tail,True
0953e9921f8b7fd30224,main,hpo_bayesmark_diabetes_svm,SOBOL,3,HPO,-0.9547488814315551,-0.5019872009903446,,0.45276168044121057,matched_gp_improvement,valid,gp_linear_smooth_exponential_tail,True
16d2753e9ae8172a6b7b,main,hpo_bayesmark_diabetes_decision_tree,SOBOL,2,HPO,-0.8129659455539547,-0.8129659455539547,,0.19021280239677096,shared_initialization_IQR,valid,no_gp_gain_initialization_exponential,False
2ba62b37f0def1e6f0ef,main,hpo_bayesmark_diabetes_decision_tree,SOBOL,3,HPO,-0.8129659455539547,-0.7114263652987723,,0.1015395802551824,matched_gp_improvement,valid,gp_linear_smooth_exponential_tail,True
5966c36e9f0bb9e4dc5d,main,hpo_bayesmark_diabetes_mlp_sgd,SOBOL,2,HPO,-0.9893786668629405,-0.9682322484108813,,0.021146418452059224,matched_gp_improvement,valid,gp_linear_smooth_exponential_tail,True
e12ed9a23bf46dc93d18,main,hpo_bayesmark_diabetes_mlp_sgd,SOBOL,3,HPO,-0.9751121455565961,-0.483275261775247,,0.4918368837813491,matched_gp_improvement,valid,gp_linear_smooth_exponential_tail,True
3ca6b31d8a08367dcad0,main,hpo_bayesmark_diabetes_adaboost,SOBOL,2,HPO,-0.5082536203106135,-0.49890909768396813,,0.009344522626645368,matched_gp_improvement,valid,gp_linear_smooth_exponential_tail,True
e0f9ee0a6b4efc136e95,main,hpo_bayesmark_diabetes_adaboost,SOBOL,3,HPO,-0.5045082066902749,-0.5045082066902749,,0.00978044030718117,shared_initialization_IQR,valid,no_gp_gain_initialization_exponential,False
742abb3800b664c505f8,main,knob_http_surrogate_job_5,SOBOL,2,DBTune,-109.2531616287499,-75.2707985839513,,33.98236304479859,matched_gp_improvement,valid,gp_linear_smooth_exponential_tail,True
a2e11f486f383dfa2cad,main,knob_http_surrogate_job_5,SOBOL,3,DBTune,-159.6151372590015,-71.44094065318792,,88.17419660581358,matched_gp_improvement,valid,gp_linear_smooth_exponential_tail,True
ebc9aea7ff8a646a8cfc,main,knob_http_surrogate_job_all,SOBOL,2,DBTune,-48.76575275885908,-46.10169142913141,,2.664061329727673,matched_gp_improvement,valid,gp_linear_smooth_exponential_tail,True
2d71e5c1f1f8cbb4a15e,main,knob_http_surrogate_job_all,SOBOL,3,DBTune,-48.800245788269216,-45.759231954400036,,3.0410138338691795,matched_gp_improvement,valid,gp_linear_smooth_exponential_tail,True
fd4354ca2be458f5fd71,main,knob_http_surrogate_sysbench_5,SOBOL,2,DBTune,362.6538589226556,387.7246659281452,,25.0708070054896,matched_gp_improvement,valid,gp_linear_smooth_exponential_tail,True
6149d6da929cd7374896,main,knob_http_surrogate_sysbench_5,SOBOL,3,DBTune,352.4350924987192,379.5077323653612,,27.07263986664202,matched_gp_improvement,valid,gp_linear_smooth_exponential_tail,True
45801368b6b27fa8b07f,main,knob_http_surrogate_sysbench_all,SOBOL,2,DBTune,369.35860051564794,540.8678740621101,,171.50927354646217,matched_gp_improvement,valid,gp_linear_smooth_exponential_tail,True
b00dd08be2fc62474747,main,knob_http_surrogate_sysbench_all,SOBOL,3,DBTune,311.04077216508944,494.6011351918425,,183.56036302675307,matched_gp_improvement,valid,gp_linear_smooth_exponential_tail,True
4c80929b13260f85add2,main,knob_http_surrogate_pg_5,SOBOL,2,DBTune,-30.85887350000002,-29.531217375000004,,1.327656125000015,matched_gp_improvement,valid,gp_linear_smooth_exponential_tail,True
d2cc84dc410752e34c62,main,knob_http_surrogate_pg_5,SOBOL,3,DBTune,-36.85804599999999,-29.4979465,,7.360099499999986,matched_gp_improvement,valid,gp_linear_smooth_exponential_tail,True
1e0806a9a5465799e6a4,main,knob_http_surrogate_pg_20,SOBOL,2,DBTune,-16.90282300000001,-14.743588499999996,,2.1592345000000126,matched_gp_improvement,valid,gp_linear_smooth_exponential_tail,True
c7aa06099be59961efa8,main,knob_http_surrogate_pg_20,SOBOL,3,DBTune,-21.461346999999996,-15.497292500000006,,5.964054499999991,matched_gp_improvement,valid,gp_linear_smooth_exponential_tail,True
e82128270953cdbf47ed,main,guacamol_fexofenadine_mpo_smiles_demo,GRAPH_GA,2,GuacaMol,-0.31530366856476655,-0.23724670857914776,-0.0,,,valid,molecular_linear,False
f7fe808373ef36366cf3,main,guacamol_fexofenadine_mpo_smiles_demo,GRAPH_GA,3,GuacaMol,-0.31530366856476655,-0.23259392902622456,-0.0,,,valid,molecular_linear,False
658647118f7addc045a3,main,guacamol_median1_smiles_demo,GRAPH_GA,2,GuacaMol,-0.8726140489403036,-0.7014048428348643,-0.42,,,valid,molecular_linear,False
1e344004f8e8db0003a5,main,guacamol_median1_smiles_demo,GRAPH_GA,3,GuacaMol,-0.8726140489403036,-0.675742606648889,-0.42,,,valid,molecular_linear,False
68c6c24ba1b55ebea888,main,guacamol_amlodipine_mpo_smiles_demo,GRAPH_GA,2,GuacaMol,-0.5090097469690171,-0.4380485130509837,-0.0,,,valid,molecular_linear,False
24e3003c3dc18445493d,main,guacamol_amlodipine_mpo_smiles_demo,GRAPH_GA,3,GuacaMol,-0.5090097469690171,-0.45566894604818264,-0.0,,,valid,molecular_linear,False
0014c63a681c3787b530,main,guacamol_median2_smiles_demo,GRAPH_GA,2,GuacaMol,-0.8297564039814496,-0.762351275658621,-0.0,,,valid,molecular_linear,False
b1125fd0ba27ee4f07be,main,guacamol_median2_smiles_demo,GRAPH_GA,3,GuacaMol,-0.8297564039814496,-0.7504810612049236,-0.0,,,valid,molecular_linear,False
24c193ed66dea3cb479d,main,guacamol_osimertinib_mpo_smiles_demo,GRAPH_GA,2,GuacaMol,-0.2383443355982171,-0.17256227008828173,-0.0,,,valid,molecular_linear,False
332e1e05f46a2646c2ff,main,guacamol_osimertinib_mpo_smiles_demo,GRAPH_GA,3,GuacaMol,-0.2383443355982171,-0.19917592137503914,-0.0,,,valid,molecular_linear,False
af1e227b743b83ddfaa0,main,guacamol_perindopril_mpo_smiles_demo,GRAPH_GA,2,GuacaMol,-0.6091320200147141,-0.5573421796173189,-0.0,,,valid,molecular_linear,False
faa5d3b53333589caf9d,main,guacamol_perindopril_mpo_smiles_demo,GRAPH_GA,3,GuacaMol,-0.6091320200147141,-0.5639485751996417,-0.0,,,valid,molecular_linear,False
636b80911f2e5c818d05,main,guacamol_ranolazine_mpo_smiles_demo,GRAPH_GA,2,GuacaMol,-0.39944061827096944,-0.2908400714066445,-0.0,,,valid,molecular_linear,False
83c87099385a5edcc089,main,guacamol_ranolazine_mpo_smiles_demo,GRAPH_GA,3,GuacaMol,-0.39944061827096944,-0.23587761936196683,-0.0,,,valid,molecular_linear,False
bf9eb8798ed1dfc86fb8,main,guacamol_sitagliptin_mpo_smiles_demo,GRAPH_GA,2,GuacaMol,-0.843399628386485,-0.843399628386485,-0.0,,,valid,molecular_linear,False
f0bf28b52aae4ca03696,main,guacamol_sitagliptin_mpo_smiles_demo,GRAPH_GA,3,GuacaMol,-0.843399628386485,-0.843399628386485,-0.0,,,valid,molecular_linear,False
d49a08d1c092d2f9e049,main,guacamol_valsartan_smarts_smiles_demo,GRAPH_GA,2,GuacaMol,-1.0,-1.0,-0.0,,,valid,molecular_linear,False
a9e110596225be359fe6,main,guacamol_valsartan_smarts_smiles_demo,GRAPH_GA,3,GuacaMol,-1.0,-1.0,-0.0,,,valid,molecular_linear,False
b3bcf4893fb0850ee8d7,main,guacamol_zaleplon_mpo_smiles_demo,GRAPH_GA,2,GuacaMol,-0.673285085442346,-0.673285085442346,-0.0,,,valid,molecular_linear,False
9c2033f7b5ec2eb5a059,main,guacamol_zaleplon_mpo_smiles_demo,GRAPH_GA,3,GuacaMol,-0.673285085442346,-0.673285085442346,-0.0,,,valid,molecular_linear,False
ad1c9042bd0ba80f006e,main,guacamol_fexofenadine_mpo_smiles_demo,GPBO,2,GuacaMol,-0.31530366856476655,-0.23724670857914776,-0.0,,,valid,molecular_linear,False
48881e8d24c92bcf09f7,main,guacamol_fexofenadine_mpo_smiles_demo,GPBO,3,GuacaMol,-0.31530366856476655,-0.23259392902622456,-0.0,,,valid,molecular_linear,False
ccc5897b3bc2a386780f,main,guacamol_median1_smiles_demo,GPBO,2,GuacaMol,-0.8726140489403036,-0.7014048428348643,-0.42,,,valid,molecular_linear,False
368673d2322fbc6bc9f7,main,guacamol_median1_smiles_demo,GPBO,3,GuacaMol,-0.8726140489403036,-0.675742606648889,-0.42,,,valid,molecular_linear,False
89a22afbfe791f9de3ad,main,guacamol_amlodipine_mpo_smiles_demo,GPBO,2,GuacaMol,-0.5090097469690171,-0.4380485130509837,-0.0,,,valid,molecular_linear,False
888c1066fe0f52580eca,main,guacamol_amlodipine_mpo_smiles_demo,GPBO,3,GuacaMol,-0.5090097469690171,-0.45566894604818264,-0.0,,,valid,molecular_linear,False
bda6447c0aded18eb611,main,guacamol_median2_smiles_demo,GPBO,2,GuacaMol,-0.8297564039814496,-0.762351275658621,-0.0,,,valid,molecular_linear,False
e703f3083eecd958cdaf,main,guacamol_median2_smiles_demo,GPBO,3,GuacaMol,-0.8297564039814496,-0.7504810612049236,-0.0,,,valid,molecular_linear,False
e5cf529c3f1fbd4a8c37,main,guacamol_osimertinib_mpo_smiles_demo,GPBO,2,GuacaMol,-0.2383443355982171,-0.17256227008828173,-0.0,,,valid,molecular_linear,False
8dce60e72426fccea310,main,guacamol_osimertinib_mpo_smiles_demo,GPBO,3,GuacaMol,-0.2383443355982171,-0.19917592137503914,-0.0,,,valid,molecular_linear,False
36c4d0c6e5ef2da0e77d,main,guacamol_perindopril_mpo_smiles_demo,GPBO,2,GuacaMol,-0.6091320200147141,-0.5573421796173189,-0.0,,,valid,molecular_linear,False
c824fd6758dc988dda74,main,guacamol_perindopril_mpo_smiles_demo,GPBO,3,GuacaMol,-0.6091320200147141,-0.5639485751996417,-0.0,,,valid,molecular_linear,False
89a6e0258d73645b9d2c,main,guacamol_ranolazine_mpo_smiles_demo,GPBO,2,GuacaMol,-0.39944061827096944,-0.2908400714066445,-0.0,,,valid,molecular_linear,False
085da2ce5d6efae7c2df,main,guacamol_ranolazine_mpo_smiles_demo,GPBO,3,GuacaMol,-0.39944061827096944,-0.23587761936196683,-0.0,,,valid,molecular_linear,False
61b82de9b77995a358c6,main,guacamol_sitagliptin_mpo_smiles_demo,GPBO,2,GuacaMol,-0.843399628386485,-0.843399628386485,-0.0,,,valid,molecular_linear,False
bfdeabb0e748467a37c6,main,guacamol_sitagliptin_mpo_smiles_demo,GPBO,3,GuacaMol,-0.843399628386485,-0.843399628386485,-0.0,,,valid,molecular_linear,False
e37764c04e4a122aece8,main,guacamol_valsartan_smarts_smiles_demo,GPBO,2,GuacaMol,-1.0,-1.0,-0.0,,,valid,molecular_linear,False
782f4420eb0544a3dc20,main,guacamol_valsartan_smarts_smiles_demo,GPBO,3,GuacaMol,-1.0,-1.0,-0.0,,,valid,molecular_linear,False
02d39074df412f9cd48d,main,guacamol_zaleplon_mpo_smiles_demo,GPBO,2,GuacaMol,-0.673285085442346,-0.673285085442346,-0.0,,,valid,molecular_linear,False
5ec1e0d465e5dd9cce0c,main,guacamol_zaleplon_mpo_smiles_demo,GPBO,3,GuacaMol,-0.673285085442346,-0.673285085442346,-0.0,,,valid,molecular_linear,False
34b5fa43f5376cd09d57,main,hpo_bayesmark_breast_random_forest,GIT_BO,2,HPO,-0.06153846153846154,-0.06153846153846154,,0.15604395604395604,shared_initialization_IQR,valid,no_gp_gain_initialization_exponential,False
0d973a520e419577ecb4,main,hpo_bayesmark_breast_random_forest,GIT_BO,3,HPO,-0.06813186813186811,-0.0483516483516484,,0.01978021978021971,matched_gp_improvement,valid,gp_linear_smooth_exponential_tail,True
f82317627c1355b1ecdf,main,hpo_bayesmark_breast_svm,GIT_BO,2,HPO,-0.05934065934065935,-0.05274725274725278,,0.00659340659340657,matched_gp_improvement,valid,gp_linear_smooth_exponential_tail,True
03697efd12a6ae4941fc,main,hpo_bayesmark_breast_svm,GIT_BO,3,HPO,-0.05714285714285716,-0.05274725274725278,,0.00439560439560438,matched_gp_improvement,valid,gp_linear_smooth_exponential_tail,True
83e23cb291a5ea4286e7,main,hpo_bayesmark_breast_decision_tree,GIT_BO,2,HPO,-0.09230769230769231,-0.08791208791208782,,0.004395604395604491,matched_gp_improvement,valid,gp_linear_smooth_exponential_tail,True
cd8e9efcb0d1322c4a57,main,hpo_bayesmark_breast_decision_tree,GIT_BO,3,HPO,-0.09010989010989001,-0.09010989010989001,,0.27252747252747267,shared_initialization_range,valid,no_gp_gain_initialization_exponential,False
f30109ad818afc25eb22,main,hpo_bayesmark_breast_mlp_sgd,GIT_BO,2,HPO,-0.1428571428571429,-0.07912087912087917,,0.06373626373626373,matched_gp_improvement,valid,gp_linear_smooth_exponential_tail,True
b3976d2c56538faf011b,main,hpo_bayesmark_breast_mlp_sgd,GIT_BO,3,HPO,-0.0923076923076922,-0.07252747252747249,,0.01978021978021971,matched_gp_improvement,valid,gp_linear_smooth_exponential_tail,True
7f4caffa6de0134dc88b,main,hpo_bayesmark_breast_adaboost,GIT_BO,2,HPO,-0.04615384615384621,-0.03076923076923066,,0.015384615384615552,matched_gp_improvement,valid,gp_linear_smooth_exponential_tail,True
fea949732d52e7f24884,main,hpo_bayesmark_breast_adaboost,GIT_BO,3,HPO,-0.05054945054945059,-0.0219780219780219,,0.028571428571428692,matched_gp_improvement,valid,gp_linear_smooth_exponential_tail,True
b993467c3a2c118e9cfe,main,hpo_bayesmark_wine_random_forest,GIT_BO,2,HPO,-0.06995073891625603,-0.02783251231527084,,0.04211822660098519,matched_gp_improvement,valid,gp_linear_smooth_exponential_tail,True
fdfa8cbc3d1d00291d81,main,hpo_bayesmark_wine_random_forest,GIT_BO,3,HPO,-0.06970443349753697,-0.03497536945812807,,0.0347290640394089,matched_gp_improvement,valid,gp_linear_smooth_exponential_tail,True
82b4fc88b6bcddf0da5c,main,hpo_bayesmark_wine_svm,GIT_BO,2,HPO,-0.2110837438423645,-0.16847290640394097,,0.04261083743842353,matched_gp_improvement,valid,gp_linear_smooth_exponential_tail,True
7dc7e5e321e4b6ae448d,main,hpo_bayesmark_wine_svm,GIT_BO,3,HPO,-0.20394088669950727,-0.16157635467980302,,0.04236453201970425,matched_gp_improvement,valid,gp_linear_smooth_exponential_tail,True
6f726e98c3edb1a9db03,main,hpo_bayesmark_wine_decision_tree,GIT_BO,2,HPO,-0.14753694581280785,-0.09852216748768472,,0.04901477832512313,matched_gp_improvement,valid,gp_linear_smooth_exponential_tail,True
4a1aa9095ba8d989dfa3,main,hpo_bayesmark_wine_decision_tree,GIT_BO,3,HPO,-0.3307881773399014,-0.12660098522167496,,0.20418719211822645,matched_gp_improvement,valid,gp_linear_smooth_exponential_tail,True
4f1ab02ae9491726f294,main,hpo_bayesmark_wine_mlp_sgd,GIT_BO,2,HPO,-0.5017241379310344,-0.4014778325123153,,0.10024630541871915,matched_gp_improvement,valid,gp_linear_smooth_exponential_tail,True
5349bb2eaf1f19e66dd9,main,hpo_bayesmark_wine_mlp_sgd,GIT_BO,3,HPO,-0.39433497536945805,-0.3317733990147783,,0.06256157635467974,matched_gp_improvement,valid,gp_linear_smooth_exponential_tail,True
43ecfb6efc002228adc8,main,hpo_bayesmark_wine_adaboost,GIT_BO,2,HPO,-0.04236453201970447,-0.014039408866995062,,0.02832512315270941,matched_gp_improvement,valid,gp_linear_smooth_exponential_tail,True
6fe7a6d651b3a1236a02,main,hpo_bayesmark_wine_adaboost,GIT_BO,3,HPO,-0.0630541871921182,-0.028325123152709297,,0.0347290640394089,matched_gp_improvement,valid,gp_linear_smooth_exponential_tail,True
0897b30af4e01235e49e,main,hpo_bayesmark_iris_random_forest,GIT_BO,2,HPO,-0.050000000000000044,-0.050000000000000044,,0.02499999999999991,shared_initialization_IQR,valid,no_gp_gain_initialization_exponential,False
01272397cedc590db056,main,hpo_bayesmark_iris_random_forest,GIT_BO,3,HPO,-0.050000000000000044,-0.04166666666666663,,0.008333333333333415,matched_gp_improvement,valid,gp_linear_smooth_exponential_tail,True
d090303ec7283aa8d08c,main,hpo_bayesmark_iris_svm,GIT_BO,2,HPO,-0.10833333333333339,-0.033333333333333215,,0.07500000000000018,matched_gp_improvement,valid,gp_linear_smooth_exponential_tail,True
d44ed2082239258e0467,main,hpo_bayesmark_iris_svm,GIT_BO,3,HPO,-0.05833333333333324,-0.04166666666666663,,0.016666666666666607,matched_gp_improvement,valid,gp_linear_smooth_exponential_tail,True
72499d8be8784a72800b,main,hpo_bayesmark_iris_decision_tree,GIT_BO,2,HPO,-0.45833333333333326,-0.21666666666666667,,0.24166666666666659,matched_gp_improvement,valid,gp_linear_smooth_exponential_tail,True
f77cd0d6eb3d883d33fd,main,hpo_bayesmark_iris_decision_tree,GIT_BO,3,HPO,-0.2583333333333333,-0.050000000000000044,,0.20833333333333326,matched_gp_improvement,valid,gp_linear_smooth_exponential_tail,True
42df07e12a5130c09038,main,hpo_bayesmark_iris_mlp_sgd,GIT_BO,2,HPO,-0.33333333333333326,-0.10833333333333317,,0.2250000000000001,matched_gp_improvement,valid,gp_linear_smooth_exponential_tail,True
77dd73b9377dac533a8a,main,hpo_bayesmark_iris_mlp_sgd,GIT_BO,3,HPO,-0.31666666666666665,-0.025000000000000022,,0.29166666666666663,matched_gp_improvement,valid,gp_linear_smooth_exponential_tail,True
9549932b69077b57ee9b,main,hpo_bayesmark_iris_adaboost,GIT_BO,2,HPO,-0.05833333333333335,-0.050000000000000044,,0.008333333333333304,matched_gp_improvement,valid,gp_linear_smooth_exponential_tail,True
edc849a5a6a6798a44d7,main,hpo_bayesmark_iris_adaboost,GIT_BO,3,HPO,-0.05833333333333324,-0.050000000000000044,,0.008333333333333193,matched_gp_improvement,valid,gp_linear_smooth_exponential_tail,True
319e69dd5ef818a9932f,main,hpo_bayesmark_digits_random_forest,GIT_BO,2,HPO,-0.8942242547425474,-0.11066589237320945,,0.783558362369338,matched_gp_improvement,valid,gp_linear_smooth_exponential_tail,True
c5a88b05f7e506a4bc61,main,hpo_bayesmark_digits_random_forest,GIT_BO,3,HPO,-0.4307249322493225,-0.12804394115369733,,0.3026809910956252,matched_gp_improvement,valid,gp_linear_smooth_exponential_tail,True
cf7eb34efbfd215b38df,main,hpo_bayesmark_digits_svm,GIT_BO,2,HPO,-0.006958962446767303,-0.006958962446767303,,0.0034819008904374282,shared_initialization_IQR,valid,no_gp_gain_initialization_exponential,False
8f3aa6b44841f112ed72,main,hpo_bayesmark_digits_svm,GIT_BO,3,HPO,-0.008352690669763851,-0.007655826558265466,,0.0006968641114983853,matched_gp_improvement,valid,gp_linear_smooth_exponential_tail,True
98dc51367a4f113b6029,main,hpo_bayesmark_digits_decision_tree,GIT_BO,2,HPO,-0.8928329461866047,-0.19278697251258214,,0.7000459736740225,matched_gp_improvement,valid,gp_linear_smooth_exponential_tail,True
ff02e043e162a46f16d4,main,hpo_bayesmark_digits_decision_tree,GIT_BO,3,HPO,-0.7418118466898954,-0.37650745257452567,,0.36530439411536975,matched_gp_improvement,valid,gp_linear_smooth_exponential_tail,True
bbe39ea048ea36725fbf,main,hpo_bayesmark_digits_mlp_sgd,GIT_BO,2,HPO,-0.1252685830429734,-0.03340834301200157,,0.09186024003097182,matched_gp_improvement,valid,gp_linear_smooth_exponential_tail,True
b4c4d69d862510a8c57b,main,hpo_bayesmark_digits_mlp_sgd,GIT_BO,3,HPO,-0.08069589624467677,-0.03201219512195119,,0.048683701122725576,matched_gp_improvement,valid,gp_linear_smooth_exponential_tail,True
d10ab1beb1d53bc18269,main,hpo_bayesmark_digits_adaboost,GIT_BO,2,HPO,-0.46485191637630663,-0.15098964382500968,,0.31386227255129695,matched_gp_improvement,valid,gp_linear_smooth_exponential_tail,True
85c95f0f5c91100f4ade,main,hpo_bayesmark_digits_adaboost,GIT_BO,3,HPO,-0.6026906697638404,-0.16770228416569888,,0.43498838559814157,matched_gp_improvement,valid,gp_linear_smooth_exponential_tail,True
bbb575a9d94d7b1e1281,main,hpo_bayesmark_diabetes_random_forest,GIT_BO,2,HPO,-0.844515286074131,-0.5160756173673826,,0.32843966870674834,matched_gp_improvement,valid,gp_linear_smooth_exponential_tail,True
64b4c9889af194437bca,main,hpo_bayesmark_diabetes_random_forest,GIT_BO,3,HPO,-0.7484068766924775,-0.5346021754109569,,0.21380470128152063,matched_gp_improvement,valid,gp_linear_smooth_exponential_tail,True
d71d1e2bd8b1fa9c61a7,main,hpo_bayesmark_diabetes_svm,GIT_BO,2,HPO,-1.017904518038888,-0.5019872009903446,,0.5159173170485434,matched_gp_improvement,valid,gp_linear_smooth_exponential_tail,True
21cee17ff7443f4a8081,main,hpo_bayesmark_diabetes_svm,GIT_BO,3,HPO,-0.9547488814315551,-0.5019872009903446,,0.45276168044121057,matched_gp_improvement,valid,gp_linear_smooth_exponential_tail,True
d83848d243900b31c697,main,hpo_bayesmark_diabetes_decision_tree,GIT_BO,2,HPO,-0.8129659455539547,-0.8129659455539547,,0.19021280239677096,shared_initialization_IQR,valid,no_gp_gain_initialization_exponential,False
54b2dbb91a202ead5f7a,main,hpo_bayesmark_diabetes_decision_tree,GIT_BO,3,HPO,-0.8129659455539547,-0.7114263652987723,,0.1015395802551824,matched_gp_improvement,valid,gp_linear_smooth_exponential_tail,True
f94f3a65a51a3d7d5a0d,main,hpo_bayesmark_diabetes_mlp_sgd,GIT_BO,2,HPO,-0.9893786668629405,-0.9682322484108813,,0.021146418452059224,matched_gp_improvement,valid,gp_linear_smooth_exponential_tail,True
aef6125edd81cff76ade,main,hpo_bayesmark_diabetes_mlp_sgd,GIT_BO,3,HPO,-0.9751121455565961,-0.483275261775247,,0.4918368837813491,matched_gp_improvement,valid,gp_linear_smooth_exponential_tail,True
c4ae8df52aab49fc615d,main,hpo_bayesmark_diabetes_adaboost,GIT_BO,2,HPO,-0.5082536203106135,-0.49890909768396813,,0.009344522626645368,matched_gp_improvement,valid,gp_linear_smooth_exponential_tail,True
054e2f917599554b9b48,main,hpo_bayesmark_diabetes_adaboost,GIT_BO,3,HPO,-0.5045082066902749,-0.5045082066902749,,0.00978044030718117,shared_initialization_IQR,valid,no_gp_gain_initialization_exponential,False
3154fa973fe9efc1cbf7,main,knob_http_surrogate_job_5,GIT_BO,2,DBTune,-109.2531616287499,-75.2707985839513,,33.98236304479859,matched_gp_improvement,valid,gp_linear_smooth_exponential_tail,True
09f813279171d6723dac,main,knob_http_surrogate_job_5,GIT_BO,3,DBTune,-159.6151372590015,-71.44094065318792,,88.17419660581358,matched_gp_improvement,valid,gp_linear_smooth_exponential_tail,True
be09e30a0b375cf7c130,main,knob_http_surrogate_job_all,GIT_BO,2,DBTune,-48.76575275885908,-46.10169142913141,,2.664061329727673,matched_gp_improvement,valid,gp_linear_smooth_exponential_tail,True
aa48505c4cb73dd806c8,main,knob_http_surrogate_job_all,GIT_BO,3,DBTune,-48.800245788269216,-45.759231954400036,,3.0410138338691795,matched_gp_improvement,valid,gp_linear_smooth_exponential_tail,True
ce7d24f05e29292c9939,main,knob_http_surrogate_sysbench_5,GIT_BO,2,DBTune,362.6538589226556,387.7246659281452,,25.0708070054896,matched_gp_improvement,valid,gp_linear_smooth_exponential_tail,True
aa080d968ae7d85cef32,main,knob_http_surrogate_sysbench_5,GIT_BO,3,DBTune,352.4350924987192,379.5077323653612,,27.07263986664202,matched_gp_improvement,valid,gp_linear_smooth_exponential_tail,True
607b23bdeab908565e6a,main,knob_http_surrogate_sysbench_all,GIT_BO,2,DBTune,369.35860051564794,540.8678740621101,,171.50927354646217,matched_gp_improvement,valid,gp_linear_smooth_exponential_tail,True
71bf5c9de299192d9358,main,knob_http_surrogate_sysbench_all,GIT_BO,3,DBTune,311.04077216508944,494.6011351918425,,183.56036302675307,matched_gp_improvement,valid,gp_linear_smooth_exponential_tail,True
160f3d99463be6e26245,main,knob_http_surrogate_pg_5,GIT_BO,2,DBTune,-30.85887350000002,-29.531217375000004,,1.327656125000015,matched_gp_improvement,valid,gp_linear_smooth_exponential_tail,True
572bac774f846209af56,main,knob_http_surrogate_pg_5,GIT_BO,3,DBTune,-36.85804599999999,-29.4979465,,7.360099499999986,matched_gp_improvement,valid,gp_linear_smooth_exponential_tail,True
8b8ef06ed7d139b56e22,main,knob_http_surrogate_pg_20,GIT_BO,2,DBTune,-16.90282300000001,-14.743588499999996,,2.1592345000000126,matched_gp_improvement,valid,gp_linear_smooth_exponential_tail,True
cbc242126d11ba43e0d1,main,knob_http_surrogate_pg_20,GIT_BO,3,DBTune,-21.461346999999996,-15.497292500000006,,5.964054499999991,matched_gp_improvement,valid,gp_linear_smooth_exponential_tail,True
e13ff80483101da6ab16,main,bbob_f01_d10,RANDOM,2,BBOB,171.52219557758514,247.06380492955597,247.11,,,valid,bounded_gp_piecewise,True
f093688f63e473970e97,main,bboplace_adaptec1_n32,RANDOM,2,BBOPlace,-1777291.375,-678480.1071428572,,1098811.2678571427,matched_gp_improvement,valid,gp_linear_smooth_exponential_tail,True
ac5756ea4b08d97cda9f,main,bbob_f01_d10,SOBOL,2,BBOB,171.52219557758514,247.06380492955597,247.11,,,valid,bounded_gp_piecewise,True
e87c6a813787d7db9ba5,main,bboplace_adaptec1_n32,SOBOL,2,BBOPlace,-1777291.375,-678480.1071428572,,1098811.2678571427,matched_gp_improvement,valid,gp_linear_smooth_exponential_tail,True
acc293c4261bd57f6d86,main,bbob_f01_d10,TPE,2,BBOB,171.52219557758514,247.06380492955597,247.11,,,valid,bounded_gp_piecewise,True
60764e2463f7966c1004,main,bboplace_adaptec1_n32,TPE,2,BBOPlace,-1777291.375,-678480.1071428572,,1098811.2678571427,matched_gp_improvement,valid,gp_linear_smooth_exponential_tail,True
314cbea5c81d030717bb,main,bbob_f01_d10,CMA_ES,2,BBOB,171.52219557758514,247.06380492955597,247.11,,,valid,bounded_gp_piecewise,True
d7844b325d7ec386ec81,main,bboplace_adaptec1_n32,CMA_ES,2,BBOPlace,-1777291.375,-678480.1071428572,,1098811.2678571427,matched_gp_improvement,valid,gp_linear_smooth_exponential_tail,True
e237ccb17addca1554ff,main,bbob_f01_d10,GP,2,BBOB,171.52219557758514,247.06380492955597,247.11,,,valid,bounded_gp_piecewise,True
493d87f8f8ad402c68cc,main,bboplace_adaptec1_n32,GP,2,BBOPlace,-1777291.375,-678480.1071428572,,1098811.2678571427,matched_gp_improvement,valid,gp_linear_smooth_exponential_tail,True
276da0decb9fbf90596c,main,bbob_f01_d10,TURBO,2,BBOB,171.52219557758514,247.06380492955597,247.11,,,valid,bounded_gp_piecewise,True
c0f8ad42c8a0dd2757f9,main,bboplace_adaptec1_n32,TURBO,2,BBOPlace,-1777291.375,-678480.1071428572,,1098811.2678571427,matched_gp_improvement,valid,gp_linear_smooth_exponential_tail,True
cc6cc252e7c5b76c6ddd,main,bbob_f01_d10,GIT_BO,2,BBOB,171.52219557758514,247.06380492955597,247.11,,,valid,bounded_gp_piecewise,True
7e2ae1a3142b03391c85,main,bboplace_adaptec1_n32,GIT_BO,2,BBOPlace,-1777291.375,-678480.1071428572,,1098811.2678571427,matched_gp_improvement,valid,gp_linear_smooth_exponential_tail,True
f3d6933ac81f980558f7,main,bbob_f01_d10,RANDOM,3,BBOB,-113.57020579592063,-79.52091058737267,-79.48,,,valid,bounded_gp_piecewise,True
3f1ce7e3166e92343680,main,bboplace_adaptec1_n32,RANDOM,3,BBOPlace,-1728078.125000003,-687881.5357142867,,1040196.5892857163,matched_gp_improvement,valid,gp_linear_smooth_exponential_tail,True
932b24aea3b779bf3096,main,bbob_f01_d10,SOBOL,3,BBOB,-113.57020579592063,-79.52091058737267,-79.48,,,valid,bounded_gp_piecewise,True
f9e1efc6d522e1e4bff3,main,bboplace_adaptec1_n32,SOBOL,3,BBOPlace,-1728078.125000003,-687881.5357142867,,1040196.5892857163,matched_gp_improvement,valid,gp_linear_smooth_exponential_tail,True
84739f4196c604d18891,main,bbob_f01_d10,TPE,3,BBOB,-113.57020579592063,-79.52091058737267,-79.48,,,valid,bounded_gp_piecewise,True
ac33f6e1b1a7d6b00598,main,bboplace_adaptec1_n32,TPE,3,BBOPlace,-1728078.125000003,-687881.5357142867,,1040196.5892857163,matched_gp_improvement,valid,gp_linear_smooth_exponential_tail,True
2578d02432bd7b611564,main,bbob_f01_d10,CMA_ES,3,BBOB,-113.57020579592063,-79.52091058737267,-79.48,,,valid,bounded_gp_piecewise,True
b49301d5dcb03360d913,main,bboplace_adaptec1_n32,CMA_ES,3,BBOPlace,-1728078.125000003,-687881.5357142867,,1040196.5892857163,matched_gp_improvement,valid,gp_linear_smooth_exponential_tail,True
bf68b89eb81570524f64,main,bbob_f01_d10,GP,3,BBOB,-113.57020579592063,-79.52091058737267,-79.48,,,valid,bounded_gp_piecewise,True
8d5b2fb60e091672f8e0,main,bboplace_adaptec1_n32,GP,3,BBOPlace,-1728078.125000003,-687881.5357142867,,1040196.5892857163,matched_gp_improvement,valid,gp_linear_smooth_exponential_tail,True
0244c8ec353a262e3351,main,bbob_f01_d10,TURBO,3,BBOB,-113.57020579592063,-79.52091058737267,-79.48,,,valid,bounded_gp_piecewise,True
d4ff1dae5f7bba21f881,main,bboplace_adaptec1_n32,TURBO,3,BBOPlace,-1728078.125000003,-687881.5357142867,,1040196.5892857163,matched_gp_improvement,valid,gp_linear_smooth_exponential_tail,True
e8e9ea62eac7e8dc0395,main,bbob_f01_d10,GIT_BO,3,BBOB,-113.57020579592063,-79.52091058737267,-79.48,,,valid,bounded_gp_piecewise,True
d69b22816b5cae84a152,main,bboplace_adaptec1_n32,GIT_BO,3,BBOPlace,-1728078.125000003,-687881.5357142867,,1040196.5892857163,matched_gp_improvement,valid,gp_linear_smooth_exponential_tail,True
8473b99a58502b6b4a5a,main,bbob_f02_d10,RANDOM,2,BBOB,-1912593.479422281,-45728.41663644735,87.89,,,valid,bounded_gp_piecewise,True
15b2e5667288b097c5b2,main,bboplace_adaptec3_n32,RANDOM,2,BBOPlace,-3479432.919642832,-1151519.6339285695,,2327913.2857142626,matched_gp_improvement,valid,gp_linear_smooth_exponential_tail,True
ee1f512393983eaf5a94,main,bbob_f02_d10,SOBOL,2,BBOB,-1912593.479422281,-45728.41663644735,87.89,,,valid,bounded_gp_piecewise,True
20108280c9fcff9334ee,main,bboplace_adaptec3_n32,SOBOL,2,BBOPlace,-3479432.919642832,-1151519.6339285695,,2327913.2857142626,matched_gp_improvement,valid,gp_linear_smooth_exponential_tail,True
845411a08a20fb003e4e,main,bbob_f02_d10,TPE,2,BBOB,-1912593.479422281,-45728.41663644735,87.89,,,valid,bounded_gp_piecewise,True
0f480c28cca8777a083c,main,bboplace_adaptec3_n32,TPE,2,BBOPlace,-3479432.919642832,-1151519.6339285695,,2327913.2857142626,matched_gp_improvement,valid,gp_linear_smooth_exponential_tail,True
22923ef2ab35e1fea44a,main,bbob_f02_d10,CMA_ES,2,BBOB,-1912593.479422281,-45728.41663644735,87.89,,,valid,bounded_gp_piecewise,True
42a2e63522b0918af502,main,bboplace_adaptec3_n32,CMA_ES,2,BBOPlace,-3479432.919642832,-1151519.6339285695,,2327913.2857142626,matched_gp_improvement,valid,gp_linear_smooth_exponential_tail,True
e553f6eeef51dc54836c,main,bbob_f02_d10,GP,2,BBOB,-1912593.479422281,-45728.41663644735,87.89,,,valid,bounded_gp_piecewise,True
d64646af917c9b3012c1,main,bboplace_adaptec3_n32,GP,2,BBOPlace,-3479432.919642832,-1151519.6339285695,,2327913.2857142626,matched_gp_improvement,valid,gp_linear_smooth_exponential_tail,True
0657d105901dae789a9a,main,bbob_f02_d10,TURBO,2,BBOB,-1912593.479422281,-45728.41663644735,87.89,,,valid,bounded_gp_piecewise,True
ea15f60232f6b4b14ab5,main,bboplace_adaptec3_n32,TURBO,2,BBOPlace,-3479432.919642832,-1151519.6339285695,,2327913.2857142626,matched_gp_improvement,valid,gp_linear_smooth_exponential_tail,True
9efdaf452d457f8a89aa,main,bbob_f02_d10,GIT_BO,2,BBOB,-1912593.479422281,-45728.41663644735,87.89,,,valid,bounded_gp_piecewise,True
cfefee0536eb4ca7367d,main,bboplace_adaptec3_n32,GIT_BO,2,BBOPlace,-3479432.919642832,-1151519.6339285695,,2327913.2857142626,matched_gp_improvement,valid,gp_linear_smooth_exponential_tail,True
4ebc3a1b98f3c5e9ac01,main,bbob_f02_d10,RANDOM,3,BBOB,-1980297.3222938296,-18933.32653194777,209.88,,,valid,bounded_gp_piecewise,True
d00cc0292787c62c0bf4,main,bboplace_adaptec3_n32,RANDOM,3,BBOPlace,-3521692.205357129,-1135945.1964285728,,2385747.0089285565,matched_gp_improvement,valid,gp_linear_smooth_exponential_tail,True
3bdd6f9a258c2f233824,main,bbob_f02_d10,SOBOL,3,BBOB,-1980297.3222938296,-18933.32653194777,209.88,,,valid,bounded_gp_piecewise,True
a07390b10cc48bb24e9f,main,bboplace_adaptec3_n32,SOBOL,3,BBOPlace,-3521692.205357129,-1135945.1964285728,,2385747.0089285565,matched_gp_improvement,valid,gp_linear_smooth_exponential_tail,True
f08c1f79db0812ccf3b7,main,bbob_f02_d10,TPE,3,BBOB,-1980297.3222938296,-18933.32653194777,209.88,,,valid,bounded_gp_piecewise,True
a893c8dae7ab4885ac0e,main,bboplace_adaptec3_n32,TPE,3,BBOPlace,-3521692.205357129,-1135945.1964285728,,2385747.0089285565,matched_gp_improvement,valid,gp_linear_smooth_exponential_tail,True
020adc056ce4a89f0fe1,main,bbob_f02_d10,CMA_ES,3,BBOB,-1980297.3222938296,-18933.32653194777,209.88,,,valid,bounded_gp_piecewise,True
a93cbdc099e87e42297d,main,bboplace_adaptec3_n32,CMA_ES,3,BBOPlace,-3521692.205357129,-1135945.1964285728,,2385747.0089285565,matched_gp_improvement,valid,gp_linear_smooth_exponential_tail,True
cbe61010c2ce48ce6b45,main,bbob_f02_d10,GP,3,BBOB,-1980297.3222938296,-18933.32653194777,209.88,,,valid,bounded_gp_piecewise,True
4351b7864fc0ab347836,main,bboplace_adaptec3_n32,GP,3,BBOPlace,-3521692.205357129,-1135945.1964285728,,2385747.0089285565,matched_gp_improvement,valid,gp_linear_smooth_exponential_tail,True
156e9e2cfc2a13e48bf9,main,bbob_f02_d10,TURBO,3,BBOB,-1980297.3222938296,-18933.32653194777,209.88,,,valid,bounded_gp_piecewise,True
1c21f20704b7e40f4cf1,main,bboplace_adaptec3_n32,TURBO,3,BBOPlace,-3521692.205357129,-1135945.1964285728,,2385747.0089285565,matched_gp_improvement,valid,gp_linear_smooth_exponential_tail,True
34d28638217f4f3696a4,main,bbob_f02_d10,GIT_BO,3,BBOB,-1980297.3222938296,-18933.32653194777,209.88,,,valid,bounded_gp_piecewise,True
e6a381e15d51efda9a7e,main,bboplace_adaptec3_n32,GIT_BO,3,BBOPlace,-3521692.205357129,-1135945.1964285728,,2385747.0089285565,matched_gp_improvement,valid,gp_linear_smooth_exponential_tail,True
8ff5c5bd403edec9a183,main,bbob_f03_d10,RANDOM,2,BBOB,-381.88827751427846,-216.85378179171147,-115.68,,,valid,bounded_gp_piecewise,True
9a8cffcee15ea2ab096f,main,bboplace_adaptec4_n32,RANDOM,2,BBOPlace,-1202807.8571428559,-303090.58928571455,,899717.2678571413,matched_gp_improvement,valid,gp_linear_smooth_exponential_tail,True
4d4ce2d5400f88f73c34,main,bbob_f03_d10,SOBOL,2,BBOB,-381.88827751427846,-216.85378179171147,-115.68,,,valid,bounded_gp_piecewise,True
17e55a02b867e09817bb,main,bboplace_adaptec4_n32,SOBOL,2,BBOPlace,-1202807.8571428559,-303090.58928571455,,899717.2678571413,matched_gp_improvement,valid,gp_linear_smooth_exponential_tail,True
ceae24b7ac17214bfa97,main,bbob_f03_d10,TPE,2,BBOB,-381.88827751427846,-216.85378179171147,-115.68,,,valid,bounded_gp_piecewise,True
a0a2ee45b917b768e9dc,main,bboplace_adaptec4_n32,TPE,2,BBOPlace,-1202807.8571428559,-303090.58928571455,,899717.2678571413,matched_gp_improvement,valid,gp_linear_smooth_exponential_tail,True
6fff668ef2820750e78f,main,bbob_f03_d10,CMA_ES,2,BBOB,-381.88827751427846,-216.85378179171147,-115.68,,,valid,bounded_gp_piecewise,True
0d9b576fef7a5cfba859,main,bboplace_adaptec4_n32,CMA_ES,2,BBOPlace,-1202807.8571428559,-303090.58928571455,,899717.2678571413,matched_gp_improvement,valid,gp_linear_smooth_exponential_tail,True
268de9e0c70de34249aa,main,bbob_f03_d10,GP,2,BBOB,-381.88827751427846,-216.85378179171147,-115.68,,,valid,bounded_gp_piecewise,True
074c683495150d94a65a,main,bboplace_adaptec4_n32,GP,2,BBOPlace,-1202807.8571428559,-303090.58928571455,,899717.2678571413,matched_gp_improvement,valid,gp_linear_smooth_exponential_tail,True
99b1f9bf8355514e5ce3,main,bbob_f03_d10,TURBO,2,BBOB,-381.88827751427846,-216.85378179171147,-115.68,,,valid,bounded_gp_piecewise,True
7a0c40b43b35cc080865,main,bboplace_adaptec4_n32,TURBO,2,BBOPlace,-1202807.8571428559,-303090.58928571455,,899717.2678571413,matched_gp_improvement,valid,gp_linear_smooth_exponential_tail,True
d45f7edf6be84becc4ba,main,bbob_f03_d10,GIT_BO,2,BBOB,-381.88827751427846,-216.85378179171147,-115.68,,,valid,bounded_gp_piecewise,True
3068a8e929a1c59d20d4,main,bboplace_adaptec4_n32,GIT_BO,2,BBOPlace,-1202807.8571428559,-303090.58928571455,,899717.2678571413,matched_gp_improvement,valid,gp_linear_smooth_exponential_tail,True
b446022a4c26fbe7aedf,main,bbob_f03_d10,RANDOM,3,BBOB,237.13658327407416,406.0486630851106,462.09,,,valid,bounded_gp_piecewise,True
67ff0e46073169b647e1,main,bboplace_adaptec4_n32,RANDOM,3,BBOPlace,-1114692.2232142864,-321869.3214285717,,792822.9017857147,matched_gp_improvement,valid,gp_linear_smooth_exponential_tail,True
8db976876ec3f86fdf84,main,bbob_f03_d10,SOBOL,3,BBOB,237.13658327407416,406.0486630851106,462.09,,,valid,bounded_gp_piecewise,True
a7e6fe918a84c8e2ba2f,main,bboplace_adaptec4_n32,SOBOL,3,BBOPlace,-1114692.2232142864,-321869.3214285717,,792822.9017857147,matched_gp_improvement,valid,gp_linear_smooth_exponential_tail,True
652098c439eedaacaacc,main,bbob_f03_d10,TPE,3,BBOB,237.13658327407416,406.0486630851106,462.09,,,valid,bounded_gp_piecewise,True
f1fe1ec95d69bd9234be,main,bboplace_adaptec4_n32,TPE,3,BBOPlace,-1114692.2232142864,-321869.3214285717,,792822.9017857147,matched_gp_improvement,valid,gp_linear_smooth_exponential_tail,True
3cb9f4ae8c31b1f6e6f5,main,bbob_f03_d10,CMA_ES,3,BBOB,237.13658327407416,406.0486630851106,462.09,,,valid,bounded_gp_piecewise,True
5ffc2e832a806b0c6513,main,bboplace_adaptec4_n32,CMA_ES,3,BBOPlace,-1114692.2232142864,-321869.3214285717,,792822.9017857147,matched_gp_improvement,valid,gp_linear_smooth_exponential_tail,True
0ddc72b885535f78f3fc,main,bbob_f03_d10,GP,3,BBOB,237.13658327407416,406.0486630851106,462.09,,,valid,bounded_gp_piecewise,True
181614aaf6d47a119b7c,main,bboplace_adaptec4_n32,GP,3,BBOPlace,-1114692.2232142864,-321869.3214285717,,792822.9017857147,matched_gp_improvement,valid,gp_linear_smooth_exponential_tail,True
4190aeab4ad7545afce2,main,bbob_f03_d10,TURBO,3,BBOB,237.13658327407416,406.0486630851106,462.09,,,valid,bounded_gp_piecewise,True
97dba6d24cd1eeb8eac7,main,bboplace_adaptec4_n32,TURBO,3,BBOPlace,-1114692.2232142864,-321869.3214285717,,792822.9017857147,matched_gp_improvement,valid,gp_linear_smooth_exponential_tail,True
94c1b79b6dac398e6a1b,main,bbob_f03_d10,GIT_BO,3,BBOB,237.13658327407416,406.0486630851106,462.09,,,valid,bounded_gp_piecewise,True
5ddee670780d585161d7,main,bboplace_adaptec4_n32,GIT_BO,3,BBOPlace,-1114692.2232142864,-321869.3214285717,,792822.9017857147,matched_gp_improvement,valid,gp_linear_smooth_exponential_tail,True
d42d3188aacdf2498ee3,main,bbob_f04_d10,RANDOM,2,BBOB,-585.256661609699,-299.6300695931389,-115.68,,,valid,bounded_gp_piecewise,True
a49094950d58ba5526fe,main,bboplace_bigblue1_n32,RANDOM,2,BBOPlace,-1000212.4464285712,-377496.9464285746,,622715.4999999966,matched_gp_improvement,valid,gp_linear_smooth_exponential_tail,True
c386e6deaf0a2b26d2d7,main,bbob_f04_d10,SOBOL,2,BBOB,-585.256661609699,-299.6300695931389,-115.68,,,valid,bounded_gp_piecewise,True
030181605d3d43ee4c3d,main,bboplace_bigblue1_n32,SOBOL,2,BBOPlace,-1000212.4464285712,-377496.9464285746,,622715.4999999966,matched_gp_improvement,valid,gp_linear_smooth_exponential_tail,True
5de85e6246fb20e1cf97,main,bbob_f04_d10,TPE,2,BBOB,-585.256661609699,-299.6300695931389,-115.68,,,valid,bounded_gp_piecewise,True
839a0897e5050211003c,main,bboplace_bigblue1_n32,TPE,2,BBOPlace,-1000212.4464285712,-377496.9464285746,,622715.4999999966,matched_gp_improvement,valid,gp_linear_smooth_exponential_tail,True
9dd97186afbbac64f688,main,bbob_f04_d10,CMA_ES,2,BBOB,-585.256661609699,-299.6300695931389,-115.68,,,valid,bounded_gp_piecewise,True
a70bd49851661082b3f8,main,bboplace_bigblue1_n32,CMA_ES,2,BBOPlace,-1000212.4464285712,-377496.9464285746,,622715.4999999966,matched_gp_improvement,valid,gp_linear_smooth_exponential_tail,True
fd4af6fb7fbcc220ed5f,main,bbob_f04_d10,GP,2,BBOB,-585.256661609699,-299.6300695931389,-115.68,,,valid,bounded_gp_piecewise,True
76ff088d09f8b63458f5,main,bboplace_bigblue1_n32,GP,2,BBOPlace,-1000212.4464285712,-377496.9464285746,,622715.4999999966,matched_gp_improvement,valid,gp_linear_smooth_exponential_tail,True
4f2687eb1e4a317b89c0,main,bbob_f04_d10,TURBO,2,BBOB,-585.256661609699,-299.6300695931389,-115.68,,,valid,bounded_gp_piecewise,True
1aabd8bf817e87c898b0,main,bboplace_bigblue1_n32,TURBO,2,BBOPlace,-1000212.4464285712,-377496.9464285746,,622715.4999999966,matched_gp_improvement,valid,gp_linear_smooth_exponential_tail,True
0c5cb700e2d6a50b8433,main,bbob_f04_d10,GIT_BO,2,BBOB,-585.256661609699,-299.6300695931389,-115.68,,,valid,bounded_gp_piecewise,True
f3a3adfa39cb9eb81980,main,bboplace_bigblue1_n32,GIT_BO,2,BBOPlace,-1000212.4464285712,-377496.9464285746,,622715.4999999966,matched_gp_improvement,valid,gp_linear_smooth_exponential_tail,True
85bd6206042a71155c78,main,bbob_f04_d10,RANDOM,3,BBOB,141.26814365119952,201.67077442987028,462.09,,,valid,bounded_gp_piecewise,True
3db47c18b6ef46a205be,main,bboplace_bigblue1_n32,RANDOM,3,BBOPlace,-1275679.249999991,-308081.3035714299,,967597.946428561,matched_gp_improvement,valid,gp_linear_smooth_exponential_tail,True
bfff35992f4be39e81eb,main,bbob_f04_d10,SOBOL,3,BBOB,141.26814365119952,201.67077442987028,462.09,,,valid,bounded_gp_piecewise,True
13240fbd875fc32c345e,main,bboplace_bigblue1_n32,SOBOL,3,BBOPlace,-1275679.249999991,-308081.3035714299,,967597.946428561,matched_gp_improvement,valid,gp_linear_smooth_exponential_tail,True
ed91eef3635f9dfb6dac,main,bbob_f04_d10,TPE,3,BBOB,141.26814365119952,201.67077442987028,462.09,,,valid,bounded_gp_piecewise,True
8e4c144f66a8a81d0a83,main,bboplace_bigblue1_n32,TPE,3,BBOPlace,-1275679.249999991,-308081.3035714299,,967597.946428561,matched_gp_improvement,valid,gp_linear_smooth_exponential_tail,True
25674d3cc8461c806234,main,bbob_f04_d10,CMA_ES,3,BBOB,141.26814365119952,201.67077442987028,462.09,,,valid,bounded_gp_piecewise,True
850fc46d8bb9ae0ad3a1,main,bboplace_bigblue1_n32,CMA_ES,3,BBOPlace,-1275679.249999991,-308081.3035714299,,967597.946428561,matched_gp_improvement,valid,gp_linear_smooth_exponential_tail,True
39a3812b34c41a4f5586,main,bbob_f04_d10,GP,3,BBOB,141.26814365119952,201.67077442987028,462.09,,,valid,bounded_gp_piecewise,True
38ba3322fcf3a83191ce,main,bboplace_bigblue1_n32,GP,3,BBOPlace,-1275679.249999991,-308081.3035714299,,967597.946428561,matched_gp_improvement,valid,gp_linear_smooth_exponential_tail,True
266959220d223389bed2,main,bbob_f04_d10,TURBO,3,BBOB,141.26814365119952,201.67077442987028,462.09,,,valid,bounded_gp_piecewise,True
7da48a5b2369fd22a809,main,bboplace_bigblue1_n32,TURBO,3,BBOPlace,-1275679.249999991,-308081.3035714299,,967597.946428561,matched_gp_improvement,valid,gp_linear_smooth_exponential_tail,True
e4245231335c7c9a84d2,main,bbob_f04_d10,GIT_BO,3,BBOB,141.26814365119952,201.67077442987028,462.09,,,valid,bounded_gp_piecewise,True
14448b558008dd9224fc,main,bboplace_bigblue1_n32,GIT_BO,3,BBOPlace,-1275679.249999991,-308081.3035714299,,967597.946428561,matched_gp_improvement,valid,gp_linear_smooth_exponential_tail,True
033da005d7ba0c7c5d5e,main,bbob_f05_d10,RANDOM,2,BBOB,-196.92309026202258,-66.71,-66.71,,,valid,linear_gp_at_upper,False
26bb5a96f63ab62f048a,main,bboplace_bigblue2_n32,RANDOM,2,BBOPlace,-594702.7678571427,-159445.07142857148,,435257.69642857125,matched_gp_improvement,valid,gp_linear_smooth_exponential_tail,True
63d83c99dbddb4330a2f,main,bbob_f05_d10,SOBOL,2,BBOB,-196.92309026202258,-66.71,-66.71,,,valid,linear_gp_at_upper,False
6412c0a2aba2a56d5085,main,bboplace_bigblue2_n32,SOBOL,2,BBOPlace,-594702.7678571427,-159445.07142857148,,435257.69642857125,matched_gp_improvement,valid,gp_linear_smooth_exponential_tail,True
d8a4eba2accec11f319d,main,bbob_f05_d10,TPE,2,BBOB,-196.92309026202258,-66.71,-66.71,,,valid,linear_gp_at_upper,False
bab63c762f735dfbe0b0,main,bboplace_bigblue2_n32,TPE,2,BBOPlace,-594702.7678571427,-159445.07142857148,,435257.69642857125,matched_gp_improvement,valid,gp_linear_smooth_exponential_tail,True
763c4b016388e9aa6d79,main,bbob_f05_d10,CMA_ES,2,BBOB,-196.92309026202258,-66.71,-66.71,,,valid,linear_gp_at_upper,False
d409cdb466836833dd6a,main,bboplace_bigblue2_n32,CMA_ES,2,BBOPlace,-594702.7678571427,-159445.07142857148,,435257.69642857125,matched_gp_improvement,valid,gp_linear_smooth_exponential_tail,True
36c7c44d2e8e426d9c2e,main,bbob_f05_d10,GP,2,BBOB,-196.92309026202258,-66.71,-66.71,,,valid,linear_gp_at_upper,False
360b9ab21e29bc146354,main,bboplace_bigblue2_n32,GP,2,BBOPlace,-594702.7678571427,-159445.07142857148,,435257.69642857125,matched_gp_improvement,valid,gp_linear_smooth_exponential_tail,True
be102e21cca6a178405f,main,bbob_f05_d10,TURBO,2,BBOB,-196.92309026202258,-66.71,-66.71,,,valid,linear_gp_at_upper,False
685e7ea8077eaf4431cf,main,bboplace_bigblue2_n32,TURBO,2,BBOPlace,-594702.7678571427,-159445.07142857148,,435257.69642857125,matched_gp_improvement,valid,gp_linear_smooth_exponential_tail,True
dffe5ed819e785c7d435,main,bbob_f05_d10,GIT_BO,2,BBOB,-196.92309026202258,-66.71,-66.71,,,valid,linear_gp_at_upper,False
1eca8f22d2cd95064f3b,main,bboplace_bigblue2_n32,GIT_BO,2,BBOPlace,-594702.7678571427,-159445.07142857148,,435257.69642857125,matched_gp_improvement,valid,gp_linear_smooth_exponential_tail,True
8487be5374065d777ed8,main,bbob_f05_d10,RANDOM,3,BBOB,-137.0025123708135,9.21,9.21,,,valid,linear_gp_at_upper,False
dd8bc4a8c5779a503f9d,main,bboplace_bigblue2_n32,RANDOM,3,BBOPlace,-605662.4196428574,-85590.05357142861,,520072.36607142875,matched_gp_improvement,valid,gp_linear_smooth_exponential_tail,True
3060282f8b8937a7a9df,main,bbob_f05_d10,SOBOL,3,BBOB,-137.0025123708135,9.21,9.21,,,valid,linear_gp_at_upper,False
c2880a7800fcd4ef0cdf,main,bboplace_bigblue2_n32,SOBOL,3,BBOPlace,-605662.4196428574,-85590.05357142861,,520072.36607142875,matched_gp_improvement,valid,gp_linear_smooth_exponential_tail,True
c945f53de8ce4cce972e,main,bbob_f05_d10,TPE,3,BBOB,-137.0025123708135,9.21,9.21,,,valid,linear_gp_at_upper,False
50ebcae4d50bc5389e1f,main,bboplace_bigblue2_n32,TPE,3,BBOPlace,-605662.4196428574,-85590.05357142861,,520072.36607142875,matched_gp_improvement,valid,gp_linear_smooth_exponential_tail,True
8ab424972a1c14d820fe,main,bbob_f05_d10,CMA_ES,3,BBOB,-137.0025123708135,9.21,9.21,,,valid,linear_gp_at_upper,False
62a43343bf3383af8b8b,main,bboplace_bigblue2_n32,CMA_ES,3,BBOPlace,-605662.4196428574,-85590.05357142861,,520072.36607142875,matched_gp_improvement,valid,gp_linear_smooth_exponential_tail,True
c275022104378196c502,main,bbob_f05_d10,GP,3,BBOB,-137.0025123708135,9.21,9.21,,,valid,linear_gp_at_upper,False
69f73bd24886f9a4fd79,main,bboplace_bigblue2_n32,GP,3,BBOPlace,-605662.4196428574,-85590.05357142861,,520072.36607142875,matched_gp_improvement,valid,gp_linear_smooth_exponential_tail,True
8cb9e9324a7ab8cae2c2,main,bbob_f05_d10,TURBO,3,BBOB,-137.0025123708135,9.21,9.21,,,valid,linear_gp_at_upper,False
a226e96c3ddbd0899d82,main,bboplace_bigblue2_n32,TURBO,3,BBOPlace,-605662.4196428574,-85590.05357142861,,520072.36607142875,matched_gp_improvement,valid,gp_linear_smooth_exponential_tail,True
9d19676b1ca5209a1799,main,bbob_f05_d10,GIT_BO,3,BBOB,-137.0025123708135,9.21,9.21,,,valid,linear_gp_at_upper,False
44510a2af3f375bedfc8,main,bboplace_bigblue2_n32,GIT_BO,3,BBOPlace,-605662.4196428574,-85590.05357142861,,520072.36607142875,matched_gp_improvement,valid,gp_linear_smooth_exponential_tail,True
0af875a707179628c3f8,main,bbob_f06_d10,RANDOM,2,BBOB,-170079.76832573392,895.5730953532598,1000.0,,,valid,bounded_gp_piecewise,True
ba463d50d33bf9a3ba21,main,bboplace_bigblue4_n32,RANDOM,2,BBOPlace,-12998108.285714343,-3726579.508928584,,9271528.77678576,matched_gp_improvement,valid,gp_linear_smooth_exponential_tail,True
b4b3a3b6f68574ba13f4,main,bbob_f06_d10,SOBOL,2,BBOB,-170079.76832573392,895.5730953532598,1000.0,,,valid,bounded_gp_piecewise,True
04a6307adc99707ef3d1,main,bboplace_bigblue4_n32,SOBOL,2,BBOPlace,-12998108.285714343,-3726579.508928584,,9271528.77678576,matched_gp_improvement,valid,gp_linear_smooth_exponential_tail,True
ac1a204baa7523ce5ce7,main,bbob_f06_d10,TPE,2,BBOB,-170079.76832573392,895.5730953532598,1000.0,,,valid,bounded_gp_piecewise,True
bb1ee41e33031517e1cd,main,bboplace_bigblue4_n32,TPE,2,BBOPlace,-12998108.285714343,-3726579.508928584,,9271528.77678576,matched_gp_improvement,valid,gp_linear_smooth_exponential_tail,True
8e190aadbb22919cae6f,main,bbob_f06_d10,CMA_ES,2,BBOB,-170079.76832573392,895.5730953532598,1000.0,,,valid,bounded_gp_piecewise,True
2257bbfa621b32851de6,main,bboplace_bigblue4_n32,CMA_ES,2,BBOPlace,-12998108.285714343,-3726579.508928584,,9271528.77678576,matched_gp_improvement,valid,gp_linear_smooth_exponential_tail,True
77856dd4f502a43c4281,main,bbob_f06_d10,GP,2,BBOB,-170079.76832573392,895.5730953532598,1000.0,,,valid,bounded_gp_piecewise,True
b5062233ce1365835917,main,bboplace_bigblue4_n32,GP,2,BBOPlace,-12998108.285714343,-3726579.508928584,,9271528.77678576,matched_gp_improvement,valid,gp_linear_smooth_exponential_tail,True
e4c80c7ebb216c4ff456,main,bbob_f06_d10,TURBO,2,BBOB,-170079.76832573392,895.5730953532598,1000.0,,,valid,bounded_gp_piecewise,True
7059e100c57f9d07c056,main,bboplace_bigblue4_n32,TURBO,2,BBOPlace,-12998108.285714343,-3726579.508928584,,9271528.77678576,matched_gp_improvement,valid,gp_linear_smooth_exponential_tail,True
b34afd175ae7e8cb5d1b,main,bbob_f06_d10,GIT_BO,2,BBOB,-170079.76832573392,895.5730953532598,1000.0,,,valid,bounded_gp_piecewise,True
ba5f01185128557c7f24,main,bboplace_bigblue4_n32,GIT_BO,2,BBOPlace,-12998108.285714343,-3726579.508928584,,9271528.77678576,matched_gp_improvement,valid,gp_linear_smooth_exponential_tail,True
f11e1599c9888b1f7e09,main,bbob_f06_d10,RANDOM,3,BBOB,-93459.82381181861,-148.7966797093323,-35.9,,,valid,bounded_gp_piecewise,True
b40d37bfa35138ff5dea,main,bboplace_bigblue4_n32,RANDOM,3,BBOPlace,-13324150.669642981,-3918138.919642892,,9406011.75000009,matched_gp_improvement,valid,gp_linear_smooth_exponential_tail,True
27c01a0096b9f3e0b107,main,bbob_f06_d10,SOBOL,3,BBOB,-93459.82381181861,-148.7966797093323,-35.9,,,valid,bounded_gp_piecewise,True
9e93e2c4d6d3b07dd08b,main,bboplace_bigblue4_n32,SOBOL,3,BBOPlace,-13324150.669642981,-3918138.919642892,,9406011.75000009,matched_gp_improvement,valid,gp_linear_smooth_exponential_tail,True
11834d4bae42910319cb,main,bbob_f06_d10,TPE,3,BBOB,-93459.82381181861,-148.7966797093323,-35.9,,,valid,bounded_gp_piecewise,True
d8eedfb9993ed50866da,main,bboplace_bigblue4_n32,TPE,3,BBOPlace,-13324150.669642981,-3918138.919642892,,9406011.75000009,matched_gp_improvement,valid,gp_linear_smooth_exponential_tail,True
2d2c57e8f83c95908089,main,bbob_f06_d10,CMA_ES,3,BBOB,-93459.82381181861,-148.7966797093323,-35.9,,,valid,bounded_gp_piecewise,True
894158719fefc787acbe,main,bboplace_bigblue4_n32,CMA_ES,3,BBOPlace,-13324150.669642981,-3918138.919642892,,9406011.75000009,matched_gp_improvement,valid,gp_linear_smooth_exponential_tail,True
61d9c2ecaa8bd47b9763,main,bbob_f06_d10,GP,3,BBOB,-93459.82381181861,-148.7966797093323,-35.9,,,valid,bounded_gp_piecewise,True
155aa99025477f6f40ab,main,bboplace_bigblue4_n32,GP,3,BBOPlace,-13324150.669642981,-3918138.919642892,,9406011.75000009,matched_gp_improvement,valid,gp_linear_smooth_exponential_tail,True
94724a9dd0071dd3ec7e,main,bbob_f06_d10,TURBO,3,BBOB,-93459.82381181861,-148.7966797093323,-35.9,,,valid,bounded_gp_piecewise,True
4a29c3edd186e8c94815,main,bboplace_bigblue4_n32,TURBO,3,BBOPlace,-13324150.669642981,-3918138.919642892,,9406011.75000009,matched_gp_improvement,valid,gp_linear_smooth_exponential_tail,True
7b135e8feaadec496e6e,main,bbob_f06_d10,GIT_BO,3,BBOB,-93459.82381181861,-148.7966797093323,-35.9,,,valid,bounded_gp_piecewise,True
7f9ab7dc3cd1b1351aaf,main,bboplace_bigblue4_n32,GIT_BO,3,BBOPlace,-13324150.669642981,-3918138.919642892,,9406011.75000009,matched_gp_improvement,valid,gp_linear_smooth_exponential_tail,True
48e94e832de515ded4bc,main,bbob_f07_d10,RANDOM,2,BBOB,-178.90117476188647,-11.673289436097875,-3.82,,,valid,bounded_gp_piecewise,True
7d66052922d90de48419,main,bboplace_superblue16_n32,RANDOM,2,BBOPlace,-75826.90321428573,-14280.252410714293,,61546.650803571436,matched_gp_improvement,valid,gp_linear_smooth_exponential_tail,True
f9fe955c4c25af1d707a,main,bbob_f07_d10,SOBOL,2,BBOB,-178.90117476188647,-11.673289436097875,-3.82,,,valid,bounded_gp_piecewise,True
649dd4dfc79a4e0e924b,main,bboplace_superblue16_n32,SOBOL,2,BBOPlace,-75826.90321428573,-14280.252410714293,,61546.650803571436,matched_gp_improvement,valid,gp_linear_smooth_exponential_tail,True
2a8268204fda807bb671,main,bbob_f07_d10,TPE,2,BBOB,-178.90117476188647,-11.673289436097875,-3.82,,,valid,bounded_gp_piecewise,True
1eb30356ab18245b2f23,main,bboplace_superblue16_n32,TPE,2,BBOPlace,-75826.90321428573,-14280.252410714293,,61546.650803571436,matched_gp_improvement,valid,gp_linear_smooth_exponential_tail,True
505555a97679165399fe,main,bbob_f07_d10,CMA_ES,2,BBOB,-178.90117476188647,-11.673289436097875,-3.82,,,valid,bounded_gp_piecewise,True
9db9aa04a24609f06f0a,main,bboplace_superblue16_n32,CMA_ES,2,BBOPlace,-75826.90321428573,-14280.252410714293,,61546.650803571436,matched_gp_improvement,valid,gp_linear_smooth_exponential_tail,True
b119e4e0a0e6d1209cfd,main,bbob_f07_d10,GP,2,BBOB,-178.90117476188647,-11.673289436097875,-3.82,,,valid,bounded_gp_piecewise,True
b4ae87d21677e2e7a56c,main,bboplace_superblue16_n32,GP,2,BBOPlace,-75826.90321428573,-14280.252410714293,,61546.650803571436,matched_gp_improvement,valid,gp_linear_smooth_exponential_tail,True
6b229b63886db6f35888,main,bbob_f07_d10,TURBO,2,BBOB,-178.90117476188647,-11.673289436097875,-3.82,,,valid,bounded_gp_piecewise,True
7fef5c09a6851d6ef749,main,bboplace_superblue16_n32,TURBO,2,BBOPlace,-75826.90321428573,-14280.252410714293,,61546.650803571436,matched_gp_improvement,valid,gp_linear_smooth_exponential_tail,True
d339179541a17168ad47,main,bbob_f07_d10,GIT_BO,2,BBOB,-178.90117476188647,-11.673289436097875,-3.82,,,valid,bounded_gp_piecewise,True
fbf1f6dd73fcce941221,main,bboplace_superblue16_n32,GIT_BO,2,BBOPlace,-75826.90321428573,-14280.252410714293,,61546.650803571436,matched_gp_improvement,valid,gp_linear_smooth_exponential_tail,True
a9ec33188c8bf4905268,main,bbob_f07_d10,RANDOM,3,BBOB,-270.46252602208983,-100.58534740177137,-92.94,,,valid,bounded_gp_piecewise,True
2fc5d574bb06c6b3079c,main,bboplace_superblue16_n32,RANDOM,3,BBOPlace,-56558.6944642857,-11170.836249999975,,45387.85821428572,matched_gp_improvement,valid,gp_linear_smooth_exponential_tail,True
8e2785e352b3962e343d,main,bbob_f07_d10,SOBOL,3,BBOB,-270.46252602208983,-100.58534740177137,-92.94,,,valid,bounded_gp_piecewise,True
8a1d7888f907801e8b4f,main,bboplace_superblue16_n32,SOBOL,3,BBOPlace,-56558.6944642857,-11170.836249999975,,45387.85821428572,matched_gp_improvement,valid,gp_linear_smooth_exponential_tail,True
82633016bc5483744b44,main,bbob_f07_d10,TPE,3,BBOB,-270.46252602208983,-100.58534740177137,-92.94,,,valid,bounded_gp_piecewise,True
403e6ad6623b977e524e,main,bboplace_superblue16_n32,TPE,3,BBOPlace,-56558.6944642857,-11170.836249999975,,45387.85821428572,matched_gp_improvement,valid,gp_linear_smooth_exponential_tail,True
231efc06d74cdc1599a5,main,bbob_f07_d10,CMA_ES,3,BBOB,-270.46252602208983,-100.58534740177137,-92.94,,,valid,bounded_gp_piecewise,True
58906f23d4f97f9cb84a,main,bboplace_superblue16_n32,CMA_ES,3,BBOPlace,-56558.6944642857,-11170.836249999975,,45387.85821428572,matched_gp_improvement,valid,gp_linear_smooth_exponential_tail,True
10cf6155678adb2231b8,main,bbob_f07_d10,GP,3,BBOB,-270.46252602208983,-100.58534740177137,-92.94,,,valid,bounded_gp_piecewise,True
52754093216a15448abd,main,bboplace_superblue16_n32,GP,3,BBOPlace,-56558.6944642857,-11170.836249999975,,45387.85821428572,matched_gp_improvement,valid,gp_linear_smooth_exponential_tail,True
ac9acf0a4a2ad51f8d56,main,bbob_f07_d10,TURBO,3,BBOB,-270.46252602208983,-100.58534740177137,-92.94,,,valid,bounded_gp_piecewise,True
91a53249e3e37d8c3aee,main,bboplace_superblue16_n32,TURBO,3,BBOPlace,-56558.6944642857,-11170.836249999975,,45387.85821428572,matched_gp_improvement,valid,gp_linear_smooth_exponential_tail,True
ad273e5cdf25f6ae535a,main,bbob_f07_d10,GIT_BO,3,BBOB,-270.46252602208983,-100.58534740177137,-92.94,,,valid,bounded_gp_piecewise,True
6471e804628b6be18a29,main,bboplace_superblue16_n32,GIT_BO,3,BBOPlace,-56558.6944642857,-11170.836249999975,,45387.85821428572,matched_gp_improvement,valid,gp_linear_smooth_exponential_tail,True
690b3f57bb2911de7efc,main,bbob_f08_d10,RANDOM,2,BBOB,-26199.332385202786,-975.600599262748,-98.62,,,valid,bounded_gp_piecewise,True
485622abcd78fdbec80b,main,bboplace_superblue18_n32,RANDOM,2,BBOPlace,-2101.961517857143,-521.6517857142857,,1580.3097321428572,matched_gp_improvement,valid,gp_linear_smooth_exponential_tail,True
8f2b7039bd435954bd69,main,bbob_f08_d10,SOBOL,2,BBOB,-26199.332385202786,-975.600599262748,-98.62,,,valid,bounded_gp_piecewise,True
a64fcae0728f7bde65b1,main,bboplace_superblue18_n32,SOBOL,2,BBOPlace,-2101.961517857143,-521.6517857142857,,1580.3097321428572,matched_gp_improvement,valid,gp_linear_smooth_exponential_tail,True
9bd72b4cb6f6a9211fd2,main,bbob_f08_d10,TPE,2,BBOB,-26199.332385202786,-975.600599262748,-98.62,,,valid,bounded_gp_piecewise,True
1d2a1d5d2447ea623c28,main,bboplace_superblue18_n32,TPE,2,BBOPlace,-2101.961517857143,-521.6517857142857,,1580.3097321428572,matched_gp_improvement,valid,gp_linear_smooth_exponential_tail,True
ccc97aefbc96debf3a43,main,bbob_f08_d10,CMA_ES,2,BBOB,-26199.332385202786,-975.600599262748,-98.62,,,valid,bounded_gp_piecewise,True
50cbe1a9b97fe43962c3,main,bboplace_superblue18_n32,CMA_ES,2,BBOPlace,-2101.961517857143,-521.6517857142857,,1580.3097321428572,matched_gp_improvement,valid,gp_linear_smooth_exponential_tail,True
1fa42dce3f327a31a7ab,main,bbob_f08_d10,GP,2,BBOB,-26199.332385202786,-975.600599262748,-98.62,,,valid,bounded_gp_piecewise,True
3a5d6c89e44a15fc09a6,main,bboplace_superblue18_n32,GP,2,BBOPlace,-2101.961517857143,-521.6517857142857,,1580.3097321428572,matched_gp_improvement,valid,gp_linear_smooth_exponential_tail,True
e8508df05f1b609f1bba,main,bbob_f08_d10,TURBO,2,BBOB,-26199.332385202786,-975.600599262748,-98.62,,,valid,bounded_gp_piecewise,True
d1e3d1e9174ebba3bb52,main,bboplace_superblue18_n32,TURBO,2,BBOPlace,-2101.961517857143,-521.6517857142857,,1580.3097321428572,matched_gp_improvement,valid,gp_linear_smooth_exponential_tail,True
3b5b9128f1e5b5630d64,main,bbob_f08_d10,GIT_BO,2,BBOB,-26199.332385202786,-975.600599262748,-98.62,,,valid,bounded_gp_piecewise,True
11d507decf441eda43c1,main,bboplace_superblue18_n32,GIT_BO,2,BBOPlace,-2101.961517857143,-521.6517857142857,,1580.3097321428572,matched_gp_improvement,valid,gp_linear_smooth_exponential_tail,True
ee1353c08ffd158c8950,main,bbob_f08_d10,RANDOM,3,BBOB,-48895.9837970796,-1669.9529180284057,-149.15,,,valid,bounded_gp_piecewise,True
6baa1420f5475950caa1,main,bboplace_superblue18_n32,RANDOM,3,BBOPlace,-1823.6284821428574,-371.100535714286,,1452.5279464285713,matched_gp_improvement,valid,gp_linear_smooth_exponential_tail,True
161cd4c7877b0a9dabb2,main,bbob_f08_d10,SOBOL,3,BBOB,-48895.9837970796,-1669.9529180284057,-149.15,,,valid,bounded_gp_piecewise,True
fb0bffd6e3353ecbaaf3,main,bboplace_superblue18_n32,SOBOL,3,BBOPlace,-1823.6284821428574,-371.100535714286,,1452.5279464285713,matched_gp_improvement,valid,gp_linear_smooth_exponential_tail,True
7ac16651ddce0346c064,main,bbob_f08_d10,TPE,3,BBOB,-48895.9837970796,-1669.9529180284057,-149.15,,,valid,bounded_gp_piecewise,True
c49dfccbda9eec5b6f34,main,bboplace_superblue18_n32,TPE,3,BBOPlace,-1823.6284821428574,-371.100535714286,,1452.5279464285713,matched_gp_improvement,valid,gp_linear_smooth_exponential_tail,True
b267cd96a7c7f833b213,main,bbob_f08_d10,CMA_ES,3,BBOB,-48895.9837970796,-1669.9529180284057,-149.15,,,valid,bounded_gp_piecewise,True
d6fe7ac25b44570ae1a4,main,bboplace_superblue18_n32,CMA_ES,3,BBOPlace,-1823.6284821428574,-371.100535714286,,1452.5279464285713,matched_gp_improvement,valid,gp_linear_smooth_exponential_tail,True
5594ac76391c6fde2ca1,main,bbob_f08_d10,GP,3,BBOB,-48895.9837970796,-1669.9529180284057,-149.15,,,valid,bounded_gp_piecewise,True
e475d6176f1f20a75403,main,bboplace_superblue18_n32,GP,3,BBOPlace,-1823.6284821428574,-371.100535714286,,1452.5279464285713,matched_gp_improvement,valid,gp_linear_smooth_exponential_tail,True
93de02fd862e6bb3af9d,main,bbob_f08_d10,TURBO,3,BBOB,-48895.9837970796,-1669.9529180284057,-149.15,,,valid,bounded_gp_piecewise,True
fbf8302369228e8a478a,main,bboplace_superblue18_n32,TURBO,3,BBOPlace,-1823.6284821428574,-371.100535714286,,1452.5279464285713,matched_gp_improvement,valid,gp_linear_smooth_exponential_tail,True
efc03ca53731abf81fc3,main,bbob_f08_d10,GIT_BO,3,BBOB,-48895.9837970796,-1669.9529180284057,-149.15,,,valid,bounded_gp_piecewise,True
35abe259a83cc670eb55,main,bboplace_superblue18_n32,GIT_BO,3,BBOPlace,-1823.6284821428574,-371.100535714286,,1452.5279464285713,matched_gp_improvement,valid,gp_linear_smooth_exponential_tail,True
08c4d40d0381a477e76d,main,bbob_f09_d10,RANDOM,2,BBOB,-33676.32786623983,-1131.8025363553354,-55.34,,,valid,bounded_gp_piecewise,True
505a50bd9e9c640f4d72,main,bboplace_superblue1_n32,RANDOM,2,BBOPlace,-7490.448883928571,-791.9361160714286,,6698.5127678571425,matched_gp_improvement,valid,gp_linear_smooth_exponential_tail,True
bb0bc7b7e22de15f495e,main,bbob_f09_d10,SOBOL,2,BBOB,-33676.32786623983,-1131.8025363553354,-55.34,,,valid,bounded_gp_piecewise,True
4e268dfa7daf5f10910a,main,bboplace_superblue1_n32,SOBOL,2,BBOPlace,-7490.448883928571,-791.9361160714286,,6698.5127678571425,matched_gp_improvement,valid,gp_linear_smooth_exponential_tail,True
f8af382ba55429de0ccc,main,bbob_f09_d10,TPE,2,BBOB,-33676.32786623983,-1131.8025363553354,-55.34,,,valid,bounded_gp_piecewise,True
46839bc741287fc2419f,main,bboplace_superblue1_n32,TPE,2,BBOPlace,-7490.448883928571,-791.9361160714286,,6698.5127678571425,matched_gp_improvement,valid,gp_linear_smooth_exponential_tail,True
382c703eb8e512df1a5d,main,bbob_f09_d10,CMA_ES,2,BBOB,-33676.32786623983,-1131.8025363553354,-55.34,,,valid,bounded_gp_piecewise,True
bc8197d5f0341424976f,main,bboplace_superblue1_n32,CMA_ES,2,BBOPlace,-7490.448883928571,-791.9361160714286,,6698.5127678571425,matched_gp_improvement,valid,gp_linear_smooth_exponential_tail,True
5c5dd8d5778ea9a4e845,main,bbob_f09_d10,GP,2,BBOB,-33676.32786623983,-1131.8025363553354,-55.34,,,valid,bounded_gp_piecewise,True
3731fbbe29ff3d03701d,main,bboplace_superblue1_n32,GP,2,BBOPlace,-7490.448883928571,-791.9361160714286,,6698.5127678571425,matched_gp_improvement,valid,gp_linear_smooth_exponential_tail,True
1819a65a339ffcaf18c5,main,bbob_f09_d10,TURBO,2,BBOB,-33676.32786623983,-1131.8025363553354,-55.34,,,valid,bounded_gp_piecewise,True
e9b4de3b3ee52300f9b6,main,bboplace_superblue1_n32,TURBO,2,BBOPlace,-7490.448883928571,-791.9361160714286,,6698.5127678571425,matched_gp_improvement,valid,gp_linear_smooth_exponential_tail,True
a12e1ec34a9ee4397e0d,main,bbob_f09_d10,GIT_BO,2,BBOB,-33676.32786623983,-1131.8025363553354,-55.34,,,valid,bounded_gp_piecewise,True
e208165420b2c3623de1,main,bboplace_superblue1_n32,GIT_BO,2,BBOPlace,-7490.448883928571,-791.9361160714286,,6698.5127678571425,matched_gp_improvement,valid,gp_linear_smooth_exponential_tail,True
39094cfc2042ba319773,main,bbob_f09_d10,RANDOM,3,BBOB,-47622.18954186682,-651.3363277100432,-123.83,,,valid,bounded_gp_piecewise,True
0a9b8953c20ee86b5ff2,main,bboplace_superblue1_n32,RANDOM,3,BBOPlace,-4852.262410714285,-875.802455357143,,3976.4599553571416,matched_gp_improvement,valid,gp_linear_smooth_exponential_tail,True
9ac6d930a7bc179d9b99,main,bbob_f09_d10,SOBOL,3,BBOB,-47622.18954186682,-651.3363277100432,-123.83,,,valid,bounded_gp_piecewise,True
8ba5b730402ddecb6bbb,main,bboplace_superblue1_n32,SOBOL,3,BBOPlace,-4852.262410714285,-875.802455357143,,3976.4599553571416,matched_gp_improvement,valid,gp_linear_smooth_exponential_tail,True
10846a6b92d314712d35,main,bbob_f09_d10,TPE,3,BBOB,-47622.18954186682,-651.3363277100432,-123.83,,,valid,bounded_gp_piecewise,True
3ba04b67fe50ada042ce,main,bboplace_superblue1_n32,TPE,3,BBOPlace,-4852.262410714285,-875.802455357143,,3976.4599553571416,matched_gp_improvement,valid,gp_linear_smooth_exponential_tail,True
5ce4800ffd6ef8da3669,main,bbob_f09_d10,CMA_ES,3,BBOB,-47622.18954186682,-651.3363277100432,-123.83,,,valid,bounded_gp_piecewise,True
128435faca1c4b021493,main,bboplace_superblue1_n32,CMA_ES,3,BBOPlace,-4852.262410714285,-875.802455357143,,3976.4599553571416,matched_gp_improvement,valid,gp_linear_smooth_exponential_tail,True
83e235d4f62e8a88fe8c,main,bbob_f09_d10,GP,3,BBOB,-47622.18954186682,-651.3363277100432,-123.83,,,valid,bounded_gp_piecewise,True
83fe46dc03afc31962d4,main,bboplace_superblue1_n32,GP,3,BBOPlace,-4852.262410714285,-875.802455357143,,3976.4599553571416,matched_gp_improvement,valid,gp_linear_smooth_exponential_tail,True
ba9c20e4518b8823fc05,main,bbob_f09_d10,TURBO,3,BBOB,-47622.18954186682,-651.3363277100432,-123.83,,,valid,bounded_gp_piecewise,True
7268fd326f139c655296,main,bboplace_superblue1_n32,TURBO,3,BBOPlace,-4852.262410714285,-875.802455357143,,3976.4599553571416,matched_gp_improvement,valid,gp_linear_smooth_exponential_tail,True
586b50ebf146a1cdc2aa,main,bbob_f09_d10,GIT_BO,3,BBOB,-47622.18954186682,-651.3363277100432,-123.83,,,valid,bounded_gp_piecewise,True
d4ad5fdd6c78f8080c8e,main,bboplace_superblue1_n32,GIT_BO,3,BBOPlace,-4852.262410714285,-875.802455357143,,3976.4599553571416,matched_gp_improvement,valid,gp_linear_smooth_exponential_tail,True
7abdb70a3fc469195e75,main,bbob_f10_d10,RANDOM,2,BBOB,-1700170.6702034737,-313849.2078604122,491.53,,,valid,bounded_gp_piecewise,True
0c44974f04dac374f30d,main,bboplace_superblue4_n32,RANDOM,2,BBOPlace,-150957.33428571443,-18964.90767857144,,131992.426607143,matched_gp_improvement,valid,gp_linear_smooth_exponential_tail,True
151a7eb9fe2377d4a90d,main,bbob_f10_d10,SOBOL,2,BBOB,-1700170.6702034737,-313849.2078604122,491.53,,,valid,bounded_gp_piecewise,True
235587bbeccdb2847f0c,main,bboplace_superblue4_n32,SOBOL,2,BBOPlace,-150957.33428571443,-18964.90767857144,,131992.426607143,matched_gp_improvement,valid,gp_linear_smooth_exponential_tail,True
11bfcf640baa819d194c,main,bbob_f10_d10,TPE,2,BBOB,-1700170.6702034737,-313849.2078604122,491.53,,,valid,bounded_gp_piecewise,True
317d4c8485d49c48526b,main,bboplace_superblue4_n32,TPE,2,BBOPlace,-150957.33428571443,-18964.90767857144,,131992.426607143,matched_gp_improvement,valid,gp_linear_smooth_exponential_tail,True
2f6869c71ceab7bba836,main,bbob_f10_d10,CMA_ES,2,BBOB,-1700170.6702034737,-313849.2078604122,491.53,,,valid,bounded_gp_piecewise,True
688b7ce0818de8342266,main,bboplace_superblue4_n32,CMA_ES,2,BBOPlace,-150957.33428571443,-18964.90767857144,,131992.426607143,matched_gp_improvement,valid,gp_linear_smooth_exponential_tail,True
1a6e24da41794e6d2237,main,bbob_f10_d10,GP,2,BBOB,-1700170.6702034737,-313849.2078604122,491.53,,,valid,bounded_gp_piecewise,True
92a5479d81322018f7c7,main,bboplace_superblue4_n32,GP,2,BBOPlace,-150957.33428571443,-18964.90767857144,,131992.426607143,matched_gp_improvement,valid,gp_linear_smooth_exponential_tail,True
f0d58446173c5c7ff857,main,bbob_f10_d10,TURBO,2,BBOB,-1700170.6702034737,-313849.2078604122,491.53,,,valid,bounded_gp_piecewise,True
bbd6f8e025c1023fdd8d,main,bboplace_superblue4_n32,TURBO,2,BBOPlace,-150957.33428571443,-18964.90767857144,,131992.426607143,matched_gp_improvement,valid,gp_linear_smooth_exponential_tail,True
d01a179431e72c441a19,main,bbob_f10_d10,GIT_BO,2,BBOB,-1700170.6702034737,-313849.2078604122,491.53,,,valid,bounded_gp_piecewise,True
05621cd9a733f8a30874,main,bboplace_superblue4_n32,GIT_BO,2,BBOPlace,-150957.33428571443,-18964.90767857144,,131992.426607143,matched_gp_improvement,valid,gp_linear_smooth_exponential_tail,True
0499c9021abeb4a01c11,main,bbob_f10_d10,RANDOM,3,BBOB,-2767319.0433555045,-87284.26888756665,54.94,,,valid,bounded_gp_piecewise,True
4e16de03d9f97a24014b,main,bboplace_superblue4_n32,RANDOM,3,BBOPlace,-168678.8633035712,-25527.190446428554,,143151.67285714266,matched_gp_improvement,valid,gp_linear_smooth_exponential_tail,True
b2999f33ed9480a44da3,main,bbob_f10_d10,SOBOL,3,BBOB,-2767319.0433555045,-87284.26888756665,54.94,,,valid,bounded_gp_piecewise,True
5845ead3955b597b85ba,main,bboplace_superblue4_n32,SOBOL,3,BBOPlace,-168678.8633035712,-25527.190446428554,,143151.67285714266,matched_gp_improvement,valid,gp_linear_smooth_exponential_tail,True
18282cb9e18c2a06a54e,main,bbob_f10_d10,TPE,3,BBOB,-2767319.0433555045,-87284.26888756665,54.94,,,valid,bounded_gp_piecewise,True
bfd0342781efe2b66e9b,main,bboplace_superblue4_n32,TPE,3,BBOPlace,-168678.8633035712,-25527.190446428554,,143151.67285714266,matched_gp_improvement,valid,gp_linear_smooth_exponential_tail,True
234c1b7035931c5ec400,main,bbob_f10_d10,CMA_ES,3,BBOB,-2767319.0433555045,-87284.26888756665,54.94,,,valid,bounded_gp_piecewise,True
d6d99ac94d47bf4613de,main,bboplace_superblue4_n32,CMA_ES,3,BBOPlace,-168678.8633035712,-25527.190446428554,,143151.67285714266,matched_gp_improvement,valid,gp_linear_smooth_exponential_tail,True
923b9acd2e2292a0cb5b,main,bbob_f10_d10,GP,3,BBOB,-2767319.0433555045,-87284.26888756665,54.94,,,valid,bounded_gp_piecewise,True
3a8d10db5e02b7f55b61,main,bboplace_superblue4_n32,GP,3,BBOPlace,-168678.8633035712,-25527.190446428554,,143151.67285714266,matched_gp_improvement,valid,gp_linear_smooth_exponential_tail,True
b3295b6499ef1cad5d6b,main,bbob_f10_d10,TURBO,3,BBOB,-2767319.0433555045,-87284.26888756665,54.94,,,valid,bounded_gp_piecewise,True
79b4dbb1217ac3ba0297,main,bboplace_superblue4_n32,TURBO,3,BBOPlace,-168678.8633035712,-25527.190446428554,,143151.67285714266,matched_gp_improvement,valid,gp_linear_smooth_exponential_tail,True
32fa022bbe5cf34e5145,main,bbob_f10_d10,GIT_BO,3,BBOB,-2767319.0433555045,-87284.26888756665,54.94,,,valid,bounded_gp_piecewise,True
31161f7945fbbfae8aa7,main,bboplace_superblue4_n32,GIT_BO,3,BBOPlace,-168678.8633035712,-25527.190446428554,,143151.67285714266,matched_gp_improvement,valid,gp_linear_smooth_exponential_tail,True
c37fb003c781a39fbb01,main,bbob_f11_d10,RANDOM,2,BBOB,-79808.54020588158,-286.5864146348513,-13.66,,,valid,bounded_gp_piecewise,True
aa6a1c8218161bf29485,main,bboplace_superblue5_n32,RANDOM,2,BBOPlace,-148581.82026785714,-54765.76455357142,,93816.05571428573,matched_gp_improvement,valid,gp_linear_smooth_exponential_tail,True
4a53d661da6533f53030,main,bbob_f11_d10,SOBOL,2,BBOB,-79808.54020588158,-286.5864146348513,-13.66,,,valid,bounded_gp_piecewise,True
5a3fdcb7d0d133a5477a,main,bboplace_superblue5_n32,SOBOL,2,BBOPlace,-148581.82026785714,-54765.76455357142,,93816.05571428573,matched_gp_improvement,valid,gp_linear_smooth_exponential_tail,True
fd03f639cc5c243114c8,main,bbob_f11_d10,TPE,2,BBOB,-79808.54020588158,-286.5864146348513,-13.66,,,valid,bounded_gp_piecewise,True
31405eff83aec94e947c,main,bboplace_superblue5_n32,TPE,2,BBOPlace,-148581.82026785714,-54765.76455357142,,93816.05571428573,matched_gp_improvement,valid,gp_linear_smooth_exponential_tail,True
cbdb7aa06aa6c56bf929,main,bbob_f11_d10,CMA_ES,2,BBOB,-79808.54020588158,-286.5864146348513,-13.66,,,valid,bounded_gp_piecewise,True
17a5b97884b2e7a55819,main,bboplace_superblue5_n32,CMA_ES,2,BBOPlace,-148581.82026785714,-54765.76455357142,,93816.05571428573,matched_gp_improvement,valid,gp_linear_smooth_exponential_tail,True
0ac973ec97445fcdcee0,main,bbob_f11_d10,GP,2,BBOB,-79808.54020588158,-286.5864146348513,-13.66,,,valid,bounded_gp_piecewise,True
0157cdfb4bc4202bcf8c,main,bboplace_superblue5_n32,GP,2,BBOPlace,-148581.82026785714,-54765.76455357142,,93816.05571428573,matched_gp_improvement,valid,gp_linear_smooth_exponential_tail,True
06dc1d990b29c035203f,main,bbob_f11_d10,TURBO,2,BBOB,-79808.54020588158,-286.5864146348513,-13.66,,,valid,bounded_gp_piecewise,True
4ab284898fa2ea4bacde,main,bboplace_superblue5_n32,TURBO,2,BBOPlace,-148581.82026785714,-54765.76455357142,,93816.05571428573,matched_gp_improvement,valid,gp_linear_smooth_exponential_tail,True
4a39f7f922c624376e66,main,bbob_f11_d10,GIT_BO,2,BBOB,-79808.54020588158,-286.5864146348513,-13.66,,,valid,bounded_gp_piecewise,True
12a3d634080560595eb0,main,bboplace_superblue5_n32,GIT_BO,2,BBOPlace,-148581.82026785714,-54765.76455357142,,93816.05571428573,matched_gp_improvement,valid,gp_linear_smooth_exponential_tail,True
0dcc94673321693a4db3,main,bbob_f11_d10,RANDOM,3,BBOB,-62192.36184875856,-343.3158277139552,-76.27,,,valid,bounded_gp_piecewise,True
4ecf537523c761482b31,main,bboplace_superblue5_n32,RANDOM,3,BBOPlace,-263767.4219642856,-45937.20928571419,,217830.2126785714,matched_gp_improvement,valid,gp_linear_smooth_exponential_tail,True
06cf6331143d7ec6a87b,main,bbob_f11_d10,SOBOL,3,BBOB,-62192.36184875856,-343.3158277139552,-76.27,,,valid,bounded_gp_piecewise,True
29aefe075fc1d4d784e3,main,bboplace_superblue5_n32,SOBOL,3,BBOPlace,-263767.4219642856,-45937.20928571419,,217830.2126785714,matched_gp_improvement,valid,gp_linear_smooth_exponential_tail,True
90ec4b9951dcef303b7d,main,bbob_f11_d10,TPE,3,BBOB,-62192.36184875856,-343.3158277139552,-76.27,,,valid,bounded_gp_piecewise,True
90f9518e3f214de9d80f,main,bboplace_superblue5_n32,TPE,3,BBOPlace,-263767.4219642856,-45937.20928571419,,217830.2126785714,matched_gp_improvement,valid,gp_linear_smooth_exponential_tail,True
778b695637143a52b380,main,bbob_f11_d10,CMA_ES,3,BBOB,-62192.36184875856,-343.3158277139552,-76.27,,,valid,bounded_gp_piecewise,True
95f2179d3b90d72b7507,main,bboplace_superblue5_n32,CMA_ES,3,BBOPlace,-263767.4219642856,-45937.20928571419,,217830.2126785714,matched_gp_improvement,valid,gp_linear_smooth_exponential_tail,True
599abf999593da250b00,main,bbob_f11_d10,GP,3,BBOB,-62192.36184875856,-343.3158277139552,-76.27,,,valid,bounded_gp_piecewise,True
540b2f2a38256d0e82ae,main,bboplace_superblue5_n32,GP,3,BBOPlace,-263767.4219642856,-45937.20928571419,,217830.2126785714,matched_gp_improvement,valid,gp_linear_smooth_exponential_tail,True
9d465e23e24ebf42a3d4,main,bbob_f11_d10,TURBO,3,BBOB,-62192.36184875856,-343.3158277139552,-76.27,,,valid,bounded_gp_piecewise,True
2860f39c48396cb2a6ef,main,bboplace_superblue5_n32,TURBO,3,BBOPlace,-263767.4219642856,-45937.20928571419,,217830.2126785714,matched_gp_improvement,valid,gp_linear_smooth_exponential_tail,True
ff2518d0676797301532,main,bbob_f11_d10,GIT_BO,3,BBOB,-62192.36184875856,-343.3158277139552,-76.27,,,valid,bounded_gp_piecewise,True
0c9cee28431bf8f125bc,main,bboplace_superblue5_n32,GIT_BO,3,BBOPlace,-263767.4219642856,-45937.20928571419,,217830.2126785714,matched_gp_improvement,valid,gp_linear_smooth_exponential_tail,True
a89526a95001e0ec5a14,main,bbob_f12_d10,RANDOM,2,BBOB,-29305719.58508517,-29305719.58508517,-56.61,,,valid,linear_gp_no_improvement,False
bf27de52dab46c5a6a0b,main,bboplace_superblue7_n32,RANDOM,2,BBOPlace,-23631.627455357146,-10342.866294642845,,13288.7611607143,matched_gp_improvement,valid,gp_linear_smooth_exponential_tail,True
bf9692835b15707592b0,main,bbob_f12_d10,SOBOL,2,BBOB,-29305719.58508517,-29305719.58508517,-56.61,,,valid,linear_gp_no_improvement,False
345d0a2ba32febff4c43,main,bboplace_superblue7_n32,SOBOL,2,BBOPlace,-23631.627455357146,-10342.866294642845,,13288.7611607143,matched_gp_improvement,valid,gp_linear_smooth_exponential_tail,True
e5bb411ca1931e2cfc2e,main,bbob_f12_d10,TPE,2,BBOB,-29305719.58508517,-29305719.58508517,-56.61,,,valid,linear_gp_no_improvement,False
2917d79e389ed6e0fa9a,main,bboplace_superblue7_n32,TPE,2,BBOPlace,-23631.627455357146,-10342.866294642845,,13288.7611607143,matched_gp_improvement,valid,gp_linear_smooth_exponential_tail,True
d7d0785166c89836b10c,main,bbob_f12_d10,CMA_ES,2,BBOB,-29305719.58508517,-29305719.58508517,-56.61,,,valid,linear_gp_no_improvement,False
0e6e56b50952d34baa00,main,bboplace_superblue7_n32,CMA_ES,2,BBOPlace,-23631.627455357146,-10342.866294642845,,13288.7611607143,matched_gp_improvement,valid,gp_linear_smooth_exponential_tail,True
beb0e163846c4762d963,main,bbob_f12_d10,GP,2,BBOB,-29305719.58508517,-29305719.58508517,-56.61,,,valid,linear_gp_no_improvement,False
058f1bb2b7c529534863,main,bboplace_superblue7_n32,GP,2,BBOPlace,-23631.627455357146,-10342.866294642845,,13288.7611607143,matched_gp_improvement,valid,gp_linear_smooth_exponential_tail,True
39cb8486296f7e6fadc6,main,bbob_f12_d10,TURBO,2,BBOB,-29305719.58508517,-29305719.58508517,-56.61,,,valid,linear_gp_no_improvement,False
3ee84e42e87f95627283,main,bboplace_superblue7_n32,TURBO,2,BBOPlace,-23631.627455357146,-10342.866294642845,,13288.7611607143,matched_gp_improvement,valid,gp_linear_smooth_exponential_tail,True
acdafa7a370c023b545a,main,bbob_f12_d10,GIT_BO,2,BBOB,-29305719.58508517,-29305719.58508517,-56.61,,,valid,linear_gp_no_improvement,False
5062a465b807a976b5b2,main,bboplace_superblue7_n32,GIT_BO,2,BBOPlace,-23631.627455357146,-10342.866294642845,,13288.7611607143,matched_gp_improvement,valid,gp_linear_smooth_exponential_tail,True
64034f7683c1e04df5c1,main,bbob_f12_d10,RANDOM,3,BBOB,-40675571.397548795,-40675571.397548795,621.11,,,valid,linear_gp_no_improvement,False
d4921fb85eed7df4637f,main,bboplace_superblue7_n32,RANDOM,3,BBOPlace,-55524.654241071476,-10342.866294642823,,45181.78794642865,matched_gp_improvement,valid,gp_linear_smooth_exponential_tail,True
edc77c4093755bbd01fa,main,bbob_f12_d10,SOBOL,3,BBOB,-40675571.397548795,-40675571.397548795,621.11,,,valid,linear_gp_no_improvement,False
f304d415a1f901145c11,main,bboplace_superblue7_n32,SOBOL,3,BBOPlace,-55524.654241071476,-10342.866294642823,,45181.78794642865,matched_gp_improvement,valid,gp_linear_smooth_exponential_tail,True
3fab49641ac690b4d1dd,main,bbob_f12_d10,TPE,3,BBOB,-40675571.397548795,-40675571.397548795,621.11,,,valid,linear_gp_no_improvement,False
dc6a220b346a3068a971,main,bboplace_superblue7_n32,TPE,3,BBOPlace,-55524.654241071476,-10342.866294642823,,45181.78794642865,matched_gp_improvement,valid,gp_linear_smooth_exponential_tail,True
8821b304144eef104263,main,bbob_f12_d10,CMA_ES,3,BBOB,-40675571.397548795,-40675571.397548795,621.11,,,valid,linear_gp_no_improvement,False
b2b33ea56ba090371448,main,bboplace_superblue7_n32,CMA_ES,3,BBOPlace,-55524.654241071476,-10342.866294642823,,45181.78794642865,matched_gp_improvement,valid,gp_linear_smooth_exponential_tail,True
0d3f70c76defb51ea453,main,bbob_f12_d10,GP,3,BBOB,-40675571.397548795,-40675571.397548795,621.11,,,valid,linear_gp_no_improvement,False
fde75a91229b03d09c51,main,bboplace_superblue7_n32,GP,3,BBOPlace,-55524.654241071476,-10342.866294642823,,45181.78794642865,matched_gp_improvement,valid,gp_linear_smooth_exponential_tail,True
c18e119d29820195b8ac,main,bbob_f12_d10,TURBO,3,BBOB,-40675571.397548795,-40675571.397548795,621.11,,,valid,linear_gp_no_improvement,False
b5278b083b2a347bac75,main,bboplace_superblue7_n32,TURBO,3,BBOPlace,-55524.654241071476,-10342.866294642823,,45181.78794642865,matched_gp_improvement,valid,gp_linear_smooth_exponential_tail,True
7aa7a464b1a5d0856511,main,bbob_f12_d10,GIT_BO,3,BBOB,-40675571.397548795,-40675571.397548795,621.11,,,valid,linear_gp_no_improvement,False
db93bbb79f45eb1ee4ca,main,bboplace_superblue7_n32,GIT_BO,3,BBOPlace,-55524.654241071476,-10342.866294642823,,45181.78794642865,matched_gp_improvement,valid,gp_linear_smooth_exponential_tail,True
a78a7d0e121a5b69f0b0,main,bbob_f13_d10,RANDOM,2,BBOB,-1148.1528757790547,148.23453294969985,279.95,,,valid,bounded_gp_piecewise,True
13ab11b755ee60f92211,main,bbob_f13_d10,SOBOL,2,BBOB,-1148.1528757790547,148.23453294969985,279.95,,,valid,bounded_gp_piecewise,True
ac3110da54dc2fdcc1f1,main,bbob_f13_d10,TPE,2,BBOB,-1148.1528757790547,148.23453294969985,279.95,,,valid,bounded_gp_piecewise,True
e0ba067e46991566dd56,main,bbob_f13_d10,CMA_ES,2,BBOB,-1148.1528757790547,148.23453294969985,279.95,,,valid,bounded_gp_piecewise,True
9fa516e8ce325291be40,main,bbob_f13_d10,GP,2,BBOB,-1148.1528757790547,148.23453294969985,279.95,,,valid,bounded_gp_piecewise,True
16da18cb4e5ee60f3718,main,bbob_f13_d10,TURBO,2,BBOB,-1148.1528757790547,148.23453294969985,279.95,,,valid,bounded_gp_piecewise,True
c8f6857e29246770fc54,main,bbob_f13_d10,GIT_BO,2,BBOB,-1148.1528757790547,148.23453294969985,279.95,,,valid,bounded_gp_piecewise,True
90d16bd1019a7c03cd26,main,bbob_f13_d10,RANDOM,3,BBOB,-1508.716814224458,-153.1000681514219,-29.97,,,valid,bounded_gp_piecewise,True
d4fba6683e2fea8ea104,main,bbob_f13_d10,SOBOL,3,BBOB,-1508.716814224458,-153.1000681514219,-29.97,,,valid,bounded_gp_piecewise,True
144aa75d33a47ce81146,main,bbob_f13_d10,TPE,3,BBOB,-1508.716814224458,-153.1000681514219,-29.97,,,valid,bounded_gp_piecewise,True
b769f7c6b79051335bd8,main,bbob_f13_d10,CMA_ES,3,BBOB,-1508.716814224458,-153.1000681514219,-29.97,,,valid,bounded_gp_piecewise,True
097af9b46f1cb2e5e147,main,bbob_f13_d10,GP,3,BBOB,-1508.716814224458,-153.1000681514219,-29.97,,,valid,bounded_gp_piecewise,True
8e1a12f1cddfbbe46d57,main,bbob_f13_d10,TURBO,3,BBOB,-1508.716814224458,-153.1000681514219,-29.97,,,valid,bounded_gp_piecewise,True
0eae053d732f7a992beb,main,bbob_f13_d10,GIT_BO,3,BBOB,-1508.716814224458,-153.1000681514219,-29.97,,,valid,bounded_gp_piecewise,True
b4463afcbca281d38c1c,main,bbob_f14_d10,RANDOM,2,BBOB,-92.43024860977053,-81.49697977581678,-77.31,,,valid,bounded_gp_piecewise,True
a7983bc050dbb9a4fa8d,main,bbob_f14_d10,SOBOL,2,BBOB,-92.43024860977053,-81.49697977581678,-77.31,,,valid,bounded_gp_piecewise,True
7119cefe8bbaabc4e0c6,main,bbob_f14_d10,TPE,2,BBOB,-92.43024860977053,-81.49697977581678,-77.31,,,valid,bounded_gp_piecewise,True
f8b000ec56480d1099b4,main,bbob_f14_d10,CMA_ES,2,BBOB,-92.43024860977053,-81.49697977581678,-77.31,,,valid,bounded_gp_piecewise,True
1ed65eebcb5cd1e606ec,main,bbob_f14_d10,GP,2,BBOB,-92.43024860977053,-81.49697977581678,-77.31,,,valid,bounded_gp_piecewise,True
41f740ab72272d0c5548,main,bbob_f14_d10,TURBO,2,BBOB,-92.43024860977053,-81.49697977581678,-77.31,,,valid,bounded_gp_piecewise,True
cd13d9cd3400d95a30f2,main,bbob_f14_d10,GIT_BO,2,BBOB,-92.43024860977053,-81.49697977581678,-77.31,,,valid,bounded_gp_piecewise,True
629004013af24a4f2320,main,bbob_f14_d10,RANDOM,3,BBOB,27.883162343456753,47.32829076801394,52.35,,,valid,bounded_gp_piecewise,True
21703387e5a3f512297a,main,bbob_f14_d10,SOBOL,3,BBOB,27.883162343456753,47.32829076801394,52.35,,,valid,bounded_gp_piecewise,True
0342ce32b934294acbd5,main,bbob_f14_d10,TPE,3,BBOB,27.883162343456753,47.32829076801394,52.35,,,valid,bounded_gp_piecewise,True
73e3d54184a971795920,main,bbob_f14_d10,CMA_ES,3,BBOB,27.883162343456753,47.32829076801394,52.35,,,valid,bounded_gp_piecewise,True
04cadde509f8d34b0ab3,main,bbob_f14_d10,GP,3,BBOB,27.883162343456753,47.32829076801394,52.35,,,valid,bounded_gp_piecewise,True
14a9447be48fbf191547,main,bbob_f14_d10,TURBO,3,BBOB,27.883162343456753,47.32829076801394,52.35,,,valid,bounded_gp_piecewise,True
419194a450abdda8d127,main,bbob_f14_d10,GIT_BO,3,BBOB,27.883162343456753,47.32829076801394,52.35,,,valid,bounded_gp_piecewise,True
e73222d3e5c0a87789ab,main,bbob_f15_d10,RANDOM,2,BBOB,-443.37238541667534,-48.20291372261357,48.22,,,valid,bounded_gp_piecewise,True
90b3b6360c84e1c69a61,main,bbob_f15_d10,SOBOL,2,BBOB,-443.37238541667534,-48.20291372261357,48.22,,,valid,bounded_gp_piecewise,True
f8c3f448de80592cf903,main,bbob_f15_d10,TPE,2,BBOB,-443.37238541667534,-48.20291372261357,48.22,,,valid,bounded_gp_piecewise,True
fb4eb8f60caa2b996627,main,bbob_f15_d10,CMA_ES,2,BBOB,-443.37238541667534,-48.20291372261357,48.22,,,valid,bounded_gp_piecewise,True
2d1061d3a5ee1b51b8d7,main,bbob_f15_d10,GP,2,BBOB,-443.37238541667534,-48.20291372261357,48.22,,,valid,bounded_gp_piecewise,True
321196729acbc3e6bf35,main,bbob_f15_d10,TURBO,2,BBOB,-443.37238541667534,-48.20291372261357,48.22,,,valid,bounded_gp_piecewise,True
e6955664eecb711a8c87,main,bbob_f15_d10,GIT_BO,2,BBOB,-443.37238541667534,-48.20291372261357,48.22,,,valid,bounded_gp_piecewise,True
f55aa4a0db10d1d5d1fc,main,bbob_f15_d10,RANDOM,3,BBOB,-1450.1047224323365,-1081.5485618059283,-1000.0,,,valid,bounded_gp_piecewise,True
40ae61c7d2468f34dddd,main,bbob_f15_d10,SOBOL,3,BBOB,-1450.1047224323365,-1081.5485618059283,-1000.0,,,valid,bounded_gp_piecewise,True
63442e088e04f67078de,main,bbob_f15_d10,TPE,3,BBOB,-1450.1047224323365,-1081.5485618059283,-1000.0,,,valid,bounded_gp_piecewise,True
ece288ea30b3489791fe,main,bbob_f15_d10,CMA_ES,3,BBOB,-1450.1047224323365,-1081.5485618059283,-1000.0,,,valid,bounded_gp_piecewise,True
7110e3228bcadac19db8,main,bbob_f15_d10,GP,3,BBOB,-1450.1047224323365,-1081.5485618059283,-1000.0,,,valid,bounded_gp_piecewise,True
3301a2bccdea5e5c5105,main,bbob_f15_d10,TURBO,3,BBOB,-1450.1047224323365,-1081.5485618059283,-1000.0,,,valid,bounded_gp_piecewise,True
dbc6205e4fe1f97f41ab,main,bbob_f15_d10,GIT_BO,3,BBOB,-1450.1047224323365,-1081.5485618059283,-1000.0,,,valid,bounded_gp_piecewise,True
c413a2da6b79f11a2f61,main,bbob_f16_d10,RANDOM,2,BBOB,-142.71341372410944,-126.1384464380817,-99.17,,,valid,bounded_gp_piecewise,True
ba37b82c66e6a02aded2,main,bbob_f16_d10,SOBOL,2,BBOB,-142.71341372410944,-126.1384464380817,-99.17,,,valid,bounded_gp_piecewise,True
38eddb28d516f4721145,main,bbob_f16_d10,TPE,2,BBOB,-142.71341372410944,-126.1384464380817,-99.17,,,valid,bounded_gp_piecewise,True
74a8e3fdf60d978ba27d,main,bbob_f16_d10,CMA_ES,2,BBOB,-142.71341372410944,-126.1384464380817,-99.17,,,valid,bounded_gp_piecewise,True
81d26628797d9d13b424,main,bbob_f16_d10,GP,2,BBOB,-142.71341372410944,-126.1384464380817,-99.17,,,valid,bounded_gp_piecewise,True
72655b48b1a78493c85d,main,bbob_f16_d10,TURBO,2,BBOB,-142.71341372410944,-126.1384464380817,-99.17,,,valid,bounded_gp_piecewise,True
c06daeccfa472f11ed01,main,bbob_f16_d10,GIT_BO,2,BBOB,-142.71341372410944,-126.1384464380817,-99.17,,,valid,bounded_gp_piecewise,True
31a38dee952f0bbd57a9,main,bbob_f16_d10,RANDOM,3,BBOB,-109.782196813604,-80.91655666065613,-71.35,,,valid,bounded_gp_piecewise,True
a215ab958fc25cddc5e8,main,bbob_f16_d10,SOBOL,3,BBOB,-109.782196813604,-80.91655666065613,-71.35,,,valid,bounded_gp_piecewise,True
7254c656f12eb4839302,main,bbob_f16_d10,TPE,3,BBOB,-109.782196813604,-80.91655666065613,-71.35,,,valid,bounded_gp_piecewise,True
0cb803c7e0d1817ebcd7,main,bbob_f16_d10,CMA_ES,3,BBOB,-109.782196813604,-80.91655666065613,-71.35,,,valid,bounded_gp_piecewise,True
8e927e671c8567551a93,main,bbob_f16_d10,GP,3,BBOB,-109.782196813604,-80.91655666065613,-71.35,,,valid,bounded_gp_piecewise,True
fb1f391b4838a77a8a23,main,bbob_f16_d10,TURBO,3,BBOB,-109.782196813604,-80.91655666065613,-71.35,,,valid,bounded_gp_piecewise,True
bbd1f4ffef6e9092d74e,main,bbob_f16_d10,GIT_BO,3,BBOB,-109.782196813604,-80.91655666065613,-71.35,,,valid,bounded_gp_piecewise,True
d2d4439f4b493bed6c2b,main,bbob_f17_d10,RANDOM,2,BBOB,-284.1531453676247,-276.83572873393587,-273.15,,,valid,bounded_gp_piecewise,True
032f19c2dab904cc32a5,main,bbob_f17_d10,SOBOL,2,BBOB,-284.1531453676247,-276.83572873393587,-273.15,,,valid,bounded_gp_piecewise,True
98e0b1fb3f6cfcc50253,main,bbob_f17_d10,TPE,2,BBOB,-284.1531453676247,-276.83572873393587,-273.15,,,valid,bounded_gp_piecewise,True
8045484e57c82f7b23fa,main,bbob_f17_d10,CMA_ES,2,BBOB,-284.1531453676247,-276.83572873393587,-273.15,,,valid,bounded_gp_piecewise,True
8ade1e7238db061e7c51,main,bbob_f17_d10,GP,2,BBOB,-284.1531453676247,-276.83572873393587,-273.15,,,valid,bounded_gp_piecewise,True
866529ce158be12c5b5e,main,bbob_f17_d10,TURBO,2,BBOB,-284.1531453676247,-276.83572873393587,-273.15,,,valid,bounded_gp_piecewise,True
ab994acb2c6bf09bbf5b,main,bbob_f17_d10,GIT_BO,2,BBOB,-284.1531453676247,-276.83572873393587,-273.15,,,valid,bounded_gp_piecewise,True
896a73ce2d6aca74031d,main,bbob_f17_d10,RANDOM,3,BBOB,5.849673999909461,10.947981492910786,16.94,,,valid,bounded_gp_piecewise,True
cf67b99dbdd9a79e7804,main,bbob_f17_d10,SOBOL,3,BBOB,5.849673999909461,10.947981492910786,16.94,,,valid,bounded_gp_piecewise,True
7c87f63030af8611e8ba,main,bbob_f17_d10,TPE,3,BBOB,5.849673999909461,10.947981492910786,16.94,,,valid,bounded_gp_piecewise,True
f7cae372e53d3e5bac28,main,bbob_f17_d10,CMA_ES,3,BBOB,5.849673999909461,10.947981492910786,16.94,,,valid,bounded_gp_piecewise,True
d4a90ac4d0be588a0256,main,bbob_f17_d10,GP,3,BBOB,5.849673999909461,10.947981492910786,16.94,,,valid,bounded_gp_piecewise,True
022a1a0ec6f830f07c86,main,bbob_f17_d10,TURBO,3,BBOB,5.849673999909461,10.947981492910786,16.94,,,valid,bounded_gp_piecewise,True
aff0bb53ef914e9df8fb,main,bbob_f17_d10,GIT_BO,3,BBOB,5.849673999909461,10.947981492910786,16.94,,,valid,bounded_gp_piecewise,True
a74c58c794f6be84dd38,main,bbob_f18_d10,RANDOM,2,BBOB,-332.86332555154047,-291.1507065842406,-273.15,,,valid,bounded_gp_piecewise,True
d8b81a31c9478eacb3b0,main,bbob_f18_d10,SOBOL,2,BBOB,-332.86332555154047,-291.1507065842406,-273.15,,,valid,bounded_gp_piecewise,True
be254fa168df4bd142b4,main,bbob_f18_d10,TPE,2,BBOB,-332.86332555154047,-291.1507065842406,-273.15,,,valid,bounded_gp_piecewise,True
77160d7aa64fbd3b755b,main,bbob_f18_d10,CMA_ES,2,BBOB,-332.86332555154047,-291.1507065842406,-273.15,,,valid,bounded_gp_piecewise,True
dcd1bd6599f5af5365b5,main,bbob_f18_d10,GP,2,BBOB,-332.86332555154047,-291.1507065842406,-273.15,,,valid,bounded_gp_piecewise,True
d1eb05377cf4a4b75bca,main,bbob_f18_d10,TURBO,2,BBOB,-332.86332555154047,-291.1507065842406,-273.15,,,valid,bounded_gp_piecewise,True
4d9bed0aa5c80643acd1,main,bbob_f18_d10,GIT_BO,2,BBOB,-332.86332555154047,-291.1507065842406,-273.15,,,valid,bounded_gp_piecewise,True
351509f4c4253be8dab3,main,bbob_f18_d10,RANDOM,3,BBOB,-33.236653850155975,-9.798577950455698,16.94,,,valid,bounded_gp_piecewise,True
9bd413351f4bec07f6e4,main,bbob_f18_d10,SOBOL,3,BBOB,-33.236653850155975,-9.798577950455698,16.94,,,valid,bounded_gp_piecewise,True
cf51378e9a11a09961ee,main,bbob_f18_d10,TPE,3,BBOB,-33.236653850155975,-9.798577950455698,16.94,,,valid,bounded_gp_piecewise,True
db0c91706886347be1b5,main,bbob_f18_d10,CMA_ES,3,BBOB,-33.236653850155975,-9.798577950455698,16.94,,,valid,bounded_gp_piecewise,True
3aca1685a0cc3c8a8f68,main,bbob_f18_d10,GP,3,BBOB,-33.236653850155975,-9.798577950455698,16.94,,,valid,bounded_gp_piecewise,True
fee6a292ac113f177c46,main,bbob_f18_d10,TURBO,3,BBOB,-33.236653850155975,-9.798577950455698,16.94,,,valid,bounded_gp_piecewise,True
f165bb12570100bb43bf,main,bbob_f18_d10,GIT_BO,3,BBOB,-33.236653850155975,-9.798577950455698,16.94,,,valid,bounded_gp_piecewise,True
387af2da932c44215bf8,main,bbob_f19_d10,RANDOM,2,BBOB,-238.53706025946778,-219.4715130064052,-214.01,,,valid,bounded_gp_piecewise,True
01cfdab834fe127e7c64,main,bbob_f19_d10,SOBOL,2,BBOB,-238.53706025946778,-219.4715130064052,-214.01,,,valid,bounded_gp_piecewise,True
f095817c0e1d633231cb,main,bbob_f19_d10,TPE,2,BBOB,-238.53706025946778,-219.4715130064052,-214.01,,,valid,bounded_gp_piecewise,True
f69965feae5a6fc554e0,main,bbob_f19_d10,CMA_ES,2,BBOB,-238.53706025946778,-219.4715130064052,-214.01,,,valid,bounded_gp_piecewise,True
9588b912ba89a57c0dab,main,bbob_f19_d10,GP,2,BBOB,-238.53706025946778,-219.4715130064052,-214.01,,,valid,bounded_gp_piecewise,True
88daf255c77a75116e1f,main,bbob_f19_d10,TURBO,2,BBOB,-238.53706025946778,-219.4715130064052,-214.01,,,valid,bounded_gp_piecewise,True
3db382137fd68ca32887,main,bbob_f19_d10,GIT_BO,2,BBOB,-238.53706025946778,-219.4715130064052,-214.01,,,valid,bounded_gp_piecewise,True
5680069b87e5a43a87fb,main,bbob_f19_d10,RANDOM,3,BBOB,85.75724319257932,97.76893032770498,102.55,,,valid,bounded_gp_piecewise,True
ac90e74a67fd53f7bd57,main,bbob_f19_d10,SOBOL,3,BBOB,85.75724319257932,97.76893032770498,102.55,,,valid,bounded_gp_piecewise,True
e9a09ccfde3cb7e837a4,main,bbob_f19_d10,TPE,3,BBOB,85.75724319257932,97.76893032770498,102.55,,,valid,bounded_gp_piecewise,True
91a6ce983c77e5e5d827,main,bbob_f19_d10,CMA_ES,3,BBOB,85.75724319257932,97.76893032770498,102.55,,,valid,bounded_gp_piecewise,True
a60d04050e676965cdfb,main,bbob_f19_d10,GP,3,BBOB,85.75724319257932,97.76893032770498,102.55,,,valid,bounded_gp_piecewise,True
847ffc7f0d073c2256c9,main,bbob_f19_d10,TURBO,3,BBOB,85.75724319257932,97.76893032770498,102.55,,,valid,bounded_gp_piecewise,True
6b1e03bfbe30d1516afe,main,bbob_f19_d10,GIT_BO,3,BBOB,85.75724319257932,97.76893032770498,102.55,,,valid,bounded_gp_piecewise,True
0df62d11188931573adc,main,bbob_f20_d10,RANDOM,2,BBOB,-11720.182019971764,-211.54549889230893,-208.38,,,valid,bounded_gp_piecewise,True
9e36187a50b63a7aa9c7,main,bbob_f20_d10,SOBOL,2,BBOB,-11720.182019971764,-211.54549889230893,-208.38,,,valid,bounded_gp_piecewise,True
bf13d923864b92de93dd,main,bbob_f20_d10,TPE,2,BBOB,-11720.182019971764,-211.54549889230893,-208.38,,,valid,bounded_gp_piecewise,True
7c6e19b49eceb4232ba7,main,bbob_f20_d10,CMA_ES,2,BBOB,-11720.182019971764,-211.54549889230893,-208.38,,,valid,bounded_gp_piecewise,True
611e226c96cb748fee2d,main,bbob_f20_d10,GP,2,BBOB,-11720.182019971764,-211.54549889230893,-208.38,,,valid,bounded_gp_piecewise,True
0c72051158c588696316,main,bbob_f20_d10,TURBO,2,BBOB,-11720.182019971764,-211.54549889230893,-208.38,,,valid,bounded_gp_piecewise,True
6310cac06001969ec4e2,main,bbob_f20_d10,GIT_BO,2,BBOB,-11720.182019971764,-211.54549889230893,-208.38,,,valid,bounded_gp_piecewise,True
a62f59e9b1b1bdab6c1f,main,bbob_f20_d10,RANDOM,3,BBOB,-20425.38614150772,543.1999618309717,546.5,,,valid,bounded_gp_piecewise,True
1793268e74e789ac83e3,main,bbob_f20_d10,SOBOL,3,BBOB,-20425.38614150772,543.1999618309717,546.5,,,valid,bounded_gp_piecewise,True
6f308f201ee178c29cfe,main,bbob_f20_d10,TPE,3,BBOB,-20425.38614150772,543.1999618309717,546.5,,,valid,bounded_gp_piecewise,True
591518ecc6d8356464ab,main,bbob_f20_d10,CMA_ES,3,BBOB,-20425.38614150772,543.1999618309717,546.5,,,valid,bounded_gp_piecewise,True
c5aa4a8b404196e59166,main,bbob_f20_d10,GP,3,BBOB,-20425.38614150772,543.1999618309717,546.5,,,valid,bounded_gp_piecewise,True
e1c6193c5cc37617cc86,main,bbob_f20_d10,TURBO,3,BBOB,-20425.38614150772,543.1999618309717,546.5,,,valid,bounded_gp_piecewise,True
b046b7aadc926c57aeab,main,bbob_f20_d10,GIT_BO,3,BBOB,-20425.38614150772,543.1999618309717,546.5,,,valid,bounded_gp_piecewise,True
6f520343cd1e3d521093,main,bbob_f21_d10,RANDOM,2,BBOB,317.4843501702354,364.1775103311033,370.84,,,valid,bounded_gp_piecewise,True
8ae3d5cdd12df022234f,main,bbob_f21_d10,SOBOL,2,BBOB,317.4843501702354,364.1775103311033,370.84,,,valid,bounded_gp_piecewise,True
651693e60dbd4a8fb307,main,bbob_f21_d10,TPE,2,BBOB,317.4843501702354,364.1775103311033,370.84,,,valid,bounded_gp_piecewise,True
913751a42b03721cd135,main,bbob_f21_d10,CMA_ES,2,BBOB,317.4843501702354,364.1775103311033,370.84,,,valid,bounded_gp_piecewise,True
10321b4d42d59f8cee4c,main,bbob_f21_d10,GP,2,BBOB,317.4843501702354,364.1775103311033,370.84,,,valid,bounded_gp_piecewise,True
ccd5286b897e29d19ef7,main,bbob_f21_d10,TURBO,2,BBOB,317.4843501702354,364.1775103311033,370.84,,,valid,bounded_gp_piecewise,True
35a71a73e0b6191c2752,main,bbob_f21_d10,GIT_BO,2,BBOB,317.4843501702354,364.1775103311033,370.84,,,valid,bounded_gp_piecewise,True
c2308dad2d3c43df2799,main,bbob_f21_d10,RANDOM,3,BBOB,-109.71330823351428,-50.32416725601756,-40.78,,,valid,bounded_gp_piecewise,True
fe9c27b61a74a4c06f96,main,bbob_f21_d10,SOBOL,3,BBOB,-109.71330823351428,-50.32416725601756,-40.78,,,valid,bounded_gp_piecewise,True
cda1bbaef3e558c5df07,main,bbob_f21_d10,TPE,3,BBOB,-109.71330823351428,-50.32416725601756,-40.78,,,valid,bounded_gp_piecewise,True
ed1c5027e138ddf9f92b,main,bbob_f21_d10,CMA_ES,3,BBOB,-109.71330823351428,-50.32416725601756,-40.78,,,valid,bounded_gp_piecewise,True
07e24ebb2a42b29a75f2,main,bbob_f21_d10,GP,3,BBOB,-109.71330823351428,-50.32416725601756,-40.78,,,valid,bounded_gp_piecewise,True
3476f13200df8a01638d,main,bbob_f21_d10,TURBO,3,BBOB,-109.71330823351428,-50.32416725601756,-40.78,,,valid,bounded_gp_piecewise,True
00ef75e474dfd0f04172,main,bbob_f21_d10,GIT_BO,3,BBOB,-109.71330823351428,-50.32416725601756,-40.78,,,valid,bounded_gp_piecewise,True
fd3d8aea35df07beb780,main,bbob_f22_d10,RANDOM,2,BBOB,-24.838234018389933,27.275062910097894,49.13,,,valid,bounded_gp_piecewise,True
aeb0c5010529e4a79ffa,main,bbob_f22_d10,SOBOL,2,BBOB,-24.838234018389933,27.275062910097894,49.13,,,valid,bounded_gp_piecewise,True
8021b5bd8876abcec4aa,main,bbob_f22_d10,TPE,2,BBOB,-24.838234018389933,27.275062910097894,49.13,,,valid,bounded_gp_piecewise,True
0d5cbd5b828c55251ae6,main,bbob_f22_d10,CMA_ES,2,BBOB,-24.838234018389933,27.275062910097894,49.13,,,valid,bounded_gp_piecewise,True
e77f2d029d174cca4d7c,main,bbob_f22_d10,GP,2,BBOB,-24.838234018389933,27.275062910097894,49.13,,,valid,bounded_gp_piecewise,True
e96d4924b5231423480b,main,bbob_f22_d10,TURBO,2,BBOB,-24.838234018389933,27.275062910097894,49.13,,,valid,bounded_gp_piecewise,True
a6eef2ecbd2ab14cd9ba,main,bbob_f22_d10,GIT_BO,2,BBOB,-24.838234018389933,27.275062910097894,49.13,,,valid,bounded_gp_piecewise,True
4ea4d9b50b4eb96fc9ed,main,bbob_f22_d10,RANDOM,3,BBOB,934.3283662616002,993.9492550310449,1000.0,,,valid,bounded_gp_piecewise,True
8e2bb43ba6d3c479e24e,main,bbob_f22_d10,SOBOL,3,BBOB,934.3283662616002,993.9492550310449,1000.0,,,valid,bounded_gp_piecewise,True
6fce863a541bae6b89dd,main,bbob_f22_d10,TPE,3,BBOB,934.3283662616002,993.9492550310449,1000.0,,,valid,bounded_gp_piecewise,True
f95fe46954f24d4b1e20,main,bbob_f22_d10,CMA_ES,3,BBOB,934.3283662616002,993.9492550310449,1000.0,,,valid,bounded_gp_piecewise,True
89c3c5e7aaaa7b92b512,main,bbob_f22_d10,GP,3,BBOB,934.3283662616002,993.9492550310449,1000.0,,,valid,bounded_gp_piecewise,True
704e9b66f074d484f084,main,bbob_f22_d10,TURBO,3,BBOB,934.3283662616002,993.9492550310449,1000.0,,,valid,bounded_gp_piecewise,True
ac47352ba8fa9303596b,main,bbob_f22_d10,GIT_BO,3,BBOB,934.3283662616002,993.9492550310449,1000.0,,,valid,bounded_gp_piecewise,True
ff00492bb0dca812cf44,main,bbob_f23_d10,RANDOM,2,BBOB,126.72640143123208,126.72640143123208,130.61,,,valid,linear_gp_no_improvement,False
e064c5356fc3735ee8b0,main,bbob_f23_d10,SOBOL,2,BBOB,126.72640143123208,126.72640143123208,130.61,,,valid,linear_gp_no_improvement,False
9e8ca2dc52c97c7a6f55,main,bbob_f23_d10,TPE,2,BBOB,126.72640143123208,126.72640143123208,130.61,,,valid,linear_gp_no_improvement,False
c3dc64802c1722ef4728,main,bbob_f23_d10,CMA_ES,2,BBOB,126.72640143123208,126.72640143123208,130.61,,,valid,linear_gp_no_improvement,False
dc05ba7abb35c3fa3cda,main,bbob_f23_d10,GP,2,BBOB,126.72640143123208,126.72640143123208,130.61,,,valid,linear_gp_no_improvement,False
a7fee49965427dfccc8c,main,bbob_f23_d10,TURBO,2,BBOB,126.72640143123208,126.72640143123208,130.61,,,valid,linear_gp_no_improvement,False
f0a14469138de340ffda,main,bbob_f23_d10,GIT_BO,2,BBOB,126.72640143123208,126.72640143123208,130.61,,,valid,linear_gp_no_improvement,False
03488e34d5ab08f3c13b,main,bbob_f23_d10,RANDOM,3,BBOB,-14.95965602218267,-9.472542977600607,-6.87,,,valid,bounded_gp_piecewise,True
822a07a50e5809f7f2e8,main,bbob_f23_d10,SOBOL,3,BBOB,-14.95965602218267,-9.472542977600607,-6.87,,,valid,bounded_gp_piecewise,True
0c4897ec245b0b59e7ba,main,bbob_f23_d10,TPE,3,BBOB,-14.95965602218267,-9.472542977600607,-6.87,,,valid,bounded_gp_piecewise,True
c93b7bb26d016dac6485,main,bbob_f23_d10,CMA_ES,3,BBOB,-14.95965602218267,-9.472542977600607,-6.87,,,valid,bounded_gp_piecewise,True
67a98efc8b1c7d175446,main,bbob_f23_d10,GP,3,BBOB,-14.95965602218267,-9.472542977600607,-6.87,,,valid,bounded_gp_piecewise,True
14a1ad81c7e7307fc5ee,main,bbob_f23_d10,TURBO,3,BBOB,-14.95965602218267,-9.472542977600607,-6.87,,,valid,bounded_gp_piecewise,True
eabaaf226b3dac94cb5f,main,bbob_f23_d10,GIT_BO,3,BBOB,-14.95965602218267,-9.472542977600607,-6.87,,,valid,bounded_gp_piecewise,True
796a0d8d426d43ca5485,main,bbob_f24_d10,RANDOM,2,BBOB,-253.92289003683396,-106.89309853592009,-13.64,,,valid,bounded_gp_piecewise,True
bd67911834b4a4b8652d,main,bbob_f24_d10,SOBOL,2,BBOB,-253.92289003683396,-106.89309853592009,-13.64,,,valid,bounded_gp_piecewise,True
7fd331e9d99bdc1fa51f,main,bbob_f24_d10,TPE,2,BBOB,-253.92289003683396,-106.89309853592009,-13.64,,,valid,bounded_gp_piecewise,True
ae559336fab0c5fcef48,main,bbob_f24_d10,CMA_ES,2,BBOB,-253.92289003683396,-106.89309853592009,-13.64,,,valid,bounded_gp_piecewise,True
cb57989cf7d5efbee984,main,bbob_f24_d10,GP,2,BBOB,-253.92289003683396,-106.89309853592009,-13.64,,,valid,bounded_gp_piecewise,True
9509f2fd8d5925add70e,main,bbob_f24_d10,TURBO,2,BBOB,-253.92289003683396,-106.89309853592009,-13.64,,,valid,bounded_gp_piecewise,True
8fe76783597d87f38cfd,main,bbob_f24_d10,GIT_BO,2,BBOB,-253.92289003683396,-106.89309853592009,-13.64,,,valid,bounded_gp_piecewise,True
16aedcf8b87f7ce544b6,main,bbob_f24_d10,RANDOM,3,BBOB,-312.32232182153643,-181.7647667909108,-102.61,,,valid,bounded_gp_piecewise,True
c219e30faae3bf63906e,main,bbob_f24_d10,SOBOL,3,BBOB,-312.32232182153643,-181.7647667909108,-102.61,,,valid,bounded_gp_piecewise,True
4125742bc0478ab994c0,main,bbob_f24_d10,TPE,3,BBOB,-312.32232182153643,-181.7647667909108,-102.61,,,valid,bounded_gp_piecewise,True
9c5c98b4bf3b8f471ce1,main,bbob_f24_d10,CMA_ES,3,BBOB,-312.32232182153643,-181.7647667909108,-102.61,,,valid,bounded_gp_piecewise,True
c822a6ed416028309cba,main,bbob_f24_d10,GP,3,BBOB,-312.32232182153643,-181.7647667909108,-102.61,,,valid,bounded_gp_piecewise,True
13a5a93ae0e972b527de,main,bbob_f24_d10,TURBO,3,BBOB,-312.32232182153643,-181.7647667909108,-102.61,,,valid,bounded_gp_piecewise,True
626299fb45b8a268737b,main,bbob_f24_d10,GIT_BO,3,BBOB,-312.32232182153643,-181.7647667909108,-102.61,,,valid,bounded_gp_piecewise,True
c6198efc4784ef354267,development,bbob_f01_d10,continuous__rep1__v0,0,BBOB,-129.89962096927707,-79.57215657582427,-79.48,,,valid,bounded_gp_piecewise,True
dfe5504a9f22754fad65,development,bbob_f01_d10,continuous__rep1__v0,1,BBOB,-466.7880220995126,-394.577651237142,-394.48,,,valid,bounded_gp_piecewise,True
c4cd8a3233ba1f652b8d,development,bbob_f08_d10,continuous__rep1__v0,0,BBOB,-16267.548240416427,-2689.281630599657,-149.15,,,valid,bounded_gp_piecewise,True
842345df97187f776f2f,development,bbob_f08_d10,continuous__rep1__v0,1,BBOB,-21032.73684047742,-3753.828136379524,1000.0,,,valid,bounded_gp_piecewise,True
898c653e0787951f8cdd,development,bbob_f12_d10,continuous__rep1__v0,0,BBOB,-91203369.84832957,-49885351.03852583,621.11,,,valid,bounded_gp_piecewise,True
78ef86fb20af2d7bd150,development,bbob_f12_d10,continuous__rep1__v0,1,BBOB,-98905899.65820712,-48462935.441263385,254.82,,,valid,bounded_gp_piecewise,True
3fe1cf23d198dcb5958f,development,bbob_f21_d10,continuous__rep1__v0,0,BBOB,-109.83648196032189,-47.874296503164615,-40.78,,,valid,bounded_gp_piecewise,True
5f2e1d378235e01ed081,development,bbob_f21_d10,continuous__rep1__v0,1,BBOB,-65.61817654857603,-11.47044848971049,1.6,,,valid,bounded_gp_piecewise,True
3b566692a62b56bfff29,development,bbob_f01_d10,continuous__rep1__v1,0,BBOB,-129.89962096927707,-79.57215657582427,-79.48,,,valid,bounded_gp_piecewise,True
313d994c81c15c40b095,development,bbob_f01_d10,continuous__rep1__v1,1,BBOB,-466.7880220995126,-394.577651237142,-394.48,,,valid,bounded_gp_piecewise,True
229572fedaf0235aab89,development,bbob_f08_d10,continuous__rep1__v1,0,BBOB,-16267.548240416427,-2689.281630599657,-149.15,,,valid,bounded_gp_piecewise,True
1e0e4c242218796a5b94,development,bbob_f08_d10,continuous__rep1__v1,1,BBOB,-21032.73684047742,-3753.828136379524,1000.0,,,valid,bounded_gp_piecewise,True
03e1b510efd8d40f2e3a,development,bbob_f12_d10,continuous__rep1__v1,0,BBOB,-91203369.84832957,-49885351.03852583,621.11,,,valid,bounded_gp_piecewise,True
e21b3ac3b8923eacf6e0,development,bbob_f12_d10,continuous__rep1__v1,1,BBOB,-98905899.65820712,-48462935.441263385,254.82,,,valid,bounded_gp_piecewise,True
3c47a6035ec6f6658828,development,bbob_f21_d10,continuous__rep1__v1,0,BBOB,-109.83648196032189,-47.874296503164615,-40.78,,,valid,bounded_gp_piecewise,True
f8115b37cc6b67966a46,development,bbob_f21_d10,continuous__rep1__v1,1,BBOB,-65.61817654857603,-11.47044848971049,1.6,,,valid,bounded_gp_piecewise,True
9f63914796cc09624ac4,development,bbob_f01_d10,continuous__rep1__v2,0,BBOB,-129.89962096927707,-79.57215657582427,-79.48,,,valid,bounded_gp_piecewise,True
7dd5098ccfbb23660d9e,development,bbob_f01_d10,continuous__rep1__v2,1,BBOB,-466.7880220995126,-394.577651237142,-394.48,,,valid,bounded_gp_piecewise,True
814379ae3e66f6306d8f,development,bbob_f08_d10,continuous__rep1__v2,0,BBOB,-16267.548240416427,-2689.281630599657,-149.15,,,valid,bounded_gp_piecewise,True
562e0825c94388e331ad,development,bbob_f08_d10,continuous__rep1__v2,1,BBOB,-21032.73684047742,-3753.828136379524,1000.0,,,valid,bounded_gp_piecewise,True
d3ac5861c1f40e801c85,development,bbob_f12_d10,continuous__rep1__v2,0,BBOB,-91203369.84832957,-49885351.03852583,621.11,,,valid,bounded_gp_piecewise,True
82abeb16814b20bb0cba,development,bbob_f12_d10,continuous__rep1__v2,1,BBOB,-98905899.65820712,-48462935.441263385,254.82,,,valid,bounded_gp_piecewise,True
204d77f0704461beb1c5,development,bbob_f21_d10,continuous__rep1__v2,0,BBOB,-109.83648196032189,-47.874296503164615,-40.78,,,valid,bounded_gp_piecewise,True
f0a2f34f93e7fc8d130f,development,bbob_f21_d10,continuous__rep1__v2,1,BBOB,-65.61817654857603,-11.47044848971049,1.6,,,valid,bounded_gp_piecewise,True
fb8b72005bfb4a3fa3ce,development,bbob_f01_d10,continuous__rep1__v3,0,BBOB,-129.89962096927707,-79.57215657582427,-79.48,,,valid,bounded_gp_piecewise,True
ef3e58c45ea301637bbb,development,bbob_f01_d10,continuous__rep1__v3,1,BBOB,-466.7880220995126,-394.577651237142,-394.48,,,valid,bounded_gp_piecewise,True
f480cf7f65e8a5a9a97b,development,bbob_f08_d10,continuous__rep1__v3,0,BBOB,-16267.548240416427,-2689.281630599657,-149.15,,,valid,bounded_gp_piecewise,True
a50678cf54327790e172,development,bbob_f08_d10,continuous__rep1__v3,1,BBOB,-21032.73684047742,-3753.828136379524,1000.0,,,valid,bounded_gp_piecewise,True
f50653186e9a979f09a2,development,bbob_f12_d10,continuous__rep1__v3,0,BBOB,-91203369.84832957,-49885351.03852583,621.11,,,valid,bounded_gp_piecewise,True
fea853e293dc4a3c9f39,development,bbob_f12_d10,continuous__rep1__v3,1,BBOB,-98905899.65820712,-48462935.441263385,254.82,,,valid,bounded_gp_piecewise,True
acaefe667d97278583b7,development,bbob_f21_d10,continuous__rep1__v3,0,BBOB,-109.83648196032189,-47.874296503164615,-40.78,,,valid,bounded_gp_piecewise,True
59fb3b90efa03bd37b7a,development,bbob_f21_d10,continuous__rep1__v3,1,BBOB,-65.61817654857603,-11.47044848971049,1.6,,,valid,bounded_gp_piecewise,True
734cb5513a237123ee27,development,bbob_f01_d10,continuous__rep1__v4,0,BBOB,-129.89962096927707,-79.57215657582427,-79.48,,,valid,bounded_gp_piecewise,True
fb64639d03df05129291,development,bbob_f01_d10,continuous__rep1__v4,1,BBOB,-466.7880220995126,-394.577651237142,-394.48,,,valid,bounded_gp_piecewise,True
671d0504f72166e844ed,development,bbob_f08_d10,continuous__rep1__v4,0,BBOB,-16267.548240416427,-2689.281630599657,-149.15,,,valid,bounded_gp_piecewise,True
2579b682dfbf44207c9f,development,bbob_f08_d10,continuous__rep1__v4,1,BBOB,-21032.73684047742,-3753.828136379524,1000.0,,,valid,bounded_gp_piecewise,True
32cc0929e22f088c3f23,development,bbob_f12_d10,continuous__rep1__v4,0,BBOB,-91203369.84832957,-49885351.03852583,621.11,,,valid,bounded_gp_piecewise,True
d233a7f7a07f5d857668,development,bbob_f12_d10,continuous__rep1__v4,1,BBOB,-98905899.65820712,-48462935.441263385,254.82,,,valid,bounded_gp_piecewise,True
e14e777e871e246d3a59,development,bbob_f21_d10,continuous__rep1__v4,0,BBOB,-109.83648196032189,-47.874296503164615,-40.78,,,valid,bounded_gp_piecewise,True
817939fcc9cdac993163,development,bbob_f21_d10,continuous__rep1__v4,1,BBOB,-65.61817654857603,-11.47044848971049,1.6,,,valid,bounded_gp_piecewise,True
d16379b72881a44fb8a2,development,bbob_f01_d10,continuous__rep1__v5,0,BBOB,-129.89962096927707,-79.57215657582427,-79.48,,,valid,bounded_gp_piecewise,True
4edf4c584ee1d2540c9f,development,bbob_f01_d10,continuous__rep1__v5,1,BBOB,-466.7880220995126,-394.577651237142,-394.48,,,valid,bounded_gp_piecewise,True
501038ec0abd640d326d,development,bbob_f08_d10,continuous__rep1__v5,0,BBOB,-16267.548240416427,-2689.281630599657,-149.15,,,valid,bounded_gp_piecewise,True
85902d3944a349884624,development,bbob_f08_d10,continuous__rep1__v5,1,BBOB,-21032.73684047742,-3753.828136379524,1000.0,,,valid,bounded_gp_piecewise,True
5ac37ad24de28cd7bd26,development,bbob_f12_d10,continuous__rep1__v5,0,BBOB,-91203369.84832957,-49885351.03852583,621.11,,,valid,bounded_gp_piecewise,True
783e6fb8254a1951835a,development,bbob_f12_d10,continuous__rep1__v5,1,BBOB,-98905899.65820712,-48462935.441263385,254.82,,,valid,bounded_gp_piecewise,True
302c039fcd30a46ef7f8,development,bbob_f21_d10,continuous__rep1__v5,0,BBOB,-109.83648196032189,-47.874296503164615,-40.78,,,valid,bounded_gp_piecewise,True
441126a0e8666f151fce,development,bbob_f21_d10,continuous__rep1__v5,1,BBOB,-65.61817654857603,-11.47044848971049,1.6,,,valid,bounded_gp_piecewise,True
3b5164ca6bbf4c7ad69e,development,bbob_f01_d10,continuous__rep1__v6,0,BBOB,-129.89962096927707,-79.57215657582427,-79.48,,,valid,bounded_gp_piecewise,True
56d7b4f72789571c56ce,development,bbob_f01_d10,continuous__rep1__v6,1,BBOB,-466.7880220995126,-394.577651237142,-394.48,,,valid,bounded_gp_piecewise,True
9ea086566ca20d5e3b32,development,bbob_f08_d10,continuous__rep1__v6,0,BBOB,-16267.548240416427,-2689.281630599657,-149.15,,,valid,bounded_gp_piecewise,True
112e64dd68d14b7f85f8,development,bbob_f08_d10,continuous__rep1__v6,1,BBOB,-21032.73684047742,-3753.828136379524,1000.0,,,valid,bounded_gp_piecewise,True
335ef1417865ca0ad9a3,development,bbob_f12_d10,continuous__rep1__v6,0,BBOB,-91203369.84832957,-49885351.03852583,621.11,,,valid,bounded_gp_piecewise,True
5f068c431c97ed2a2d80,development,bbob_f12_d10,continuous__rep1__v6,1,BBOB,-98905899.65820712,-48462935.441263385,254.82,,,valid,bounded_gp_piecewise,True
5a54bd59e5063e4d637d,development,bbob_f21_d10,continuous__rep1__v6,0,BBOB,-109.83648196032189,-47.874296503164615,-40.78,,,valid,bounded_gp_piecewise,True
7df1197632ad4d3fa6a3,development,bbob_f21_d10,continuous__rep1__v6,1,BBOB,-65.61817654857603,-11.47044848971049,1.6,,,valid,bounded_gp_piecewise,True
1afc2242c930cf66210a,development,bbob_f01_d10,continuous__rep2__v0,0,BBOB,-129.89962096927707,-79.57215657582427,-79.48,,,valid,bounded_gp_piecewise,True
337e78c4cacf7f8edb0b,development,bbob_f01_d10,continuous__rep2__v0,1,BBOB,-466.7880220995126,-394.577651237142,-394.48,,,valid,bounded_gp_piecewise,True
a895de249726161eb5e2,development,bbob_f08_d10,continuous__rep2__v0,0,BBOB,-16267.548240416427,-2689.281630599657,-149.15,,,valid,bounded_gp_piecewise,True
f8a5709ea5d587becfb7,development,bbob_f08_d10,continuous__rep2__v0,1,BBOB,-21032.73684047742,-3753.828136379524,1000.0,,,valid,bounded_gp_piecewise,True
f69f5d221da025f72cb7,development,bbob_f12_d10,continuous__rep2__v0,0,BBOB,-91203369.84832957,-49885351.03852583,621.11,,,valid,bounded_gp_piecewise,True
cfbc55e6645f320f1a11,development,bbob_f12_d10,continuous__rep2__v0,1,BBOB,-98905899.65820712,-48462935.441263385,254.82,,,valid,bounded_gp_piecewise,True
9b57bf74daeb8344e206,development,bbob_f21_d10,continuous__rep2__v0,0,BBOB,-109.83648196032189,-47.874296503164615,-40.78,,,valid,bounded_gp_piecewise,True
9e8cf553b8d26cbb1eb5,development,bbob_f21_d10,continuous__rep2__v0,1,BBOB,-65.61817654857603,-11.47044848971049,1.6,,,valid,bounded_gp_piecewise,True
289635c4ba6275b02640,development,bbob_f01_d10,continuous__rep2__v1,0,BBOB,-129.89962096927707,-79.57215657582427,-79.48,,,valid,bounded_gp_piecewise,True
7a0606a1289035ee02a1,development,bbob_f01_d10,continuous__rep2__v1,1,BBOB,-466.7880220995126,-394.577651237142,-394.48,,,valid,bounded_gp_piecewise,True
9defe646f366e6090b48,development,bbob_f08_d10,continuous__rep2__v1,0,BBOB,-16267.548240416427,-2689.281630599657,-149.15,,,valid,bounded_gp_piecewise,True
ff18d670a525926fba8e,development,bbob_f08_d10,continuous__rep2__v1,1,BBOB,-21032.73684047742,-3753.828136379524,1000.0,,,valid,bounded_gp_piecewise,True
e0ecbee74ee0344cd863,development,bbob_f12_d10,continuous__rep2__v1,0,BBOB,-91203369.84832957,-49885351.03852583,621.11,,,valid,bounded_gp_piecewise,True
e36e1a0cedca7b05fe1a,development,bbob_f12_d10,continuous__rep2__v1,1,BBOB,-98905899.65820712,-48462935.441263385,254.82,,,valid,bounded_gp_piecewise,True
3119bd72aca23fb37f73,development,bbob_f21_d10,continuous__rep2__v1,0,BBOB,-109.83648196032189,-47.874296503164615,-40.78,,,valid,bounded_gp_piecewise,True
49b68cc29a522e16c70b,development,bbob_f21_d10,continuous__rep2__v1,1,BBOB,-65.61817654857603,-11.47044848971049,1.6,,,valid,bounded_gp_piecewise,True
f32d62b090b9da830198,development,bbob_f01_d10,continuous__rep2__v2,0,BBOB,-129.89962096927707,-79.57215657582427,-79.48,,,valid,bounded_gp_piecewise,True
fff792bcdd63287e96a6,development,bbob_f01_d10,continuous__rep2__v2,1,BBOB,-466.7880220995126,-394.577651237142,-394.48,,,valid,bounded_gp_piecewise,True
cff95feda7c512812633,development,bbob_f08_d10,continuous__rep2__v2,0,BBOB,-16267.548240416427,-2689.281630599657,-149.15,,,valid,bounded_gp_piecewise,True
be2cf2b36f5f72e90eef,development,bbob_f08_d10,continuous__rep2__v2,1,BBOB,-21032.73684047742,-3753.828136379524,1000.0,,,valid,bounded_gp_piecewise,True
1c10682ee58c391bd615,development,bbob_f12_d10,continuous__rep2__v2,0,BBOB,-91203369.84832957,-49885351.03852583,621.11,,,valid,bounded_gp_piecewise,True
1b32d19a8930339773b7,development,bbob_f12_d10,continuous__rep2__v2,1,BBOB,-98905899.65820712,-48462935.441263385,254.82,,,valid,bounded_gp_piecewise,True
4759dbf380a037b65348,development,bbob_f21_d10,continuous__rep2__v2,0,BBOB,-109.83648196032189,-47.874296503164615,-40.78,,,valid,bounded_gp_piecewise,True
12ca2afdd4c7b78447e8,development,bbob_f21_d10,continuous__rep2__v2,1,BBOB,-65.61817654857603,-11.47044848971049,1.6,,,valid,bounded_gp_piecewise,True
9e48bb8d46f51c490e53,development,bbob_f01_d10,continuous__rep2__v3,0,BBOB,-129.89962096927707,-79.57215657582427,-79.48,,,valid,bounded_gp_piecewise,True
4669618106e2bc3132f0,development,bbob_f01_d10,continuous__rep2__v3,1,BBOB,-466.7880220995126,-394.577651237142,-394.48,,,valid,bounded_gp_piecewise,True
16a7cd88c5625d34bed3,development,bbob_f08_d10,continuous__rep2__v3,0,BBOB,-16267.548240416427,-2689.281630599657,-149.15,,,valid,bounded_gp_piecewise,True
5eab60cbf8d706a20dca,development,bbob_f08_d10,continuous__rep2__v3,1,BBOB,-21032.73684047742,-3753.828136379524,1000.0,,,valid,bounded_gp_piecewise,True
ac8aa66d57c80cd08825,development,bbob_f12_d10,continuous__rep2__v3,0,BBOB,-91203369.84832957,-49885351.03852583,621.11,,,valid,bounded_gp_piecewise,True
c62dbfb33528cf515f2d,development,bbob_f12_d10,continuous__rep2__v3,1,BBOB,-98905899.65820712,-48462935.441263385,254.82,,,valid,bounded_gp_piecewise,True
0c675bd4572e46c07b3a,development,bbob_f21_d10,continuous__rep2__v3,0,BBOB,-109.83648196032189,-47.874296503164615,-40.78,,,valid,bounded_gp_piecewise,True
395e7d505a380da724e1,development,bbob_f21_d10,continuous__rep2__v3,1,BBOB,-65.61817654857603,-11.47044848971049,1.6,,,valid,bounded_gp_piecewise,True
ceddf079a50e9799d217,development,bbob_f01_d10,continuous__rep2__v4,0,BBOB,-129.89962096927707,-79.57215657582427,-79.48,,,valid,bounded_gp_piecewise,True
786b617ed5865f8b0e4b,development,bbob_f01_d10,continuous__rep2__v4,1,BBOB,-466.7880220995126,-394.577651237142,-394.48,,,valid,bounded_gp_piecewise,True
15a3a1c14bb9a22a4d05,development,bbob_f08_d10,continuous__rep2__v4,0,BBOB,-16267.548240416427,-2689.281630599657,-149.15,,,valid,bounded_gp_piecewise,True
8c41883a925e731e2488,development,bbob_f08_d10,continuous__rep2__v4,1,BBOB,-21032.73684047742,-3753.828136379524,1000.0,,,valid,bounded_gp_piecewise,True
7633257ffb457a95014b,development,bbob_f12_d10,continuous__rep2__v4,0,BBOB,-91203369.84832957,-49885351.03852583,621.11,,,valid,bounded_gp_piecewise,True
5241c9a4695b4884e4a1,development,bbob_f12_d10,continuous__rep2__v4,1,BBOB,-98905899.65820712,-48462935.441263385,254.82,,,valid,bounded_gp_piecewise,True
28ed2a7735f386e80cf1,development,bbob_f21_d10,continuous__rep2__v4,0,BBOB,-109.83648196032189,-47.874296503164615,-40.78,,,valid,bounded_gp_piecewise,True
eaed3cd091819ac6f68c,development,bbob_f21_d10,continuous__rep2__v4,1,BBOB,-65.61817654857603,-11.47044848971049,1.6,,,valid,bounded_gp_piecewise,True
966d5b7766cdbbfc669d,development,bbob_f01_d10,continuous__rep2__v5,0,BBOB,-129.89962096927707,-79.57215657582427,-79.48,,,valid,bounded_gp_piecewise,True
6ae0462eac1771c869e7,development,bbob_f01_d10,continuous__rep2__v5,1,BBOB,-466.7880220995126,-394.577651237142,-394.48,,,valid,bounded_gp_piecewise,True
461045b7fc1e2bcad8a7,development,bbob_f08_d10,continuous__rep2__v5,0,BBOB,-16267.548240416427,-2689.281630599657,-149.15,,,valid,bounded_gp_piecewise,True
9a86cd706640c4903c62,development,bbob_f08_d10,continuous__rep2__v5,1,BBOB,-21032.73684047742,-3753.828136379524,1000.0,,,valid,bounded_gp_piecewise,True
3b0ebc7c72f3710111eb,development,bbob_f12_d10,continuous__rep2__v5,0,BBOB,-91203369.84832957,-49885351.03852583,621.11,,,valid,bounded_gp_piecewise,True
c683ab6413ec8a6c61b4,development,bbob_f12_d10,continuous__rep2__v5,1,BBOB,-98905899.65820712,-48462935.441263385,254.82,,,valid,bounded_gp_piecewise,True
7a5d5bc2635bedb91818,development,bbob_f21_d10,continuous__rep2__v5,0,BBOB,-109.83648196032189,-47.874296503164615,-40.78,,,valid,bounded_gp_piecewise,True
bc22bd98ce450eae60c0,development,bbob_f21_d10,continuous__rep2__v5,1,BBOB,-65.61817654857603,-11.47044848971049,1.6,,,valid,bounded_gp_piecewise,True
92eaeb07444c3dd4d405,development,bbob_f01_d10,continuous__rep2__v6,0,BBOB,-129.89962096927707,-79.57215657582427,-79.48,,,valid,bounded_gp_piecewise,True
1e8abba58a454ec8f1a6,development,bbob_f01_d10,continuous__rep2__v6,1,BBOB,-466.7880220995126,-394.577651237142,-394.48,,,valid,bounded_gp_piecewise,True
7e578dcd1877cfa3d7df,development,bbob_f08_d10,continuous__rep2__v6,0,BBOB,-16267.548240416427,-2689.281630599657,-149.15,,,valid,bounded_gp_piecewise,True
49ea02fce9ae89ea4c46,development,bbob_f08_d10,continuous__rep2__v6,1,BBOB,-21032.73684047742,-3753.828136379524,1000.0,,,valid,bounded_gp_piecewise,True
5212c0338b39f4159f4a,development,bbob_f12_d10,continuous__rep2__v6,0,BBOB,-91203369.84832957,-49885351.03852583,621.11,,,valid,bounded_gp_piecewise,True
5652e47990c2a46176e9,development,bbob_f12_d10,continuous__rep2__v6,1,BBOB,-98905899.65820712,-48462935.441263385,254.82,,,valid,bounded_gp_piecewise,True
b312a108f2ef1779de5b,development,bbob_f21_d10,continuous__rep2__v6,0,BBOB,-109.83648196032189,-47.874296503164615,-40.78,,,valid,bounded_gp_piecewise,True
fdc56fab898e51e7fed8,development,bbob_f21_d10,continuous__rep2__v6,1,BBOB,-65.61817654857603,-11.47044848971049,1.6,,,valid,bounded_gp_piecewise,True
4849d313faa05e1303a0,development,bbob_f01_d10,continuous__rep3__v0,0,BBOB,-129.89962096927707,-79.57215657582427,-79.48,,,valid,bounded_gp_piecewise,True
9571b5785d441d612e36,development,bbob_f01_d10,continuous__rep3__v0,1,BBOB,-466.7880220995126,-394.577651237142,-394.48,,,valid,bounded_gp_piecewise,True
fdca337968b94523f308,development,bbob_f08_d10,continuous__rep3__v0,0,BBOB,-16267.548240416427,-2689.281630599657,-149.15,,,valid,bounded_gp_piecewise,True
ad295a7944b0e6f3eda2,development,bbob_f08_d10,continuous__rep3__v0,1,BBOB,-21032.73684047742,-3753.828136379524,1000.0,,,valid,bounded_gp_piecewise,True
bdd3eb7cf429619b0bf6,development,bbob_f12_d10,continuous__rep3__v0,0,BBOB,-91203369.84832957,-49885351.03852583,621.11,,,valid,bounded_gp_piecewise,True
15fd4598ebe6936d3831,development,bbob_f12_d10,continuous__rep3__v0,1,BBOB,-98905899.65820712,-48462935.441263385,254.82,,,valid,bounded_gp_piecewise,True
c7b2d968a2016515e1fd,development,bbob_f21_d10,continuous__rep3__v0,0,BBOB,-109.83648196032189,-47.874296503164615,-40.78,,,valid,bounded_gp_piecewise,True
5687fc161360210807a1,development,bbob_f21_d10,continuous__rep3__v0,1,BBOB,-65.61817654857603,-11.47044848971049,1.6,,,valid,bounded_gp_piecewise,True
921e092b7514816cd5d6,development,bbob_f01_d10,continuous__rep3__v1,0,BBOB,-129.89962096927707,-79.57215657582427,-79.48,,,valid,bounded_gp_piecewise,True
b31d5a99b5229d02ba1d,development,bbob_f01_d10,continuous__rep3__v1,1,BBOB,-466.7880220995126,-394.577651237142,-394.48,,,valid,bounded_gp_piecewise,True
8b431bede02adb34fa5a,development,bbob_f08_d10,continuous__rep3__v1,0,BBOB,-16267.548240416427,-2689.281630599657,-149.15,,,valid,bounded_gp_piecewise,True
4f043dcba018545f17ba,development,bbob_f08_d10,continuous__rep3__v1,1,BBOB,-21032.73684047742,-3753.828136379524,1000.0,,,valid,bounded_gp_piecewise,True
5dd43a1371e043df6fcc,development,bbob_f12_d10,continuous__rep3__v1,0,BBOB,-91203369.84832957,-49885351.03852583,621.11,,,valid,bounded_gp_piecewise,True
cd5966099d919583cc37,development,bbob_f12_d10,continuous__rep3__v1,1,BBOB,-98905899.65820712,-48462935.441263385,254.82,,,valid,bounded_gp_piecewise,True
252b5f37d62099250653,development,bbob_f21_d10,continuous__rep3__v1,0,BBOB,-109.83648196032189,-47.874296503164615,-40.78,,,valid,bounded_gp_piecewise,True
b84b87fe5a01f39d24b3,development,bbob_f21_d10,continuous__rep3__v1,1,BBOB,-65.61817654857603,-11.47044848971049,1.6,,,valid,bounded_gp_piecewise,True
41720418d9167a7ec8eb,development,bbob_f01_d10,continuous__rep3__v2,0,BBOB,-129.89962096927707,-79.57215657582427,-79.48,,,valid,bounded_gp_piecewise,True
87c3a9cc7d340aa07d38,development,bbob_f01_d10,continuous__rep3__v2,1,BBOB,-466.7880220995126,-394.577651237142,-394.48,,,valid,bounded_gp_piecewise,True
73855cca073a5c168b8f,development,bbob_f08_d10,continuous__rep3__v2,0,BBOB,-16267.548240416427,-2689.281630599657,-149.15,,,valid,bounded_gp_piecewise,True
d33e1b79316f36e206c6,development,bbob_f08_d10,continuous__rep3__v2,1,BBOB,-21032.73684047742,-3753.828136379524,1000.0,,,valid,bounded_gp_piecewise,True
f1e75d684f177a62ee4d,development,bbob_f12_d10,continuous__rep3__v2,0,BBOB,-91203369.84832957,-49885351.03852583,621.11,,,valid,bounded_gp_piecewise,True
643dfe584448ea72ff19,development,bbob_f12_d10,continuous__rep3__v2,1,BBOB,-98905899.65820712,-48462935.441263385,254.82,,,valid,bounded_gp_piecewise,True
1ff1b976dd35cad77d25,development,bbob_f21_d10,continuous__rep3__v2,0,BBOB,-109.83648196032189,-47.874296503164615,-40.78,,,valid,bounded_gp_piecewise,True
82a342b0716583eb3664,development,bbob_f21_d10,continuous__rep3__v2,1,BBOB,-65.61817654857603,-11.47044848971049,1.6,,,valid,bounded_gp_piecewise,True
16f3a7fb04d558d53356,development,bbob_f01_d10,continuous__rep3__v3,0,BBOB,-129.89962096927707,-79.57215657582427,-79.48,,,valid,bounded_gp_piecewise,True
31284eb7e9ca1a3829e4,development,bbob_f01_d10,continuous__rep3__v3,1,BBOB,-466.7880220995126,-394.577651237142,-394.48,,,valid,bounded_gp_piecewise,True
ad4175a2a7fda45fea3c,development,bbob_f08_d10,continuous__rep3__v3,0,BBOB,-16267.548240416427,-2689.281630599657,-149.15,,,valid,bounded_gp_piecewise,True
ad2897bd982cddcf28a7,development,bbob_f08_d10,continuous__rep3__v3,1,BBOB,-21032.73684047742,-3753.828136379524,1000.0,,,valid,bounded_gp_piecewise,True
e27ee26d08b1c2a8e302,development,bbob_f12_d10,continuous__rep3__v3,0,BBOB,-91203369.84832957,-49885351.03852583,621.11,,,valid,bounded_gp_piecewise,True
5d450db8112a672714fc,development,bbob_f12_d10,continuous__rep3__v3,1,BBOB,-98905899.65820712,-48462935.441263385,254.82,,,valid,bounded_gp_piecewise,True
c150e878daa6a597a36b,development,bbob_f21_d10,continuous__rep3__v3,0,BBOB,-109.83648196032189,-47.874296503164615,-40.78,,,valid,bounded_gp_piecewise,True
837818ac8ec5c48ae640,development,bbob_f21_d10,continuous__rep3__v3,1,BBOB,-65.61817654857603,-11.47044848971049,1.6,,,valid,bounded_gp_piecewise,True
02a3af8fd983ce4a3311,development,bbob_f01_d10,continuous__rep3__v4,0,BBOB,-129.89962096927707,-79.57215657582427,-79.48,,,valid,bounded_gp_piecewise,True
eb1a7c8c3dc7eaf7286d,development,bbob_f01_d10,continuous__rep3__v4,1,BBOB,-466.7880220995126,-394.577651237142,-394.48,,,valid,bounded_gp_piecewise,True
5e25bae1cec047f0adc6,development,bbob_f08_d10,continuous__rep3__v4,0,BBOB,-16267.548240416427,-2689.281630599657,-149.15,,,valid,bounded_gp_piecewise,True
6cee1b6e6a36ae70b8e4,development,bbob_f08_d10,continuous__rep3__v4,1,BBOB,-21032.73684047742,-3753.828136379524,1000.0,,,valid,bounded_gp_piecewise,True
816492e49c689ad3a1c6,development,bbob_f12_d10,continuous__rep3__v4,0,BBOB,-91203369.84832957,-49885351.03852583,621.11,,,valid,bounded_gp_piecewise,True
271e103adec4d5c1ec1e,development,bbob_f12_d10,continuous__rep3__v4,1,BBOB,-98905899.65820712,-48462935.441263385,254.82,,,valid,bounded_gp_piecewise,True
68e3f64c5319a2825fb4,development,bbob_f21_d10,continuous__rep3__v4,0,BBOB,-109.83648196032189,-47.874296503164615,-40.78,,,valid,bounded_gp_piecewise,True
e2c774f48fc96e1a42bf,development,bbob_f21_d10,continuous__rep3__v4,1,BBOB,-65.61817654857603,-11.47044848971049,1.6,,,valid,bounded_gp_piecewise,True
a527866787602eb755c4,development,bbob_f01_d10,continuous__rep3__v5,0,BBOB,-129.89962096927707,-79.57215657582427,-79.48,,,valid,bounded_gp_piecewise,True
11b1e0070f485acacd7b,development,bbob_f01_d10,continuous__rep3__v5,1,BBOB,-466.7880220995126,-394.577651237142,-394.48,,,valid,bounded_gp_piecewise,True
68b07f9ed23bd407b272,development,bbob_f08_d10,continuous__rep3__v5,0,BBOB,-16267.548240416427,-2689.281630599657,-149.15,,,valid,bounded_gp_piecewise,True
2d54b9f4492295dd96bc,development,bbob_f08_d10,continuous__rep3__v5,1,BBOB,-21032.73684047742,-3753.828136379524,1000.0,,,valid,bounded_gp_piecewise,True
1fca51275fe05d0ce2b5,development,bbob_f12_d10,continuous__rep3__v5,0,BBOB,-91203369.84832957,-49885351.03852583,621.11,,,valid,bounded_gp_piecewise,True
b32d6792142fa2e62184,development,bbob_f12_d10,continuous__rep3__v5,1,BBOB,-98905899.65820712,-48462935.441263385,254.82,,,valid,bounded_gp_piecewise,True
1ef4f7f43a89d7cb6974,development,bbob_f21_d10,continuous__rep3__v5,0,BBOB,-109.83648196032189,-47.874296503164615,-40.78,,,valid,bounded_gp_piecewise,True
6218f5b5647028949e46,development,bbob_f21_d10,continuous__rep3__v5,1,BBOB,-65.61817654857603,-11.47044848971049,1.6,,,valid,bounded_gp_piecewise,True
6b0556981de7f661294b,development,bbob_f01_d10,continuous__rep3__v6,0,BBOB,-129.89962096927707,-79.57215657582427,-79.48,,,valid,bounded_gp_piecewise,True
55252bba0aa7770e232b,development,bbob_f01_d10,continuous__rep3__v6,1,BBOB,-466.7880220995126,-394.577651237142,-394.48,,,valid,bounded_gp_piecewise,True
ba9f91124aa7a6ad4cd9,development,bbob_f08_d10,continuous__rep3__v6,0,BBOB,-16267.548240416427,-2689.281630599657,-149.15,,,valid,bounded_gp_piecewise,True
813985526491baa0f5cd,development,bbob_f08_d10,continuous__rep3__v6,1,BBOB,-21032.73684047742,-3753.828136379524,1000.0,,,valid,bounded_gp_piecewise,True
118a1e647cdc05641c84,development,bbob_f12_d10,continuous__rep3__v6,0,BBOB,-91203369.84832957,-49885351.03852583,621.11,,,valid,bounded_gp_piecewise,True
dfb351c9d286345dc0f3,development,bbob_f12_d10,continuous__rep3__v6,1,BBOB,-98905899.65820712,-48462935.441263385,254.82,,,valid,bounded_gp_piecewise,True
31222d7c03e4cb89d965,development,bbob_f21_d10,continuous__rep3__v6,0,BBOB,-109.83648196032189,-47.874296503164615,-40.78,,,valid,bounded_gp_piecewise,True
5274218d908681e7bf43,development,bbob_f21_d10,continuous__rep3__v6,1,BBOB,-65.61817654857603,-11.47044848971049,1.6,,,valid,bounded_gp_piecewise,True
4bac4bcdc6af7e6dd552,development,hpo_bayesmark_iris_svm,hpo__rep1__v0,0,HPO,-0.050000000000000044,-0.04166666666666663,,0.008333333333333415,matched_gp_improvement,valid,gp_linear_smooth_exponential_tail,True
21cd00916e0e1917aa12,development,hpo_bayesmark_iris_svm,hpo__rep1__v0,1,HPO,-0.07499999999999996,-0.04166666666666663,,0.033333333333333326,matched_gp_improvement,valid,gp_linear_smooth_exponential_tail,True
8f91654e8eb5f840ab61,development,hpo_bayesmark_digits_svm,hpo__rep1__v0,0,HPO,-0.008352690669763851,-0.007655826558265466,,0.0006968641114983853,matched_gp_improvement,valid,gp_linear_smooth_exponential_tail,True
24e0f481cc2684387968,development,hpo_bayesmark_digits_svm,hpo__rep1__v0,1,HPO,-0.008352690669763851,-0.007655826558265466,,0.0006968641114983853,matched_gp_improvement,valid,gp_linear_smooth_exponential_tail,True
4450357db8a56eac8a13,development,hpo_bayesmark_wine_random_forest,hpo__rep1__v0,0,HPO,-0.09852216748768472,-0.027832512315270952,,0.07068965517241377,matched_gp_improvement,valid,gp_linear_smooth_exponential_tail,True
e15bd39c0c6ce353f03f,development,hpo_bayesmark_wine_random_forest,hpo__rep1__v0,1,HPO,-0.041871921182266014,-0.02783251231527084,,0.014039408866995173,matched_gp_improvement,valid,gp_linear_smooth_exponential_tail,True
4c0b060021dfe1bcef86,development,hpo_bayesmark_digits_random_forest,hpo__rep1__v0,0,HPO,-0.34933701122725513,-0.1002250290360045,,0.24911198219125064,matched_gp_improvement,valid,gp_linear_smooth_exponential_tail,True
3bafc80a0c04f51c330a,development,hpo_bayesmark_digits_random_forest,hpo__rep1__v0,1,HPO,-0.13848964382500972,-0.13430845915602008,,0.004181184668989646,matched_gp_improvement,valid,gp_linear_smooth_exponential_tail,True
1f5031d95a0ef0224987,development,hpo_bayesmark_iris_svm,hpo__rep1__v1,0,HPO,-0.050000000000000044,-0.04166666666666663,,0.008333333333333415,matched_gp_improvement,valid,gp_linear_smooth_exponential_tail,True
a1aaa595c91664c0221a,development,hpo_bayesmark_iris_svm,hpo__rep1__v1,1,HPO,-0.07499999999999996,-0.04166666666666663,,0.033333333333333326,matched_gp_improvement,valid,gp_linear_smooth_exponential_tail,True
4352b4a5ba9b10c08398,development,hpo_bayesmark_digits_svm,hpo__rep1__v1,0,HPO,-0.008352690669763851,-0.007655826558265466,,0.0006968641114983853,matched_gp_improvement,valid,gp_linear_smooth_exponential_tail,True
e222c026ee59a07e40e7,development,hpo_bayesmark_digits_svm,hpo__rep1__v1,1,HPO,-0.008352690669763851,-0.007655826558265466,,0.0006968641114983853,matched_gp_improvement,valid,gp_linear_smooth_exponential_tail,True
3dabc0dbe459470fc2f6,development,hpo_bayesmark_wine_random_forest,hpo__rep1__v1,0,HPO,-0.09852216748768472,-0.027832512315270952,,0.07068965517241377,matched_gp_improvement,valid,gp_linear_smooth_exponential_tail,True
c9c82d83281063f12b53,development,hpo_bayesmark_wine_random_forest,hpo__rep1__v1,1,HPO,-0.041871921182266014,-0.02783251231527084,,0.014039408866995173,matched_gp_improvement,valid,gp_linear_smooth_exponential_tail,True
896b11ae8ec3e1f180f4,development,hpo_bayesmark_digits_random_forest,hpo__rep1__v1,0,HPO,-0.34933701122725513,-0.1002250290360045,,0.24911198219125064,matched_gp_improvement,valid,gp_linear_smooth_exponential_tail,True
c7e5551b0f72654a5452,development,hpo_bayesmark_digits_random_forest,hpo__rep1__v1,1,HPO,-0.13848964382500972,-0.13430845915602008,,0.004181184668989646,matched_gp_improvement,valid,gp_linear_smooth_exponential_tail,True
707a88cf9a3e8e032bbe,development,hpo_bayesmark_iris_svm,hpo__rep1__v2,0,HPO,-0.050000000000000044,-0.04166666666666663,,0.008333333333333415,matched_gp_improvement,valid,gp_linear_smooth_exponential_tail,True
563afbc2308a53705e81,development,hpo_bayesmark_iris_svm,hpo__rep1__v2,1,HPO,-0.07499999999999996,-0.04166666666666663,,0.033333333333333326,matched_gp_improvement,valid,gp_linear_smooth_exponential_tail,True
d2bf2759b23d240f471f,development,hpo_bayesmark_digits_svm,hpo__rep1__v2,0,HPO,-0.008352690669763851,-0.007655826558265466,,0.0006968641114983853,matched_gp_improvement,valid,gp_linear_smooth_exponential_tail,True
6d0ecb7e994346f129c4,development,hpo_bayesmark_digits_svm,hpo__rep1__v2,1,HPO,-0.008352690669763851,-0.007655826558265466,,0.0006968641114983853,matched_gp_improvement,valid,gp_linear_smooth_exponential_tail,True
4f69c27c2ab71690c83e,development,hpo_bayesmark_wine_random_forest,hpo__rep1__v2,0,HPO,-0.09852216748768472,-0.027832512315270952,,0.07068965517241377,matched_gp_improvement,valid,gp_linear_smooth_exponential_tail,True
81494d6f37ea20a76733,development,hpo_bayesmark_wine_random_forest,hpo__rep1__v2,1,HPO,-0.041871921182266014,-0.02783251231527084,,0.014039408866995173,matched_gp_improvement,valid,gp_linear_smooth_exponential_tail,True
24ab70378bb9ce18bb05,development,hpo_bayesmark_digits_random_forest,hpo__rep1__v2,0,HPO,-0.34933701122725513,-0.1002250290360045,,0.24911198219125064,matched_gp_improvement,valid,gp_linear_smooth_exponential_tail,True
794c0cdcd75090679d24,development,hpo_bayesmark_digits_random_forest,hpo__rep1__v2,1,HPO,-0.13848964382500972,-0.13430845915602008,,0.004181184668989646,matched_gp_improvement,valid,gp_linear_smooth_exponential_tail,True
02dfdd528706deb8cc14,development,hpo_bayesmark_iris_svm,hpo__rep1__v3,0,HPO,-0.050000000000000044,-0.04166666666666663,,0.008333333333333415,matched_gp_improvement,valid,gp_linear_smooth_exponential_tail,True
1ba201cd53ef79d3a64e,development,hpo_bayesmark_iris_svm,hpo__rep1__v3,1,HPO,-0.07499999999999996,-0.04166666666666663,,0.033333333333333326,matched_gp_improvement,valid,gp_linear_smooth_exponential_tail,True
88d39c97eaed9b87f9dd,development,hpo_bayesmark_digits_svm,hpo__rep1__v3,0,HPO,-0.008352690669763851,-0.007655826558265466,,0.0006968641114983853,matched_gp_improvement,valid,gp_linear_smooth_exponential_tail,True
049c5d1fc5c393e6b692,development,hpo_bayesmark_digits_svm,hpo__rep1__v3,1,HPO,-0.008352690669763851,-0.007655826558265466,,0.0006968641114983853,matched_gp_improvement,valid,gp_linear_smooth_exponential_tail,True
c08697a24611e149ea49,development,hpo_bayesmark_wine_random_forest,hpo__rep1__v3,0,HPO,-0.09852216748768472,-0.027832512315270952,,0.07068965517241377,matched_gp_improvement,valid,gp_linear_smooth_exponential_tail,True
680943201087146cb83a,development,hpo_bayesmark_wine_random_forest,hpo__rep1__v3,1,HPO,-0.041871921182266014,-0.02783251231527084,,0.014039408866995173,matched_gp_improvement,valid,gp_linear_smooth_exponential_tail,True
555c70a8c9a9650c4dfa,development,hpo_bayesmark_digits_random_forest,hpo__rep1__v3,0,HPO,-0.34933701122725513,-0.1002250290360045,,0.24911198219125064,matched_gp_improvement,valid,gp_linear_smooth_exponential_tail,True
290901357b7805a6c211,development,hpo_bayesmark_digits_random_forest,hpo__rep1__v3,1,HPO,-0.13848964382500972,-0.13430845915602008,,0.004181184668989646,matched_gp_improvement,valid,gp_linear_smooth_exponential_tail,True
396d3e130d8172bc8c01,development,hpo_bayesmark_iris_svm,hpo__rep1__v4,0,HPO,-0.050000000000000044,-0.04166666666666663,,0.008333333333333415,matched_gp_improvement,valid,gp_linear_smooth_exponential_tail,True
a64b1e5aa92963136543,development,hpo_bayesmark_iris_svm,hpo__rep1__v4,1,HPO,-0.07499999999999996,-0.04166666666666663,,0.033333333333333326,matched_gp_improvement,valid,gp_linear_smooth_exponential_tail,True
1d7f434e7d2d9b85a15e,development,hpo_bayesmark_digits_svm,hpo__rep1__v4,0,HPO,-0.008352690669763851,-0.007655826558265466,,0.0006968641114983853,matched_gp_improvement,valid,gp_linear_smooth_exponential_tail,True
85b671b28856630e6a3a,development,hpo_bayesmark_digits_svm,hpo__rep1__v4,1,HPO,-0.008352690669763851,-0.007655826558265466,,0.0006968641114983853,matched_gp_improvement,valid,gp_linear_smooth_exponential_tail,True
0d0db75d8fbe161fb54f,development,hpo_bayesmark_wine_random_forest,hpo__rep1__v4,0,HPO,-0.09852216748768472,-0.027832512315270952,,0.07068965517241377,matched_gp_improvement,valid,gp_linear_smooth_exponential_tail,True
c239c51c541798990ab7,development,hpo_bayesmark_wine_random_forest,hpo__rep1__v4,1,HPO,-0.041871921182266014,-0.02783251231527084,,0.014039408866995173,matched_gp_improvement,valid,gp_linear_smooth_exponential_tail,True
c972b703ad6caf0103ff,development,hpo_bayesmark_digits_random_forest,hpo__rep1__v4,0,HPO,-0.34933701122725513,-0.1002250290360045,,0.24911198219125064,matched_gp_improvement,valid,gp_linear_smooth_exponential_tail,True
4533ba116f365dafc396,development,hpo_bayesmark_digits_random_forest,hpo__rep1__v4,1,HPO,-0.13848964382500972,-0.13430845915602008,,0.004181184668989646,matched_gp_improvement,valid,gp_linear_smooth_exponential_tail,True
750e173ce0a43e03c3b9,development,hpo_bayesmark_iris_svm,hpo__rep1__v5,0,HPO,-0.050000000000000044,-0.04166666666666663,,0.008333333333333415,matched_gp_improvement,valid,gp_linear_smooth_exponential_tail,True
dd4ab9b1c19839ccaa26,development,hpo_bayesmark_iris_svm,hpo__rep1__v5,1,HPO,-0.07499999999999996,-0.04166666666666663,,0.033333333333333326,matched_gp_improvement,valid,gp_linear_smooth_exponential_tail,True
433cb5dfeb02454b416e,development,hpo_bayesmark_digits_svm,hpo__rep1__v5,0,HPO,-0.008352690669763851,-0.007655826558265466,,0.0006968641114983853,matched_gp_improvement,valid,gp_linear_smooth_exponential_tail,True
2eb2716df8d64c84ecac,development,hpo_bayesmark_digits_svm,hpo__rep1__v5,1,HPO,-0.008352690669763851,-0.007655826558265466,,0.0006968641114983853,matched_gp_improvement,valid,gp_linear_smooth_exponential_tail,True
4b3e64314026f1ff7a9c,development,hpo_bayesmark_wine_random_forest,hpo__rep1__v5,0,HPO,-0.09852216748768472,-0.027832512315270952,,0.07068965517241377,matched_gp_improvement,valid,gp_linear_smooth_exponential_tail,True
ef5b54f9aa43ebcf7bec,development,hpo_bayesmark_wine_random_forest,hpo__rep1__v5,1,HPO,-0.041871921182266014,-0.02783251231527084,,0.014039408866995173,matched_gp_improvement,valid,gp_linear_smooth_exponential_tail,True
f8173d97554a4ae29a9a,development,hpo_bayesmark_digits_random_forest,hpo__rep1__v5,0,HPO,-0.34933701122725513,-0.1002250290360045,,0.24911198219125064,matched_gp_improvement,valid,gp_linear_smooth_exponential_tail,True
866c6c92d6fb3491abef,development,hpo_bayesmark_digits_random_forest,hpo__rep1__v5,1,HPO,-0.13848964382500972,-0.13430845915602008,,0.004181184668989646,matched_gp_improvement,valid,gp_linear_smooth_exponential_tail,True
4776e47abd5a929c83ff,development,hpo_bayesmark_iris_svm,hpo__rep1__v6,0,HPO,-0.050000000000000044,-0.04166666666666663,,0.008333333333333415,matched_gp_improvement,valid,gp_linear_smooth_exponential_tail,True
4c4484a695ca74c6b863,development,hpo_bayesmark_iris_svm,hpo__rep1__v6,1,HPO,-0.07499999999999996,-0.04166666666666663,,0.033333333333333326,matched_gp_improvement,valid,gp_linear_smooth_exponential_tail,True
aa208cf8ad4ef65aafd8,development,hpo_bayesmark_digits_svm,hpo__rep1__v6,0,HPO,-0.008352690669763851,-0.007655826558265466,,0.0006968641114983853,matched_gp_improvement,valid,gp_linear_smooth_exponential_tail,True
14c4437b04f29fd07676,development,hpo_bayesmark_digits_svm,hpo__rep1__v6,1,HPO,-0.008352690669763851,-0.007655826558265466,,0.0006968641114983853,matched_gp_improvement,valid,gp_linear_smooth_exponential_tail,True
bf09f9c27cde3bc33d19,development,hpo_bayesmark_wine_random_forest,hpo__rep1__v6,0,HPO,-0.09852216748768472,-0.027832512315270952,,0.07068965517241377,matched_gp_improvement,valid,gp_linear_smooth_exponential_tail,True
c9d210f284554437c0ad,development,hpo_bayesmark_wine_random_forest,hpo__rep1__v6,1,HPO,-0.041871921182266014,-0.02783251231527084,,0.014039408866995173,matched_gp_improvement,valid,gp_linear_smooth_exponential_tail,True
22c1bda9cc92b281ffeb,development,hpo_bayesmark_digits_random_forest,hpo__rep1__v6,0,HPO,-0.34933701122725513,-0.1002250290360045,,0.24911198219125064,matched_gp_improvement,valid,gp_linear_smooth_exponential_tail,True
9e54a0b5382c64670ad6,development,hpo_bayesmark_digits_random_forest,hpo__rep1__v6,1,HPO,-0.13848964382500972,-0.13430845915602008,,0.004181184668989646,matched_gp_improvement,valid,gp_linear_smooth_exponential_tail,True
e3352ca7989df0a5c0a0,development,hpo_bayesmark_iris_svm,hpo__rep2__v0,0,HPO,-0.050000000000000044,-0.04166666666666663,,0.008333333333333415,matched_gp_improvement,valid,gp_linear_smooth_exponential_tail,True
6d38db586f77c9a8294d,development,hpo_bayesmark_iris_svm,hpo__rep2__v0,1,HPO,-0.07499999999999996,-0.04166666666666663,,0.033333333333333326,matched_gp_improvement,valid,gp_linear_smooth_exponential_tail,True
8ec67ed239fc7d7189ce,development,hpo_bayesmark_digits_svm,hpo__rep2__v0,0,HPO,-0.008352690669763851,-0.007655826558265466,,0.0006968641114983853,matched_gp_improvement,valid,gp_linear_smooth_exponential_tail,True
b149696f7c1bd5ea722b,development,hpo_bayesmark_digits_svm,hpo__rep2__v0,1,HPO,-0.008352690669763851,-0.007655826558265466,,0.0006968641114983853,matched_gp_improvement,valid,gp_linear_smooth_exponential_tail,True
6666077b0b752a84a3b3,development,hpo_bayesmark_wine_random_forest,hpo__rep2__v0,0,HPO,-0.09852216748768472,-0.027832512315270952,,0.07068965517241377,matched_gp_improvement,valid,gp_linear_smooth_exponential_tail,True
3e41b20763ce259ad5df,development,hpo_bayesmark_wine_random_forest,hpo__rep2__v0,1,HPO,-0.041871921182266014,-0.02783251231527084,,0.014039408866995173,matched_gp_improvement,valid,gp_linear_smooth_exponential_tail,True
06a842a81f387bcd68d0,development,hpo_bayesmark_digits_random_forest,hpo__rep2__v0,0,HPO,-0.34933701122725513,-0.1002250290360045,,0.24911198219125064,matched_gp_improvement,valid,gp_linear_smooth_exponential_tail,True
5faec03175c09bb15d8f,development,hpo_bayesmark_digits_random_forest,hpo__rep2__v0,1,HPO,-0.13848964382500972,-0.13430845915602008,,0.004181184668989646,matched_gp_improvement,valid,gp_linear_smooth_exponential_tail,True
c68d5a2740e001033a5c,development,hpo_bayesmark_iris_svm,hpo__rep2__v1,0,HPO,-0.050000000000000044,-0.04166666666666663,,0.008333333333333415,matched_gp_improvement,valid,gp_linear_smooth_exponential_tail,True
2c134141e7e1de145ba2,development,hpo_bayesmark_iris_svm,hpo__rep2__v1,1,HPO,-0.07499999999999996,-0.04166666666666663,,0.033333333333333326,matched_gp_improvement,valid,gp_linear_smooth_exponential_tail,True
0d8933e75ce289275524,development,hpo_bayesmark_digits_svm,hpo__rep2__v1,0,HPO,-0.008352690669763851,-0.007655826558265466,,0.0006968641114983853,matched_gp_improvement,valid,gp_linear_smooth_exponential_tail,True
ae1a1d0766fc866e2780,development,hpo_bayesmark_digits_svm,hpo__rep2__v1,1,HPO,-0.008352690669763851,-0.007655826558265466,,0.0006968641114983853,matched_gp_improvement,valid,gp_linear_smooth_exponential_tail,True
0b8c27198e2617747cf9,development,hpo_bayesmark_wine_random_forest,hpo__rep2__v1,0,HPO,-0.09852216748768472,-0.027832512315270952,,0.07068965517241377,matched_gp_improvement,valid,gp_linear_smooth_exponential_tail,True
7d2adf6aa84456dcc285,development,hpo_bayesmark_wine_random_forest,hpo__rep2__v1,1,HPO,-0.041871921182266014,-0.02783251231527084,,0.014039408866995173,matched_gp_improvement,valid,gp_linear_smooth_exponential_tail,True
da56e3a1ba51ff2c983e,development,hpo_bayesmark_digits_random_forest,hpo__rep2__v1,0,HPO,-0.34933701122725513,-0.1002250290360045,,0.24911198219125064,matched_gp_improvement,valid,gp_linear_smooth_exponential_tail,True
87cc48e912beeab72c16,development,hpo_bayesmark_digits_random_forest,hpo__rep2__v1,1,HPO,-0.13848964382500972,-0.13430845915602008,,0.004181184668989646,matched_gp_improvement,valid,gp_linear_smooth_exponential_tail,True
b25c603c148086f8ca05,development,hpo_bayesmark_iris_svm,hpo__rep2__v2,0,HPO,-0.050000000000000044,-0.04166666666666663,,0.008333333333333415,matched_gp_improvement,valid,gp_linear_smooth_exponential_tail,True
183721b0efd9ec55b03d,development,hpo_bayesmark_iris_svm,hpo__rep2__v2,1,HPO,-0.07499999999999996,-0.04166666666666663,,0.033333333333333326,matched_gp_improvement,valid,gp_linear_smooth_exponential_tail,True
e28cb14d99a150c8e4ae,development,hpo_bayesmark_digits_svm,hpo__rep2__v2,0,HPO,-0.008352690669763851,-0.007655826558265466,,0.0006968641114983853,matched_gp_improvement,valid,gp_linear_smooth_exponential_tail,True
123724ec572cc61be53f,development,hpo_bayesmark_digits_svm,hpo__rep2__v2,1,HPO,-0.008352690669763851,-0.007655826558265466,,0.0006968641114983853,matched_gp_improvement,valid,gp_linear_smooth_exponential_tail,True
e5c9f3a71f1c50d73e34,development,hpo_bayesmark_wine_random_forest,hpo__rep2__v2,0,HPO,-0.09852216748768472,-0.027832512315270952,,0.07068965517241377,matched_gp_improvement,valid,gp_linear_smooth_exponential_tail,True
4c537848b62477901035,development,hpo_bayesmark_wine_random_forest,hpo__rep2__v2,1,HPO,-0.041871921182266014,-0.02783251231527084,,0.014039408866995173,matched_gp_improvement,valid,gp_linear_smooth_exponential_tail,True
c7392bda7c7541973723,development,hpo_bayesmark_digits_random_forest,hpo__rep2__v2,0,HPO,-0.34933701122725513,-0.1002250290360045,,0.24911198219125064,matched_gp_improvement,valid,gp_linear_smooth_exponential_tail,True
eec5cf59888fad087c0a,development,hpo_bayesmark_digits_random_forest,hpo__rep2__v2,1,HPO,-0.13848964382500972,-0.13430845915602008,,0.004181184668989646,matched_gp_improvement,valid,gp_linear_smooth_exponential_tail,True
54aef00a9290b5f23661,development,hpo_bayesmark_iris_svm,hpo__rep2__v3,0,HPO,-0.050000000000000044,-0.04166666666666663,,0.008333333333333415,matched_gp_improvement,valid,gp_linear_smooth_exponential_tail,True
b8f45b30dddf53b30a1e,development,hpo_bayesmark_iris_svm,hpo__rep2__v3,1,HPO,-0.07499999999999996,-0.04166666666666663,,0.033333333333333326,matched_gp_improvement,valid,gp_linear_smooth_exponential_tail,True
279c017ef4a1dacb9701,development,hpo_bayesmark_digits_svm,hpo__rep2__v3,0,HPO,-0.008352690669763851,-0.007655826558265466,,0.0006968641114983853,matched_gp_improvement,valid,gp_linear_smooth_exponential_tail,True
84430e7cf921f51f2f35,development,hpo_bayesmark_digits_svm,hpo__rep2__v3,1,HPO,-0.008352690669763851,-0.007655826558265466,,0.0006968641114983853,matched_gp_improvement,valid,gp_linear_smooth_exponential_tail,True
8c519abad729bb3aa5ca,development,hpo_bayesmark_wine_random_forest,hpo__rep2__v3,0,HPO,-0.09852216748768472,-0.027832512315270952,,0.07068965517241377,matched_gp_improvement,valid,gp_linear_smooth_exponential_tail,True
98a9563d16fa8621321a,development,hpo_bayesmark_wine_random_forest,hpo__rep2__v3,1,HPO,-0.041871921182266014,-0.02783251231527084,,0.014039408866995173,matched_gp_improvement,valid,gp_linear_smooth_exponential_tail,True
2279457e06a5d22b2f7d,development,hpo_bayesmark_digits_random_forest,hpo__rep2__v3,0,HPO,-0.34933701122725513,-0.1002250290360045,,0.24911198219125064,matched_gp_improvement,valid,gp_linear_smooth_exponential_tail,True
5dc0a545df07b560ff89,development,hpo_bayesmark_digits_random_forest,hpo__rep2__v3,1,HPO,-0.13848964382500972,-0.13430845915602008,,0.004181184668989646,matched_gp_improvement,valid,gp_linear_smooth_exponential_tail,True
19ce2127cd0b5cd50b9c,development,hpo_bayesmark_iris_svm,hpo__rep2__v4,0,HPO,-0.050000000000000044,-0.04166666666666663,,0.008333333333333415,matched_gp_improvement,valid,gp_linear_smooth_exponential_tail,True
d9045d6d6e5aaa02d2d1,development,hpo_bayesmark_iris_svm,hpo__rep2__v4,1,HPO,-0.07499999999999996,-0.04166666666666663,,0.033333333333333326,matched_gp_improvement,valid,gp_linear_smooth_exponential_tail,True
09d4885ff8dcf84ceb17,development,hpo_bayesmark_digits_svm,hpo__rep2__v4,0,HPO,-0.008352690669763851,-0.007655826558265466,,0.0006968641114983853,matched_gp_improvement,valid,gp_linear_smooth_exponential_tail,True
4a33634b89a6bbe50b6f,development,hpo_bayesmark_digits_svm,hpo__rep2__v4,1,HPO,-0.008352690669763851,-0.007655826558265466,,0.0006968641114983853,matched_gp_improvement,valid,gp_linear_smooth_exponential_tail,True
d375c42e9cb4667c5a5f,development,hpo_bayesmark_wine_random_forest,hpo__rep2__v4,0,HPO,-0.09852216748768472,-0.027832512315270952,,0.07068965517241377,matched_gp_improvement,valid,gp_linear_smooth_exponential_tail,True
3240e51bb1be0c8a4b22,development,hpo_bayesmark_wine_random_forest,hpo__rep2__v4,1,HPO,-0.041871921182266014,-0.02783251231527084,,0.014039408866995173,matched_gp_improvement,valid,gp_linear_smooth_exponential_tail,True
577741145b92d20a9d41,development,hpo_bayesmark_digits_random_forest,hpo__rep2__v4,0,HPO,-0.34933701122725513,-0.1002250290360045,,0.24911198219125064,matched_gp_improvement,valid,gp_linear_smooth_exponential_tail,True
c033146f4dbf83fb64af,development,hpo_bayesmark_digits_random_forest,hpo__rep2__v4,1,HPO,-0.13848964382500972,-0.13430845915602008,,0.004181184668989646,matched_gp_improvement,valid,gp_linear_smooth_exponential_tail,True
d1c51679a116f01f6b85,development,hpo_bayesmark_iris_svm,hpo__rep2__v5,0,HPO,-0.050000000000000044,-0.04166666666666663,,0.008333333333333415,matched_gp_improvement,valid,gp_linear_smooth_exponential_tail,True
352c12b316e05ab42539,development,hpo_bayesmark_iris_svm,hpo__rep2__v5,1,HPO,-0.07499999999999996,-0.04166666666666663,,0.033333333333333326,matched_gp_improvement,valid,gp_linear_smooth_exponential_tail,True
3fe1bf0e6f9733f1dd94,development,hpo_bayesmark_digits_svm,hpo__rep2__v5,0,HPO,-0.008352690669763851,-0.007655826558265466,,0.0006968641114983853,matched_gp_improvement,valid,gp_linear_smooth_exponential_tail,True
2198f79cbb0f13ba45f8,development,hpo_bayesmark_digits_svm,hpo__rep2__v5,1,HPO,-0.008352690669763851,-0.007655826558265466,,0.0006968641114983853,matched_gp_improvement,valid,gp_linear_smooth_exponential_tail,True
47e7f539d53cd6932844,development,hpo_bayesmark_wine_random_forest,hpo__rep2__v5,0,HPO,-0.09852216748768472,-0.027832512315270952,,0.07068965517241377,matched_gp_improvement,valid,gp_linear_smooth_exponential_tail,True
a33824af7e2a5eb6ab4b,development,hpo_bayesmark_wine_random_forest,hpo__rep2__v5,1,HPO,-0.041871921182266014,-0.02783251231527084,,0.014039408866995173,matched_gp_improvement,valid,gp_linear_smooth_exponential_tail,True
b733895820d86d099cb6,development,hpo_bayesmark_digits_random_forest,hpo__rep2__v5,0,HPO,-0.34933701122725513,-0.1002250290360045,,0.24911198219125064,matched_gp_improvement,valid,gp_linear_smooth_exponential_tail,True
68a377ec42a5a564aab5,development,hpo_bayesmark_digits_random_forest,hpo__rep2__v5,1,HPO,-0.13848964382500972,-0.13430845915602008,,0.004181184668989646,matched_gp_improvement,valid,gp_linear_smooth_exponential_tail,True
4048cdd5851f1178b122,development,hpo_bayesmark_iris_svm,hpo__rep2__v6,0,HPO,-0.050000000000000044,-0.04166666666666663,,0.008333333333333415,matched_gp_improvement,valid,gp_linear_smooth_exponential_tail,True
e39867a7cbd67e49a804,development,hpo_bayesmark_iris_svm,hpo__rep2__v6,1,HPO,-0.07499999999999996,-0.04166666666666663,,0.033333333333333326,matched_gp_improvement,valid,gp_linear_smooth_exponential_tail,True
fcdbfc099b0c61e0ea37,development,hpo_bayesmark_digits_svm,hpo__rep2__v6,0,HPO,-0.008352690669763851,-0.007655826558265466,,0.0006968641114983853,matched_gp_improvement,valid,gp_linear_smooth_exponential_tail,True
4cd534dfd3e7bb47e16f,development,hpo_bayesmark_digits_svm,hpo__rep2__v6,1,HPO,-0.008352690669763851,-0.007655826558265466,,0.0006968641114983853,matched_gp_improvement,valid,gp_linear_smooth_exponential_tail,True
dddbb54c5969b984c83e,development,hpo_bayesmark_wine_random_forest,hpo__rep2__v6,0,HPO,-0.09852216748768472,-0.027832512315270952,,0.07068965517241377,matched_gp_improvement,valid,gp_linear_smooth_exponential_tail,True
8f60c876443b5aa90ba8,development,hpo_bayesmark_wine_random_forest,hpo__rep2__v6,1,HPO,-0.041871921182266014,-0.02783251231527084,,0.014039408866995173,matched_gp_improvement,valid,gp_linear_smooth_exponential_tail,True
9a0e1f32e8a76a88cc21,development,hpo_bayesmark_digits_random_forest,hpo__rep2__v6,0,HPO,-0.34933701122725513,-0.1002250290360045,,0.24911198219125064,matched_gp_improvement,valid,gp_linear_smooth_exponential_tail,True
0d25bc399f2b6af707c1,development,hpo_bayesmark_digits_random_forest,hpo__rep2__v6,1,HPO,-0.13848964382500972,-0.13430845915602008,,0.004181184668989646,matched_gp_improvement,valid,gp_linear_smooth_exponential_tail,True
a0ac6eb6a665057d78ee,development,hpo_bayesmark_iris_svm,hpo__rep3__v0,0,HPO,-0.050000000000000044,-0.04166666666666663,,0.008333333333333415,matched_gp_improvement,valid,gp_linear_smooth_exponential_tail,True
a75e2afa2a115a6c85bd,development,hpo_bayesmark_iris_svm,hpo__rep3__v0,1,HPO,-0.07499999999999996,-0.04166666666666663,,0.033333333333333326,matched_gp_improvement,valid,gp_linear_smooth_exponential_tail,True
7135db571b8966cd250e,development,hpo_bayesmark_digits_svm,hpo__rep3__v0,0,HPO,-0.008352690669763851,-0.007655826558265466,,0.0006968641114983853,matched_gp_improvement,valid,gp_linear_smooth_exponential_tail,True
39b0b879d47aac7bbf0b,development,hpo_bayesmark_digits_svm,hpo__rep3__v0,1,HPO,-0.008352690669763851,-0.007655826558265466,,0.0006968641114983853,matched_gp_improvement,valid,gp_linear_smooth_exponential_tail,True
1b50a3bc5d02f51503df,development,hpo_bayesmark_wine_random_forest,hpo__rep3__v0,0,HPO,-0.09852216748768472,-0.027832512315270952,,0.07068965517241377,matched_gp_improvement,valid,gp_linear_smooth_exponential_tail,True
c8f1008ca07189e3b549,development,hpo_bayesmark_wine_random_forest,hpo__rep3__v0,1,HPO,-0.041871921182266014,-0.02783251231527084,,0.014039408866995173,matched_gp_improvement,valid,gp_linear_smooth_exponential_tail,True
ef8c5f6c42e3934b0004,development,hpo_bayesmark_digits_random_forest,hpo__rep3__v0,0,HPO,-0.34933701122725513,-0.1002250290360045,,0.24911198219125064,matched_gp_improvement,valid,gp_linear_smooth_exponential_tail,True
940a01091fd2d061e8e5,development,hpo_bayesmark_digits_random_forest,hpo__rep3__v0,1,HPO,-0.13848964382500972,-0.13430845915602008,,0.004181184668989646,matched_gp_improvement,valid,gp_linear_smooth_exponential_tail,True
320d26601e0e88a375a4,development,hpo_bayesmark_iris_svm,hpo__rep3__v1,0,HPO,-0.050000000000000044,-0.04166666666666663,,0.008333333333333415,matched_gp_improvement,valid,gp_linear_smooth_exponential_tail,True
6f5e600be5717765be54,development,hpo_bayesmark_iris_svm,hpo__rep3__v1,1,HPO,-0.07499999999999996,-0.04166666666666663,,0.033333333333333326,matched_gp_improvement,valid,gp_linear_smooth_exponential_tail,True
3ca97d0b78014030de99,development,hpo_bayesmark_digits_svm,hpo__rep3__v1,0,HPO,-0.008352690669763851,-0.007655826558265466,,0.0006968641114983853,matched_gp_improvement,valid,gp_linear_smooth_exponential_tail,True
716b0305c2e2241a914d,development,hpo_bayesmark_digits_svm,hpo__rep3__v1,1,HPO,-0.008352690669763851,-0.007655826558265466,,0.0006968641114983853,matched_gp_improvement,valid,gp_linear_smooth_exponential_tail,True
1909ff6c40431d41d603,development,hpo_bayesmark_wine_random_forest,hpo__rep3__v1,0,HPO,-0.09852216748768472,-0.027832512315270952,,0.07068965517241377,matched_gp_improvement,valid,gp_linear_smooth_exponential_tail,True
59592efc36570a353e9b,development,hpo_bayesmark_wine_random_forest,hpo__rep3__v1,1,HPO,-0.041871921182266014,-0.02783251231527084,,0.014039408866995173,matched_gp_improvement,valid,gp_linear_smooth_exponential_tail,True
48878f10daad71992b71,development,hpo_bayesmark_digits_random_forest,hpo__rep3__v1,0,HPO,-0.34933701122725513,-0.1002250290360045,,0.24911198219125064,matched_gp_improvement,valid,gp_linear_smooth_exponential_tail,True
46a03cef512322d79dd8,development,hpo_bayesmark_digits_random_forest,hpo__rep3__v1,1,HPO,-0.13848964382500972,-0.13430845915602008,,0.004181184668989646,matched_gp_improvement,valid,gp_linear_smooth_exponential_tail,True
57b0ab5621102bc7a0a1,development,hpo_bayesmark_iris_svm,hpo__rep3__v2,0,HPO,-0.050000000000000044,-0.04166666666666663,,0.008333333333333415,matched_gp_improvement,valid,gp_linear_smooth_exponential_tail,True
a2aafa30bbb99a969ac0,development,hpo_bayesmark_iris_svm,hpo__rep3__v2,1,HPO,-0.07499999999999996,-0.04166666666666663,,0.033333333333333326,matched_gp_improvement,valid,gp_linear_smooth_exponential_tail,True
b27841570f9c23963616,development,hpo_bayesmark_digits_svm,hpo__rep3__v2,0,HPO,-0.008352690669763851,-0.007655826558265466,,0.0006968641114983853,matched_gp_improvement,valid,gp_linear_smooth_exponential_tail,True
cda48ec6b79cc2043a1e,development,hpo_bayesmark_digits_svm,hpo__rep3__v2,1,HPO,-0.008352690669763851,-0.007655826558265466,,0.0006968641114983853,matched_gp_improvement,valid,gp_linear_smooth_exponential_tail,True
f99e840369a9890125c2,development,hpo_bayesmark_wine_random_forest,hpo__rep3__v2,0,HPO,-0.09852216748768472,-0.027832512315270952,,0.07068965517241377,matched_gp_improvement,valid,gp_linear_smooth_exponential_tail,True
899053ab50d686ca36f1,development,hpo_bayesmark_wine_random_forest,hpo__rep3__v2,1,HPO,-0.041871921182266014,-0.02783251231527084,,0.014039408866995173,matched_gp_improvement,valid,gp_linear_smooth_exponential_tail,True
6f6f4dcce84765b80606,development,hpo_bayesmark_digits_random_forest,hpo__rep3__v2,0,HPO,-0.34933701122725513,-0.1002250290360045,,0.24911198219125064,matched_gp_improvement,valid,gp_linear_smooth_exponential_tail,True
9f6797038d25cc5e4cdf,development,hpo_bayesmark_digits_random_forest,hpo__rep3__v2,1,HPO,-0.13848964382500972,-0.13430845915602008,,0.004181184668989646,matched_gp_improvement,valid,gp_linear_smooth_exponential_tail,True
0979985c756aa9c783f8,development,hpo_bayesmark_iris_svm,hpo__rep3__v3,0,HPO,-0.050000000000000044,-0.04166666666666663,,0.008333333333333415,matched_gp_improvement,valid,gp_linear_smooth_exponential_tail,True
994074a1e3d17333c086,development,hpo_bayesmark_iris_svm,hpo__rep3__v3,1,HPO,-0.07499999999999996,-0.04166666666666663,,0.033333333333333326,matched_gp_improvement,valid,gp_linear_smooth_exponential_tail,True
2c705364cd8cc8115699,development,hpo_bayesmark_digits_svm,hpo__rep3__v3,0,HPO,-0.008352690669763851,-0.007655826558265466,,0.0006968641114983853,matched_gp_improvement,valid,gp_linear_smooth_exponential_tail,True
1de8630859dcc2e50c9f,development,hpo_bayesmark_digits_svm,hpo__rep3__v3,1,HPO,-0.008352690669763851,-0.007655826558265466,,0.0006968641114983853,matched_gp_improvement,valid,gp_linear_smooth_exponential_tail,True
a6f74affe4944a71dc9d,development,hpo_bayesmark_wine_random_forest,hpo__rep3__v3,0,HPO,-0.09852216748768472,-0.027832512315270952,,0.07068965517241377,matched_gp_improvement,valid,gp_linear_smooth_exponential_tail,True
e01f7e376d9506a5e401,development,hpo_bayesmark_wine_random_forest,hpo__rep3__v3,1,HPO,-0.041871921182266014,-0.02783251231527084,,0.014039408866995173,matched_gp_improvement,valid,gp_linear_smooth_exponential_tail,True
4baa8af8c504f2fd3dee,development,hpo_bayesmark_digits_random_forest,hpo__rep3__v3,0,HPO,-0.34933701122725513,-0.1002250290360045,,0.24911198219125064,matched_gp_improvement,valid,gp_linear_smooth_exponential_tail,True
b57d62d339fec2158b70,development,hpo_bayesmark_digits_random_forest,hpo__rep3__v3,1,HPO,-0.13848964382500972,-0.13430845915602008,,0.004181184668989646,matched_gp_improvement,valid,gp_linear_smooth_exponential_tail,True
067316b970b9cdc06172,development,hpo_bayesmark_iris_svm,hpo__rep3__v4,0,HPO,-0.050000000000000044,-0.04166666666666663,,0.008333333333333415,matched_gp_improvement,valid,gp_linear_smooth_exponential_tail,True
5c570c948a253d4578d3,development,hpo_bayesmark_iris_svm,hpo__rep3__v4,1,HPO,-0.07499999999999996,-0.04166666666666663,,0.033333333333333326,matched_gp_improvement,valid,gp_linear_smooth_exponential_tail,True
4f7d88a102140fd8a579,development,hpo_bayesmark_digits_svm,hpo__rep3__v4,0,HPO,-0.008352690669763851,-0.007655826558265466,,0.0006968641114983853,matched_gp_improvement,valid,gp_linear_smooth_exponential_tail,True
491bf04d51ebf5b90723,development,hpo_bayesmark_digits_svm,hpo__rep3__v4,1,HPO,-0.008352690669763851,-0.007655826558265466,,0.0006968641114983853,matched_gp_improvement,valid,gp_linear_smooth_exponential_tail,True
e89f39dc64b92f9a7e16,development,hpo_bayesmark_wine_random_forest,hpo__rep3__v4,0,HPO,-0.09852216748768472,-0.027832512315270952,,0.07068965517241377,matched_gp_improvement,valid,gp_linear_smooth_exponential_tail,True
bc0c6aa74013a46aa941,development,hpo_bayesmark_wine_random_forest,hpo__rep3__v4,1,HPO,-0.041871921182266014,-0.02783251231527084,,0.014039408866995173,matched_gp_improvement,valid,gp_linear_smooth_exponential_tail,True
4a4d46cb62aba7f2a3bd,development,hpo_bayesmark_digits_random_forest,hpo__rep3__v4,0,HPO,-0.34933701122725513,-0.1002250290360045,,0.24911198219125064,matched_gp_improvement,valid,gp_linear_smooth_exponential_tail,True
a08ce24268c53c689f59,development,hpo_bayesmark_digits_random_forest,hpo__rep3__v4,1,HPO,-0.13848964382500972,-0.13430845915602008,,0.004181184668989646,matched_gp_improvement,valid,gp_linear_smooth_exponential_tail,True
f586d33f0117988cfda2,development,hpo_bayesmark_iris_svm,hpo__rep3__v5,0,HPO,-0.050000000000000044,-0.04166666666666663,,0.008333333333333415,matched_gp_improvement,valid,gp_linear_smooth_exponential_tail,True
b420dc84b41f30b743f2,development,hpo_bayesmark_iris_svm,hpo__rep3__v5,1,HPO,-0.07499999999999996,-0.04166666666666663,,0.033333333333333326,matched_gp_improvement,valid,gp_linear_smooth_exponential_tail,True
2e94c96d2bc1cf95c297,development,hpo_bayesmark_digits_svm,hpo__rep3__v5,0,HPO,-0.008352690669763851,-0.007655826558265466,,0.0006968641114983853,matched_gp_improvement,valid,gp_linear_smooth_exponential_tail,True
2268da1227346a899556,development,hpo_bayesmark_digits_svm,hpo__rep3__v5,1,HPO,-0.008352690669763851,-0.007655826558265466,,0.0006968641114983853,matched_gp_improvement,valid,gp_linear_smooth_exponential_tail,True
17546d21f3fe8d8bf07f,development,hpo_bayesmark_wine_random_forest,hpo__rep3__v5,0,HPO,-0.09852216748768472,-0.027832512315270952,,0.07068965517241377,matched_gp_improvement,valid,gp_linear_smooth_exponential_tail,True
1434a177ec19e97b33db,development,hpo_bayesmark_wine_random_forest,hpo__rep3__v5,1,HPO,-0.041871921182266014,-0.02783251231527084,,0.014039408866995173,matched_gp_improvement,valid,gp_linear_smooth_exponential_tail,True
7b2da2080189dde09c3d,development,hpo_bayesmark_digits_random_forest,hpo__rep3__v5,0,HPO,-0.34933701122725513,-0.1002250290360045,,0.24911198219125064,matched_gp_improvement,valid,gp_linear_smooth_exponential_tail,True
b91e45920a3bb5a9cd6f,development,hpo_bayesmark_digits_random_forest,hpo__rep3__v5,1,HPO,-0.13848964382500972,-0.13430845915602008,,0.004181184668989646,matched_gp_improvement,valid,gp_linear_smooth_exponential_tail,True
eae3c393294879442bab,development,hpo_bayesmark_iris_svm,hpo__rep3__v6,0,HPO,-0.050000000000000044,-0.04166666666666663,,0.008333333333333415,matched_gp_improvement,valid,gp_linear_smooth_exponential_tail,True
9e31718a6115d349cbe7,development,hpo_bayesmark_iris_svm,hpo__rep3__v6,1,HPO,-0.07499999999999996,-0.04166666666666663,,0.033333333333333326,matched_gp_improvement,valid,gp_linear_smooth_exponential_tail,True
61d883d594da26f4b88c,development,hpo_bayesmark_digits_svm,hpo__rep3__v6,0,HPO,-0.008352690669763851,-0.007655826558265466,,0.0006968641114983853,matched_gp_improvement,valid,gp_linear_smooth_exponential_tail,True
e746736db0bcb72db980,development,hpo_bayesmark_digits_svm,hpo__rep3__v6,1,HPO,-0.008352690669763851,-0.007655826558265466,,0.0006968641114983853,matched_gp_improvement,valid,gp_linear_smooth_exponential_tail,True
bd29932ef5ae0dc6f536,development,hpo_bayesmark_wine_random_forest,hpo__rep3__v6,0,HPO,-0.09852216748768472,-0.027832512315270952,,0.07068965517241377,matched_gp_improvement,valid,gp_linear_smooth_exponential_tail,True
ff27c6a3dafc13028959,development,hpo_bayesmark_wine_random_forest,hpo__rep3__v6,1,HPO,-0.041871921182266014,-0.02783251231527084,,0.014039408866995173,matched_gp_improvement,valid,gp_linear_smooth_exponential_tail,True
fc47272a452ce7a6c490,development,hpo_bayesmark_digits_random_forest,hpo__rep3__v6,0,HPO,-0.34933701122725513,-0.1002250290360045,,0.24911198219125064,matched_gp_improvement,valid,gp_linear_smooth_exponential_tail,True
764f00507555eac1117d,development,hpo_bayesmark_digits_random_forest,hpo__rep3__v6,1,HPO,-0.13848964382500972,-0.13430845915602008,,0.004181184668989646,matched_gp_improvement,valid,gp_linear_smooth_exponential_tail,True
